run_id,admissible,profile,group,memo_len,memo_chunks,hash_inputs,poseidon_permutations,memo_inputs,plain_inputs,total_memo_bytes,total_poseidon_permutations,control,sample_count,total_iters,mean_ns,mean_se_ns,mean_ci_lo_ns,mean_ci_hi_ns,median_ns,median_abs_dev_ns,std_dev_ns,slope_ns,min_iter_ns,max_iter_ns,rel_std_dev
acceptance-1,false,acceptance,zswap_memo_aggregate,,,,,0,,0,0,,100,133097800.0,15.118722925492273,0.02745752642586136,15.068318689174301,15.175829215703088,15.081861531358772,0.119784807404431,0.27638652275726666,15.196008582893024,14.469452546074814,16.626498709971163,0.01828107599559487
acceptance-1,false,acceptance,zswap_memo_aggregate,,,,,1,,1,2,,100,30300.0,74506.9947696623,127.71269377724097,74269.36820336436,74771.6051863253,74418.44494190384,504.3420536510387,1291.8739575688473,74736.08371410276,69916.14102564103,81284.66666666667,0.017338962087555188
acceptance-1,false,acceptance,zswap_memo_aggregate,,,,,2,,32,4,,100,15150.0,149289.53728724062,312.75712409587095,148720.36069854483,149939.57452018853,148908.57246376813,1027.2330260850626,3138.4258173019552,149194.88485099256,141886.58333333334,165500.0,0.021022409703524404
acceptance-1,false,acceptance,zswap_memo_aggregate,,,,,256,,33600,960,,100,100.0,23694457.54,37164.29660518747,23627426.8955,23773195.99375,23675938.0,197340.72819650173,372395.16245592415,,22998292.0,26155167.0,0.01571655151113977
acceptance-1,false,acceptance,zswap_memo_control,0,,,,,,,,absent_statement_value,100,137102450.0,14.553657091406299,0.027733539649469976,14.501470518554672,14.60986863279781,14.498445051157596,0.2049602869168502,0.27841825549560373,14.597610131214493,14.192797370582838,15.53131183121516,0.01913046691611315
acceptance-1,false,acceptance,zswap_memo_control,0,,,,,,,,timer_floor,100,5375129100.0,0.3857541420175239,0.0037346878558805374,0.3795797304801614,0.3940759036507061,0.3782698577933278,0.016791098711654538,0.03736515627181163,0.3940052100024577,0.35367500812678154,0.6873559333198682,0.09686261844497375
acceptance-1,false,acceptance,zswap_memo_control,0,,,,,,,,transient_hash_anchor,100,55550.0,36330.01085097686,119.09929792636568,36106.62365640477,36573.769919821396,36122.79963169242,825.1330748941001,1196.6263182465395,36011.87587167672,34063.75,42702.65909090909,0.032937681278296785
acceptance-1,false,acceptance,zswap_memo_statement,1,1,3,2,,,,,,100,30300.0,78665.8463459809,173.40043804627632,78339.9916518261,79019.20754828968,78168.62163299663,1283.0490772213275,1738.9390958616398,78578.46777350869,76456.85815602836,85587.94444444444,0.022105388508929246
acceptance-1,false,acceptance,zswap_memo_statement,2,1,3,2,,,,,,100,30300.0,76317.57948853147,231.55316774151558,75940.60493189521,76832.73513281875,75934.8336940837,393.9456029018984,2316.1462014166173,76057.71878528151,72782.125,95192.88888888889,0.030348790107588165
acceptance-1,false,acceptance,zswap_memo_statement,3,1,3,2,,,,,,100,30300.0,78816.4517489473,204.45117650284087,78451.51625897975,79250.35170573296,78362.60648148149,1435.6363284885883,2056.32750248041,78586.58821289592,76804.16666666667,92265.93137254902,0.026090079632490885
acceptance-1,false,acceptance,zswap_memo_statement,4,1,3,2,,,,,,100,30300.0,77963.80560871377,119.38783918239372,77739.84658792338,78206.40405229945,77595.81547619047,839.2576129987541,1197.639069983359,78063.20419880794,76055.5,82625.0,0.015361475246527763
acceptance-1,false,acceptance,zswap_memo_statement,5,1,3,2,,,,,,100,30300.0,78430.7641450038,144.317991347835,78154.1129215789,78719.17303410082,77845.01769690929,1107.6737707137424,1450.5508273524506,78959.52891877247,76430.54166666667,82339.0350877193,0.01849466651466832
acceptance-1,false,acceptance,zswap_memo_statement,6,1,3,2,,,,,,100,25250.0,78850.17976187481,155.4509921412176,78553.51291994087,79165.37330340105,78292.69023017903,1045.1300913622101,1559.3994428520589,78588.88329185755,77160.336,84266.6,0.019776739223187553
acceptance-1,false,acceptance,zswap_memo_statement,7,1,3,2,,,,,,100,25250.0,80011.50804951279,911.5004877051383,78788.7026630227,82058.72634380995,78766.15102040817,1987.1635518054459,9162.290340913296,82004.96226274568,75421.64,167785.63218390805,0.11451215661681416
acceptance-1,false,acceptance,zswap_memo_statement,8,1,3,2,,,,,,100,25250.0,79153.50123652769,167.4641519722129,78829.37052866665,79485.19638887815,78950.61595959596,1910.9248899513116,1681.375541939973,79562.10163381114,76311.1,85384.18,0.021241960439825156
acceptance-1,false,acceptance,zswap_memo_statement,9,1,3,2,,,,,,100,25250.0,78592.71795649435,228.52317840868164,78160.55485067976,79054.67764607612,77346.35026529338,1064.2381884299557,2293.6851707071723,78066.78427190779,76480.84415584416,87991.6,0.029184449022069205
acceptance-1,false,acceptance,zswap_memo_statement,10,1,3,2,,,,,,100,30300.0,78116.59098625937,142.98920132718285,77852.8967260451,78413.22688849004,77578.02281746031,787.6450199984818,1436.9997857533353,78423.30684793853,76027.77777777778,86159.66666666667,0.01839557727251695
acceptance-1,false,acceptance,zswap_memo_statement,11,1,3,2,,,,,,100,25250.0,85930.89424580632,755.7816794392596,84622.53894864391,87558.34059987206,84232.06718146718,1871.036994964271,7603.317777938039,83903.74023880597,80472.1,135413.88333333333,0.08848177183154478
acceptance-1,false,acceptance,zswap_memo_statement,12,1,3,2,,,,,,100,25250.0,80264.85571941904,352.00548791397006,79631.37822050846,81001.12719170442,79101.45102040816,1303.7314147387497,3552.375727131777,81016.49464518989,75834.8875,100511.54583333334,0.044258171216924345
acceptance-1,false,acceptance,zswap_memo_statement,13,1,3,2,,,,,,100,25250.0,79700.02132462886,132.35870491797755,79448.88089193084,79967.52948811473,79664.65596114218,780.9945022360796,1332.942586667573,79980.76938022758,76449.084,86388.91702127659,0.016724494730538646
acceptance-1,false,acceptance,zswap_memo_statement,14,1,3,2,,,,,,100,30300.0,77966.15845702395,182.09226975726145,77628.82080856214,78344.86297957359,77209.6302954292,680.0382707484239,1834.521775811656,77812.22937293729,76216.14583333333,86236.16666666667,0.023529718689716775
acceptance-1,false,acceptance,zswap_memo_statement,15,1,3,2,,,,,,100,25250.0,81820.57915192687,675.0605600353172,80684.0984660822,83294.16288119166,80292.5195,2058.7968953009013,6776.218719668057,80995.78613211172,77043.96842105263,128749.27931034483,0.08281802438828713
acceptance-1,false,acceptance,zswap_memo_statement,16,1,3,2,,,,,,100,25250.0,79334.82488825763,369.1665876938428,78695.2997141826,80128.41285088226,78483.13452331534,1238.388954617782,3706.846519046269,79876.3340854145,75946.2,103113.26842105263,0.04672407765779187
acceptance-1,false,acceptance,zswap_memo_statement,17,1,3,2,,,,,,100,30300.0,77931.54078764816,147.75271314645443,77655.54398923543,78235.60241047207,77345.21945128626,662.9575306922198,1484.625425615679,78173.01577557756,76449.40476190476,84103.36979166667,0.01905037948192327
acceptance-1,false,acceptance,zswap_memo_statement,18,1,3,2,,,,,,100,30300.0,77526.48879170512,140.67282587479087,77270.36414857657,77819.06513982639,77070.9932795699,534.773060694515,1413.5286275788822,77091.80553765825,75841.82154882155,85878.47115384616,0.018232847244980883
acceptance-1,false,acceptance,zswap_memo_statement,19,1,3,2,,,,,,100,30300.0,76858.8106927649,149.55288834572795,76575.94904261033,77160.3768367975,76224.46766934046,640.2254202788619,1503.408514801821,77051.98242697403,74883.89181286549,81018.46341463414,0.019560652854902216
acceptance-1,false,acceptance,zswap_memo_statement,20,1,3,2,,,,,,100,30300.0,78462.71472243204,164.35316671225684,78155.04637222172,78796.51753822014,77990.93846153846,1258.8408807280282,1654.099894089037,78401.05977833604,76168.98148148147,84084.0,0.021081349274499922
acceptance-1,false,acceptance,zswap_memo_statement,21,1,3,2,,,,,,100,30300.0,76397.55641450101,180.21784363447946,76099.20669063418,76795.2832724757,75970.06439393939,401.3525998675656,1808.9698889383742,76218.08995024876,73876.30208333333,90833.675,0.02367837367891277
acceptance-1,false,acceptance,zswap_memo_statement,22,1,3,2,,,,,,100,30300.0,79660.95559409405,385.22007814439775,78948.983997991,80451.1329411173,78134.07065217392,1522.2320674194234,3865.289276335499,80605.98072114674,76471.46296296296,93912.71296296296,0.048521753819157874
acceptance-1,false,acceptance,zswap_memo_statement,23,1,3,2,,,,,,100,25250.0,80194.30119525237,205.10347703600254,79807.3404789611,80611.63772489208,79775.86914983165,1390.2593063013433,2068.29414650665,79578.56834638688,75628.71111111112,89090.57391304348,0.025791036466180924
acceptance-1,false,acceptance,zswap_memo_statement,24,1,3,2,,,,,,100,30300.0,76848.06799560942,155.48821745390396,76587.9155610214,77189.70153521716,76482.42592592593,688.7977584658358,1558.3920877202097,76777.00251416187,75262.97368421052,89224.68817204301,0.020278871393477917
acceptance-1,false,acceptance,zswap_memo_statement,25,1,3,2,,,,,,100,30300.0,79679.7892564292,604.402645224984,78709.26654723377,81030.00641340618,78296.32537453184,1489.0243566579336,6065.926646797105,81497.31780552682,76447.04166666667,128150.36904761905,0.07612879882595394
acceptance-1,false,acceptance,zswap_memo_statement,26,1,3,2,,,,,,100,30300.0,76076.58105481399,129.1101639263622,75848.47496520431,76354.88829968833,75988.90321729958,694.1434594880836,1301.0223301271888,76009.88969705926,72796.53333333334,85882.0,0.0171014826387872
acceptance-1,false,acceptance,zswap_memo_statement,27,1,3,2,,,,,,100,25250.0,78848.25020466436,217.3361430259139,78450.12130659998,79296.9773964266,78266.519045617,1075.7524225364912,2186.90784024656,78428.1152386582,76498.77647058823,88316.8,0.02773565468567863
acceptance-1,false,acceptance,zswap_memo_statement,28,1,3,2,,,,,,100,25250.0,78731.15958006572,201.28885952242308,78356.850118567,79146.37162768956,78143.72831991952,1446.0756694698794,2019.2134044424192,78577.14884114084,76396.81818181818,89582.97101449275,0.025646940997852044
acceptance-1,false,acceptance,zswap_memo_statement,29,1,3,2,,,,,,100,30300.0,76746.23087911004,189.4058921303429,76401.36857528913,77140.39710585825,76146.26610644258,546.5521974863045,1907.6825497033706,76441.71817447417,74432.54285714286,86687.5,0.024857019398233832
acceptance-1,false,acceptance,zswap_memo_statement,30,1,3,2,,,,,,100,30300.0,80956.08778217183,413.67744619669975,80172.8458650375,81795.73444493389,79966.59177489177,3414.6692954672485,4167.845339152252,83893.74475690852,74715.29166666667,94663.58024691358,0.05148279089729056
acceptance-1,false,acceptance,zswap_memo_statement,31,1,3,2,,,,,,100,30300.0,78547.7214196407,208.042101055003,78170.89030470488,78988.03090880375,78103.36614088158,1437.706541670781,2095.546234842814,78501.94139845327,76612.78735632185,91918.45238095238,0.02667863811920618
acceptance-1,false,acceptance,zswap_memo_statement,32,2,4,2,,,,,,100,25250.0,84949.02737286099,410.52137389496727,84179.61717725715,85789.50572243134,84283.3326923077,2842.5014941509007,4123.132461456282,85619.85965893306,79242.5,101098.3,0.04853654702082576
acceptance-1,false,acceptance,zswap_memo_statement,33,2,4,2,,,,,,100,30300.0,74479.97328372714,205.17623304780676,74133.6943985013,74929.52905336717,74097.25543900544,622.8037607110319,2061.9141638458022,74292.61227131668,71731.52515723271,90175.0992063492,0.027684142098051777
acceptance-1,false,acceptance,zswap_memo_statement,34,2,4,2,,,,,,100,25250.0,79816.00372724899,153.12009542532164,79537.48671013262,80135.66454088874,79400.85037593986,582.5026187494198,1540.0161449160141,79498.7149513817,77733.3294117647,86486.88571428572,0.019294578442922674
acceptance-1,false,acceptance,zswap_memo_statement,35,2,4,2,,,,,,100,30300.0,79939.76946369902,407.1272768353191,79206.74332232794,80798.69517145141,78716.0360267763,979.0498839757195,4087.489273893862,79481.55559529088,77613.51234567902,99743.55158730158,0.05113211235554048
acceptance-1,false,acceptance,zswap_memo_statement,36,2,4,2,,,,,,100,30300.0,78356.68817640621,148.8197353177094,78076.32942365145,78659.37073339941,77991.73156498674,1271.9910095277428,1494.2101690035065,78134.06572533373,76500.62878787878,84582.34285714285,0.019069337969460334
acceptance-1,false,acceptance,zswap_memo_statement,37,2,4,2,,,,,,100,25250.0,82006.71641300469,437.6627894372428,81280.42028502436,82974.88177061437,81359.27205882352,2027.553445099998,4378.4116191894955,81752.84383449091,77637.69302325581,117085.1888888889,0.053390890535585
acceptance-1,false,acceptance,zswap_memo_statement,38,2,4,2,,,,,,100,30300.0,78229.64767240098,125.34080063211951,77998.71813632063,78490.29093051395,78017.29822363291,917.8898958544521,1259.0871442656573,78657.13586276538,75953.125,84972.85454545454,0.016094756677650958
acceptance-1,false,acceptance,zswap_memo_statement,39,2,4,2,,,,,,100,25250.0,79404.61319516494,193.84337759171535,79050.29584104575,79808.25031208852,79247.92034632034,1234.1956678671477,1951.558567191811,78892.77956376533,76681.8701754386,91691.7,0.024577395300637826
acceptance-1,false,acceptance,zswap_memo_statement,40,2,4,2,,,,,,100,30300.0,81075.8140730374,442.46192841094876,80260.52327720054,81996.74830139136,79391.26419413919,1307.8199692815585,4437.1927670275545,80676.55937737058,77552.53623188406,97503.125,0.05472893263865714
acceptance-1,false,acceptance,zswap_memo_statement,41,2,4,2,,,,,,100,30300.0,74688.72808071302,129.28053218725645,74454.40328756419,74961.47116097198,74608.62943262412,369.9556443167956,1298.7818455870845,74447.59560021674,72063.3137254902,83118.0,0.017389261793071972
acceptance-1,false,acceptance,zswap_memo_statement,42,2,4,2,,,,,,100,30300.0,78691.994937638,142.1094700794708,78421.07439238031,78977.53867844732,78491.15267052766,1360.6198541997264,1429.443506241951,78447.81730604403,76589.40909090909,83326.33333333333,0.018165043437706203
acceptance-1,false,acceptance,zswap_memo_statement,43,2,4,2,,,,,,100,25250.0,86875.50241033036,1256.3148842571977,84583.37583347393,89510.82839060317,83109.96660703637,4468.046346550688,12645.200554103583,85233.63700783212,76765.0,142221.66666666666,0.14555542360351223
acceptance-1,false,acceptance,zswap_memo_statement,44,2,4,2,,,,,,100,30300.0,76810.77121727113,218.58572273757696,76416.10751718728,77272.89437205168,76178.03437223696,528.8060024173719,2202.3731402997605,76561.24121225555,74402.75,86760.01550387597,0.028672712243312956
acceptance-1,false,acceptance,zswap_memo_statement,45,2,4,2,,,,,,100,30300.0,75504.71852336585,131.0602045021689,75254.2965754322,75768.40938274922,75077.22823848238,807.0998519155619,1319.0657686470672,74928.5750623122,73585.53055555555,78774.25,0.017469977962223198
acceptance-1,false,acceptance,zswap_memo_statement,46,2,4,2,,,,,,100,30300.0,76267.84463751725,120.88696368569012,76052.75876318243,76523.42290166787,76009.2077294686,328.76879735468214,1219.4386192089116,76185.50285355402,73789.23333333334,83187.5,0.01598889577914009
acceptance-1,false,acceptance,zswap_memo_statement,47,2,4,2,,,,,,100,30300.0,76625.96519573966,310.59564825689176,76170.93539976,77338.13061254207,76190.80738993711,519.5001880068714,3112.578129864349,77142.71560809812,72802.88461538461,105075.86050724638,0.04062041009093098
acceptance-1,false,acceptance,zswap_memo_statement,48,2,4,2,,,,,,100,30300.0,75718.97911136772,364.4832895086926,75087.74089743459,76503.73472919525,74712.85233410494,972.2154960376038,3660.9589229930725,76485.57976109552,72804.6875,100413.01851851853,0.04834929057361593
acceptance-1,false,acceptance,zswap_memo_statement,49,2,4,2,,,,,,100,30300.0,77476.61145809763,361.523365221411,76844.80213079618,78254.73439779071,76498.87205387205,795.5539759867013,3614.0288411581364,77084.04007930643,75490.38461538461,98751.32978723405,0.04664670760817597
acceptance-1,false,acceptance,zswap_memo_statement,50,2,4,2,,,,,,100,30300.0,74857.95892755665,135.34279596284938,74609.79757316622,75140.52900929633,74652.89733599129,629.0379435683132,1354.5162353686267,74727.93226639082,70940.76470588235,82340.33333333333,0.018094485272827858
acceptance-1,false,acceptance,zswap_memo_statement,51,2,4,2,,,,,,100,30300.0,74736.55492924369,91.49004560619198,74563.8866581661,74922.10192324607,74680.47658569501,402.1981421651072,920.9204535596715,74501.60552780652,72778.9375,78562.5,0.01232222243093151
acceptance-1,false,acceptance,zswap_memo_statement,52,2,4,2,,,,,,100,25250.0,78115.30173598268,209.0244325702402,77728.35324333033,78546.21033585774,77637.783125,1744.3997327541933,2107.061908803034,77857.72646963203,74724.17,89266.6,0.026973740892975984
acceptance-1,false,acceptance,zswap_memo_statement,53,2,4,2,,,,,,100,30300.0,78629.48096618353,181.23337294992956,78295.38666841801,79004.12580080086,78075.80660974067,1059.5893056749594,1817.3431172179357,78610.67553815083,76173.58333333333,88269.94973544973,0.02311274467142327
acceptance-1,false,acceptance,zswap_memo_statement,54,2,4,2,,,,,,100,30300.0,75166.38766608143,137.7731756099957,74925.7986249553,75462.08748332041,74954.95287698413,555.7548161700231,1382.7207654773213,75016.77270676321,73242.01666666666,84312.5,0.018395466489887862
acceptance-1,false,acceptance,zswap_memo_statement,55,2,4,2,,,,,,100,25250.0,81671.66496268912,356.0611084203077,81001.5322442228,82395.28677433786,80550.51809523809,2323.5812283481805,3583.9574918052163,80838.91652785578,77625.0,94096.12857142858,0.043882508008652836
acceptance-1,false,acceptance,zswap_memo_statement,56,2,4,2,,,,,,100,30300.0,78895.45681141966,246.4112825547367,78472.29356857251,79430.37499761407,78426.92602575621,1459.9617399610029,2487.25251641813,78235.3646987833,76638.02083333333,98063.63888888889,0.03152592832263207
acceptance-1,false,acceptance,zswap_memo_statement,57,2,4,2,,,,,,100,30300.0,78274.20408866504,119.95595619210211,78037.67742629712,78507.64855961614,78498.09619047618,1274.9245093827433,1203.659492789595,77664.86543914092,75895.41666666667,81097.22222222222,0.015377473419290867
acceptance-1,false,acceptance,zswap_memo_statement,58,2,4,2,,,,,,100,25250.0,84051.980463863,417.13138811562095,83287.78330828916,84924.02371576572,83586.52063131312,2977.6584603599517,4180.205894486933,84421.36659967489,78050.0,108799.50476190477,0.04973357999915488
acceptance-1,false,acceptance,zswap_memo_statement,59,2,4,2,,,,,,100,30300.0,75916.70999795724,103.92941944100104,75728.17592626197,76135.77255786411,75838.5023148148,337.25728016633303,1046.3550905257646,76002.70301807793,72493.05,82305.5,0.013782935147662746
acceptance-1,false,acceptance,zswap_memo_statement,60,2,4,2,,,,,,100,30300.0,75682.89862909187,173.2822975393599,75380.1630468646,76053.52907560482,75548.0006105006,697.0461015784421,1741.6953351989964,75723.92235210088,73086.10833333334,86055.66666666667,0.023013063277805054
acceptance-1,false,acceptance,zswap_memo_statement,61,2,4,2,,,,,,100,30300.0,78193.60013884107,128.52630088604448,77951.99203182702,78457.06445418822,77975.09618664718,1038.7754216064427,1294.3569673887644,78380.26575094822,76079.16666666667,84604.16666666667,0.01655323408936915
acceptance-1,false,acceptance,zswap_memo_statement,62,2,4,2,,,,,,100,30300.0,74722.43203506694,108.57123946330867,74530.66005733328,74955.74214594638,74694.42733990148,484.1847658276496,1091.714216724158,74565.44483670755,72421.875,82736.16666666667,0.014610260760942856
acceptance-1,false,acceptance,zswap_memo_statement,63,3,5,3,,,,,,100,25250.0,87740.88716996858,247.19985331369782,87318.96484564304,88278.97742420669,87493.08785374055,1337.0959391385118,2490.7773654905995,87742.97885621397,84785.75483870968,107191.8,0.028387875320493996
acceptance-1,false,acceptance,zswap_memo_statement,64,3,5,3,,,,,,100,25250.0,87684.77665812726,196.40435554609397,87319.38278118888,88089.5090708023,87392.59470588235,1147.9488962994756,1976.9450768824888,87626.13990187676,81891.6,98775.22105263158,0.022546046785183335
acceptance-1,false,acceptance,zswap_memo_statement,65,3,5,3,,,,,,100,25250.0,86322.15480097372,176.21150733602664,85999.71568596376,86687.2935615442,85902.8880834161,1210.4610387439147,1773.257778478863,85822.4168967046,84161.5,95687.25294117647,0.020542325230033073
acceptance-1,false,acceptance,zswap_memo_statement,66,3,5,3,,,,,,100,25250.0,93689.56158298811,663.6914159569725,92468.60290783056,95055.40805042515,91416.86720029783,2992.3044782724673,6692.310620291014,91712.3819163588,87721.43958333334,123340.5172413793,0.07143069630401798
acceptance-1,false,acceptance,zswap_memo_statement,67,3,5,3,,,,,,100,25250.0,88123.67325435014,204.01098309313795,87749.1719666441,88551.35381874455,87613.84479166666,1307.7253338257085,2054.044522152895,88217.16506103148,85360.41875,99615.53580246914,0.023308657552486883
acceptance-1,false,acceptance,zswap_memo_statement,68,3,5,3,,,,,,100,25250.0,89839.03103074041,247.91422577399396,89375.80522049271,90349.38541905516,89092.64174226805,1751.654560453644,2491.9617033754034,90128.54733619034,87100.0,102419.40298507463,0.02773807413976586
acceptance-1,false,acceptance,zswap_memo_statement,69,3,5,3,,,,,,100,25250.0,92215.1642801782,1046.2664983346895,90325.85153689481,94409.4677076293,88320.62915282391,1166.55907928944,10553.17049332357,90461.19138879859,86248.4909090909,152122.1275862069,0.11444072757122434
acceptance-1,false,acceptance,zswap_memo_statement,70,3,5,3,,,,,,100,25250.0,89802.44458595362,124.45033850848053,89578.0958837034,90063.29500110324,89484.04955100575,599.7950856015108,1250.6289254135588,90111.02643948574,88376.12432432432,96364.33823529411,0.01392644633650847
acceptance-1,false,acceptance,zswap_memo_statement,71,3,5,3,,,,,,100,25250.0,89506.48617183002,169.859392648938,89184.12234873358,89850.32843829556,88880.78898050974,1119.689102343595,1706.6912560462079,90116.84391015221,87580.79130434783,95008.33406593406,0.019067794179404924
acceptance-1,false,acceptance,zswap_memo_statement,72,3,5,3,,,,,,100,25250.0,95372.3256794852,3756.5215740867034,91141.37638787413,103292.03508888233,90771.79326542161,2177.9124980038678,37687.469572100956,91952.83600709324,87821.46,467017.1529411765,0.39516148215527486
acceptance-1,false,acceptance,zswap_memo_statement,73,3,5,3,,,,,,100,25250.0,89412.43942953538,216.1906959987441,89001.59236541952,89846.25188279667,88783.46535752979,1685.2985382583347,2170.067593817538,90295.97833722476,86922.91666666667,95874.6,0.024270309675732942
acceptance-1,false,acceptance,zswap_memo_statement,74,3,5,3,,,,,,100,25250.0,86732.24367965387,143.12674354712905,86482.73833757848,87038.77255454546,86543.42764781727,529.5532194412317,1444.4391673016735,86781.0924421457,84633.64444444445,97058.4,0.01665400439353004
acceptance-1,false,acceptance,zswap_memo_statement,75,3,5,3,,,,,,100,25250.0,91129.77037858764,305.69925870472736,90603.25115351539,91792.73320951287,90299.51351010101,1302.4198609531793,3068.7706696108253,91348.70401300429,88152.97142857143,112535.49629629629,0.03367473282179893
acceptance-1,false,acceptance,zswap_memo_statement,76,3,5,3,,,,,,100,25250.0,86971.64448545327,96.15581621057284,86796.77825588959,87173.15043542047,86754.66341639581,473.8334604766613,968.5261527843286,86822.61496793262,85407.664,92941.8,0.011136114057798718
acceptance-1,false,acceptance,zswap_memo_statement,77,3,5,3,,,,,,100,25250.0,88599.4910116031,133.10634152098834,88361.35586683995,88881.48476589147,88126.34649947754,859.9646875246501,1339.3932468530386,88025.04141096497,86432.80425531915,97819.8717948718,0.015117392115465202
acceptance-1,false,acceptance,zswap_memo_statement,78,3,5,3,,,,,,100,25250.0,87419.75324324092,247.79864609168777,87009.16359500702,87966.72097167982,86929.68607954546,666.245608314571,2491.641717047063,87186.73323363381,85431.81818181818,104745.3947368421,0.028502044727971257
acceptance-1,false,acceptance,zswap_memo_statement,79,3,5,3,,,,,,100,25250.0,89419.91943007223,209.02777570106718,89028.47016774691,89844.18970430906,88544.55555555556,1308.1548929105538,2099.502621227041,89568.28421929954,86759.85454545454,97704.39444444445,0.02347913792148834
acceptance-1,false,acceptance,zswap_memo_statement,80,3,5,3,,,,,,100,25250.0,89774.12570798949,385.99971389312174,89039.69939299027,90550.70412637388,87956.92962962962,1919.2233507092644,3882.8730631326953,92313.74610551204,86113.88888888889,102026.22133333333,0.04325158315395476
acceptance-1,false,acceptance,zswap_memo_statement,81,3,5,3,,,,,,100,25250.0,88276.56991508605,237.24343343524995,87846.56993262672,88772.62451454057,87692.90404411765,1176.120304744685,2386.1578065535277,88193.42122890498,86339.10909090909,99378.0612244898,0.027030477156608966
acceptance-1,false,acceptance,zswap_memo_statement,82,3,5,3,,,,,,100,25250.0,88608.83259243114,123.17798540289338,88386.06231665802,88867.08287852432,88261.21805555555,848.2225885016497,1239.7204401753067,88732.05359302498,87284.88372093023,96325.0,0.013990935258989094
acceptance-1,false,acceptance,zswap_memo_statement,83,3,5,3,,,,,,100,25250.0,86099.09486448969,138.72488898670957,85847.14773106291,86389.20732183444,85956.23749999999,562.4316765232886,1396.0839085908751,85953.0474059406,82689.73846153847,93241.6,0.016214850002641196
acceptance-1,false,acceptance,zswap_memo_statement,84,3,5,3,,,,,,100,25250.0,86961.64108772801,113.85478355343642,86756.91920901286,87200.56356661364,86708.6783882784,498.138656540892,1144.701444597605,86776.75392936308,85056.7925925926,94641.6,0.0131632916568676
acceptance-1,false,acceptance,zswap_memo_statement,85,3,5,3,,,,,,100,25250.0,90336.18830471241,221.21732381453066,89912.14151311503,90777.75079435339,89819.13299595141,2321.032722429796,2222.2548590217157,89549.76375291857,87474.15730337078,97300.26451612903,0.024599829821531125
acceptance-1,false,acceptance,zswap_memo_statement,86,3,5,3,,,,,,100,25250.0,90910.30763934611,478.9511106533257,90066.6608694362,91931.56956178835,89570.799375,1789.8437133032269,4814.033019257699,90521.43064282548,87104.16666666667,119083.06451612903,0.052953654478385896
acceptance-1,false,acceptance,zswap_memo_statement,87,3,5,3,,,,,,100,25250.0,92141.19009579261,367.07191477345725,91545.58039485994,92958.38003285861,91268.27709815078,801.1459016388844,3675.504444817231,92668.19591901876,89878.08260869565,122278.42444444445,0.0398899172128781
acceptance-1,false,acceptance,zswap_memo_statement,88,3,5,3,,,,,,100,25250.0,89955.71781387477,339.8193983043354,89333.9643821046,90662.1502729026,88851.67378542511,1722.1547709256402,3416.7869696455914,90245.77727560219,86966.66666666667,106006.17586206897,0.037982988215548276
acceptance-1,false,acceptance,zswap_memo_statement,89,3,5,3,,,,,,100,25250.0,89041.03701265887,219.80606070049993,88629.3216512458,89488.93011806886,88334.70830409357,1186.1791508761157,2201.3615578943227,88733.85838628639,86786.68,97283.2,0.024722999998094783
acceptance-1,false,acceptance,zswap_memo_statement,90,3,5,3,,,,,,100,25250.0,91670.6677556948,222.05689247686854,91283.99287235823,92148.75575761334,91426.34057971014,1060.7775742018603,2232.837486359057,91841.21108910891,87538.86666666667,108100.95625,0.024357163976481976
acceptance-1,false,acceptance,zswap_memo_statement,91,3,5,3,,,,,,100,25250.0,90353.13405428249,348.8071225697343,89762.8848501134,91116.39100967007,89644.99305385558,1470.7841214901682,3497.1066929468143,89651.15109206444,86158.36,117032.58181818182,0.0387048742641934
acceptance-1,false,acceptance,zswap_memo_statement,92,3,5,3,,,,,,100,25250.0,89413.00738992298,229.45001145872462,88987.19063342948,89886.68603304555,88532.5,1317.5989891611282,2310.269318854931,89258.3830424117,86402.5,101033.2,0.02583817932417854
acceptance-1,false,acceptance,zswap_memo_statement,93,3,5,3,,,,,,100,25250.0,87253.14603565562,155.8159726188699,86979.7735490822,87587.41369802185,86865.65148883374,718.6416239791811,1570.7321652344685,87118.62840431505,86078.98208955224,96533.4,0.018002011808177044
acceptance-1,false,acceptance,zswap_memo_statement,94,4,6,3,,,,,,100,25250.0,89337.56300019035,159.01596076549285,89045.66206629413,89667.8873568998,88911.10530303032,1007.1712028607312,1601.734970202397,89227.83951943254,87152.44705882353,98475.0,0.017929020183805378
acceptance-1,false,acceptance,zswap_memo_statement,95,4,6,3,,,,,,100,25250.0,88027.59098005951,129.7720334828129,87796.88888209396,88304.6873881894,87775.39798308394,477.74152697293437,1306.1435668933677,88174.07329097089,86216.93548387097,97050.0,0.01483788835240581
acceptance-1,false,acceptance,zswap_memo_statement,96,4,6,3,,,,,,100,25250.0,89875.73760873024,246.0508853514584,89444.57122227058,90405.79630233203,89150.79325396825,866.9934063476258,2476.659580291488,89567.4641980198,87725.0,107436.10952380953,0.027556486836008046
acceptance-1,false,acceptance,zswap_memo_statement,97,4,6,3,,,,,,100,25250.0,89964.7010896055,225.08047483488414,89549.56458800827,90430.35982697636,89391.85585913782,1370.1331030212466,2263.2913866527538,89803.59757470075,87136.13333333333,102219.73684210527,0.02515754911916507
acceptance-1,false,acceptance,zswap_memo_statement,98,4,6,3,,,,,,100,25250.0,89662.23411166247,208.84172962483973,89303.78650279291,90118.24601458281,89304.84825396826,1051.825959146187,2108.2779985384977,89423.10976740062,87376.01463414634,105807.82424242425,0.023513556397813107
acceptance-1,false,acceptance,zswap_memo_statement,99,4,6,3,,,,,,100,25250.0,85739.83090604657,151.4173423046626,85466.18950940557,86063.28484021463,85743.56358754027,648.3451155623475,1514.7270782585335,85847.22828491207,80159.375,96925.0,0.017666550799690362
acceptance-1,false,acceptance,zswap_memo_statement,100,4,6,3,,,,,,100,25250.0,85990.2270103872,472.8231726682279,85160.91214319931,87003.79958095783,84924.24385964911,620.9285411415487,4750.192155613578,84710.42733737254,80679.16666666667,113308.3,0.05524107006997176
acceptance-1,false,acceptance,zswap_memo_statement,101,4,6,3,,,,,,100,25250.0,89446.98182507308,147.9216197905593,89164.01236836449,89743.8826821078,89155.47843298968,1507.1713107496169,1487.069699017379,89222.2637263189,87372.2,95285.77586206897,0.01662515233801366
acceptance-1,false,acceptance,zswap_memo_statement,102,4,6,3,,,,,,100,25250.0,90542.06309419667,238.91242093934136,90087.44127468108,91022.48005679078,89950.11351351351,2147.3033434447493,2398.5397744324846,89871.7107374021,87524.8,97997.62857142858,0.026490889344294388
acceptance-1,false,acceptance,zswap_memo_statement,103,4,6,3,,,,,,100,25250.0,89505.76037563349,272.03767671658403,89019.88542896645,90079.55949651155,88588.59333333332,1107.8725094222427,2730.8758751447085,88952.89873030885,87456.56565656565,107256.25,0.03051061589426088
acceptance-1,false,acceptance,zswap_memo_statement,104,4,6,3,,,,,,100,25250.0,87690.12683756363,160.33505997970425,87399.02930332768,88027.1381682487,87312.59357142857,716.5726833397109,1608.2456473243503,87279.26186079503,85950.0,96783.4,0.01834009945388093
acceptance-1,false,acceptance,zswap_memo_statement,105,4,6,3,,,,,,100,25250.0,90766.59239619007,97.2712061591921,90584.34776105463,90966.31827847441,90705.71169652266,754.5781868842555,975.8671066556491,90926.14972011231,89110.89230769231,95928.43809523809,0.010751390802422711
acceptance-1,false,acceptance,zswap_memo_statement,106,4,6,3,,,,,,100,25250.0,89271.46688037197,345.57434271976007,88638.041460104,89987.88678208391,88166.47509578544,1710.46122618497,3490.2479438395494,89954.7149348308,86118.75,107366.96428571429,0.03909701571854587
acceptance-1,false,acceptance,zswap_memo_statement,107,4,6,3,,,,,,100,25250.0,86970.4465200212,229.1582165911509,86575.16349881825,87464.27720436313,86522.8488235294,703.733159636673,2297.228556112675,86973.14471228018,83954.96170212766,103531.44528301887,0.026413898606164304
acceptance-1,false,acceptance,zswap_memo_statement,108,4,6,3,,,,,,100,25250.0,89491.76867546752,198.6633541181456,89121.54204817503,89898.7415184226,88994.96274509805,1401.405158696338,1999.0989678015908,89060.88020156643,86593.63529411764,97079.1,0.022338355777178937
acceptance-1,false,acceptance,zswap_memo_statement,109,4,6,3,,,,,,100,25250.0,86835.75621858693,169.18426766988148,86535.00224071098,87198.86519834113,86543.06798850575,881.0539038127099,1701.7923764296424,86794.13706103148,83964.48695652174,98583.2,0.01959782986337809
acceptance-1,false,acceptance,zswap_memo_statement,110,4,6,3,,,,,,100,20200.0,93907.55385225656,446.45821314017957,93205.13191319,94918.15118232188,93036.87018861892,902.9384657636779,4490.951535518662,93310.04942662924,91428.27884615384,131791.5,0.047823112745373104
acceptance-1,false,acceptance,zswap_memo_statement,111,4,6,3,,,,,,100,25250.0,89416.09384693802,176.3081523844758,89084.28056418833,89774.32899777994,88876.94771535581,1304.840038372918,1774.5918317199867,88983.45525934683,87341.28636363636,98333.2,0.019846447718435602
acceptance-1,false,acceptance,zswap_memo_statement,112,4,6,3,,,,,,100,25250.0,95702.68464631974,559.9124105576113,94669.8027332154,96858.37032430811,93737.17638458131,2574.9112405361907,5627.241717057527,94357.99983508201,90391.6,120550.0,0.058799204409506846
acceptance-1,false,acceptance,zswap_memo_statement,113,4,6,3,,,,,,100,25250.0,97715.03589453327,1789.6029465190807,94613.44472118381,101563.6917676396,93502.7177156177,3398.163522142193,17960.914106684628,104044.93133914586,87081.68,197308.92323232323,0.18380911332899036
acceptance-1,false,acceptance,zswap_memo_statement,114,4,6,3,,,,,,100,25250.0,86906.13341273092,275.9950297191005,86412.45689212494,87486.15551790768,86251.85137254902,1192.8493421560281,2777.6573746120716,87199.95225417467,82980.95238095238,102292.15,0.03196158044933997
acceptance-1,false,acceptance,zswap_memo_statement,115,4,6,3,,,,,,100,25250.0,86090.90070060054,126.78734662229101,85860.16273018884,86356.87696394367,86018.08571428571,597.5568095310972,1270.8860905386334,86095.1136107581,82708.8,92950.0,0.014762141877901949
acceptance-1,false,acceptance,zswap_memo_statement,116,4,6,3,,,,,,100,25250.0,87070.45710697855,200.9152074198895,86722.42216342696,87504.80584666082,86717.57532281204,642.2687267792694,2014.4598392339647,87054.84495995271,84316.03076923077,101500.0,0.023135974085434188
acceptance-1,false,acceptance,zswap_memo_statement,117,4,6,3,,,,,,100,25250.0,85095.04380136903,174.50646653100566,84775.57780134374,85456.67521029271,84942.3383357617,841.4028828164962,1754.3386863452533,85070.58648440964,79807.69230769231,94858.4,0.020616226374361758
acceptance-1,false,acceptance,zswap_memo_statement,118,4,6,3,,,,,,100,25250.0,90773.25178732166,347.0794152800611,90148.70128506876,91506.2789946652,89490.89302325582,910.4805222417226,3483.2433338640244,92612.35777272056,88264.01904761905,109792.77142857143,0.03837301479542821
acceptance-1,false,acceptance,zswap_memo_statement,119,4,6,3,,,,,,100,25250.0,89797.61849565904,323.75024106210515,89245.41093490686,90507.14339521399,89008.51624658366,1393.81526504789,3251.1634740998197,89496.48519107433,87601.27118644067,114664.35277777778,0.03620545320204662
acceptance-1,false,acceptance,zswap_memo_statement,120,4,6,3,,,,,,100,25250.0,92305.74419878551,462.6468445049924,91423.81000245483,93235.56753872888,90415.75091575092,3085.922157449149,4653.035494827807,91628.14746977981,87527.0825,106351.29777777777,0.050408948383615634
acceptance-1,false,acceptance,zswap_memo_statement,121,4,6,3,,,,,,100,25250.0,89288.87701596218,151.84421423798486,89000.62977091488,89596.15395057498,88885.93654188947,1224.544159192968,1524.1366492579834,89381.31045130781,86526.68,95291.8,0.017069725817981937
acceptance-1,false,acceptance,zswap_memo_statement,122,4,6,3,,,,,,100,25250.0,89135.50150587158,176.63279504696217,88804.79288345735,89496.22245093976,88515.96262626263,1047.1289123188335,1783.8333136526448,88938.0913923452,87184.375,96316.6,0.020012601976947864
acceptance-1,false,acceptance,zswap_memo_statement,123,4,6,3,,,,,,100,25250.0,85530.27536090295,207.34926343580008,85152.46752282839,85964.04560582714,85092.26673427993,845.5179553368781,2079.356521041981,84944.29529303976,81770.56595744682,96241.6,0.024311350714912854
acceptance-1,false,acceptance,zswap_memo_statement,124,4,6,3,,,,,,100,25250.0,85180.70484276635,184.0173722834231,84809.95016897317,85531.17368138838,85103.20391566266,1726.5230473199686,1846.6851814852448,85630.10754957884,77788.55,92000.0,0.021679618463993813
acceptance-1,false,acceptance,zswap_memo_statement,125,5,7,4,,,,,,100,25250.0,97992.18311731944,180.5339073333375,97663.50939522166,98372.28232540097,97327.56595394737,429.3731283191317,1807.62602485266,97771.28303768288,95897.81052631579,107736.90285714286,0.018446634898301135
acceptance-1,false,acceptance,zswap_memo_statement,126,5,7,4,,,,,,100,25250.0,97976.2448301173,451.2944540860219,97312.29769139696,99014.62378166776,97249.02666666667,507.9251604825182,4534.454796649638,97415.83653672233,94070.0,139350.0,0.046281165444868884
acceptance-1,false,acceptance,zswap_memo_statement,127,5,7,4,,,,,,100,20200.0,102801.21685163463,330.49739779223887,102157.01654934374,103455.51081159619,103699.00216222534,2302.5200718278647,3320.447253430276,100799.39909856657,96870.90168539326,117520.75,0.03229968822472628
acceptance-1,false,acceptance,zswap_memo_statement,128,5,7,4,,,,,,100,25250.0,100811.71288507493,439.33974108603866,99987.66729903594,101705.39648621259,99160.77478954365,2842.5918712005746,4400.795521630161,101268.65101699423,94296.8,118269.64285714286,0.0436536132130505
acceptance-1,false,acceptance,zswap_memo_statement,129,5,7,4,,,,,,100,25250.0,99181.82547086418,538.6352765227847,98249.17660982297,100343.30060310393,97376.92749378282,540.7010437941457,5445.5978964980395,100802.2290503916,93746.68,136834.70588235295,0.05490519932099604
acceptance-1,false,acceptance,zswap_memo_statement,130,5,7,4,,,,,,100,20200.0,102461.18373906698,631.8680490083909,101265.83127611804,103743.78911256355,98935.37134581106,2894.412588683991,6376.111723514158,105835.81637653317,96521.25,128938.51524390244,0.06222953406191264
acceptance-1,false,acceptance,zswap_memo_statement,131,5,7,4,,,,,,100,20200.0,104195.94876583297,542.378034387345,103198.65112714928,105327.64752210166,103106.81336963098,4812.958324667049,5448.779990418407,106853.99724545589,98758.59375,132849.85,0.05229358775420185
acceptance-1,false,acceptance,zswap_memo_statement,132,5,7,4,,,,,,100,20200.0,103613.538438123,473.9509962327877,102740.9923312155,104599.80665954007,102426.65110027508,3050.1624996166242,4774.260067807839,102406.69223880598,96854.125,131214.75,0.04607756997565507
acceptance-1,false,acceptance,zswap_memo_statement,133,5,7,4,,,,,,100,25250.0,97450.68215402892,157.43005775528587,97171.53930691011,97784.9654650456,97128.32877434135,376.49734026028307,1573.4691109630862,97366.03573873208,94264.0625,107825.0,0.01614631192089643
acceptance-1,false,acceptance,zswap_memo_statement,134,5,7,4,,,,,,100,20200.0,97470.2747153842,134.4326834367569,97241.46056678389,97764.06532515725,97167.27435483871,411.51937617793544,1345.266884596991,97487.06830648736,95653.07608695653,107614.5,0.013801816897769152
acceptance-1,false,acceptance,zswap_memo_statement,135,5,7,4,,,,,,100,25250.0,97872.8349563804,113.95605621811605,97669.36418176186,98115.57281449359,97628.17746478872,820.6948065524882,1150.7101250848307,97762.58721383184,96110.48,105958.4,0.01175719621892709
acceptance-1,false,acceptance,zswap_memo_statement,136,5,7,4,,,,,,100,25250.0,95871.59295193542,248.9971872504906,95421.01583943598,96394.49917249024,95585.33561248073,1004.3658524383441,2508.83480162297,95655.52969883257,90214.6,111072.2,0.026168698405592963
acceptance-1,false,acceptance,zswap_memo_statement,137,5,7,4,,,,,,100,25250.0,97349.40346874179,187.92236337970596,97000.37282342449,97734.71171581998,97104.42065217393,1069.5831895980484,1887.866287671671,96884.40916979458,92743.33333333333,105248.24210526315,0.019392684704820525
acceptance-1,false,acceptance,zswap_memo_statement,138,5,7,4,,,,,,100,20200.0,100518.23181555765,250.40769053157965,100046.2029550124,101028.50239528272,99812.01879528986,1538.3541959281583,2517.452682227381,101092.66415546033,97203.125,109787.14130434782,0.025044737026877782
acceptance-1,false,acceptance,zswap_memo_statement,139,5,7,4,,,,,,100,20200.0,103656.49122731721,293.29223256179404,103110.69702982924,104257.92432466128,102797.6781881313,1480.7240791374265,2949.983004726437,103717.04876902615,99864.6,114867.78846153847,0.02845922112352005
acceptance-1,false,acceptance,zswap_memo_statement,140,5,7,4,,,,,,100,25250.0,104051.03005116335,752.4663085893475,102652.29335331928,105602.78993718897,100860.14516843972,3088.1795560071864,7569.303558901844,103472.5943738732,96500.0,133255.28,0.07274607041544817
acceptance-1,false,acceptance,zswap_memo_statement,141,5,7,4,,,,,,100,25250.0,96593.8389853466,223.97910676905326,96176.7465747163,97055.25134289559,96418.76538088777,854.3661774134777,2257.1590948691505,96384.4816568642,88858.3,109375.0,0.023367526527355062
acceptance-1,false,acceptance,zswap_memo_statement,142,5,7,4,,,,,,100,20200.0,98320.40835362693,185.99811133560598,97975.85646396723,98702.63444394933,97597.00142118863,1008.0154401001939,1872.1124874483546,98242.4077619329,95926.5,108958.25,0.01904093482519893
acceptance-1,false,acceptance,zswap_memo_statement,143,5,7,4,,,,,,100,20200.0,100836.93464783434,280.48263652476174,100311.52462827683,101408.78849029948,99981.6316947909,1688.6444662820836,2824.5415651299213,99858.72792965863,98056.13961038961,111854.25,0.028010982037429313
acceptance-1,false,acceptance,zswap_memo_statement,144,5,7,4,,,,,,100,20200.0,100097.11776921211,434.9548823891116,99358.73615208337,101051.63400423087,99252.48036858975,2320.477521148488,4375.649415087325,99084.8545300724,95944.71153846153,133904.52083333334,0.043714040050343864
acceptance-1,false,acceptance,zswap_memo_statement,145,5,7,4,,,,,,100,25250.0,98306.23691969806,167.17374479948853,97995.69369258649,98649.48435028747,97663.44340277778,746.5782038450975,1677.41564169551,97858.08719196099,96460.0,105934.765625,0.017063166023389902
acceptance-1,false,acceptance,zswap_memo_statement,146,5,7,4,,,,,,100,20200.0,99120.67951198798,255.64535626834746,98646.48493200999,99648.50275880742,98634.12362416877,1808.5115962669345,2558.7692874582617,100105.63358061179,95612.27777777778,109507.375,0.025814686703684225
acceptance-1,false,acceptance,zswap_memo_statement,147,5,7,4,,,,,,100,20200.0,98295.66775364547,216.8979839692711,97906.34772705716,98757.35512100864,97683.25890804597,827.2061819664522,2176.640900950086,97651.93191369883,96140.55844155845,111187.5,0.022143813157720384
acceptance-1,false,acceptance,zswap_memo_statement,148,5,7,4,,,,,,100,25250.0,98729.51144534693,232.53567389534345,98296.10995125266,99210.18608627145,97935.09443855932,1051.5456329386714,2333.6180500434643,99093.34674863308,96426.08695652174,106541.04477611941,0.02363647926420937
acceptance-1,false,acceptance,zswap_memo_statement,149,5,7,4,,,,,,100,20200.0,100792.01367211291,404.3291991702478,100082.4897326497,101666.06448616435,99926.28273809524,1792.1300977586916,4063.726568503813,101401.15452194473,94843.75,130009.30059523809,0.04031794207151715
acceptance-1,false,acceptance,zswap_memo_statement,150,5,7,4,,,,,,100,20200.0,101018.40966738874,258.1171117497966,100548.04503469702,101557.0441759339,100651.76930147059,1604.6055965125524,2593.3711705711344,100784.21855031772,97946.77777777778,115472.09,0.02567226289851541
acceptance-1,false,acceptance,zswap_memo_statement,151,5,7,4,,,,,,100,25250.0,96520.95117145356,174.73882842775262,96202.45238743794,96887.15910161291,96379.77550505051,674.8971045333358,1754.0867389555594,96364.40573607212,91972.22222222222,106136.7,0.01817311907587518
acceptance-1,false,acceptance,zswap_memo_statement,152,5,7,4,,,,,,100,20200.0,99972.96060287222,212.47159084602606,99581.82494932605,100414.37579351709,99146.78239826905,1106.1313711214839,2137.026421117162,100370.82341879711,97820.45588235294,109583.25,0.021376044164643507
acceptance-1,false,acceptance,zswap_memo_statement,153,5,7,4,,,,,,100,20200.0,100120.1251397899,680.1175658897748,99079.38339653121,101675.29082955074,99149.59027777778,2774.923122894363,6827.341471535288,99788.56802940741,95667.36666666667,161267.85714285713,0.06819149958115618
acceptance-1,false,acceptance,zswap_memo_statement,154,5,7,4,,,,,,100,25250.0,98107.37108265473,203.08136861497695,97730.34382972145,98521.6916263873,97556.36685520361,896.2277825098236,2040.8491814278786,97810.3856131225,93742.6,107450.5,0.020802200272072097
acceptance-1,false,acceptance,zswap_memo_statement,155,5,7,4,,,,,,100,20200.0,99927.82385440358,173.346491976361,99601.13622011516,100281.85838895885,99345.78125,1068.3274711849126,1746.7545908431482,99699.925836412,96682.25,107406.25,0.017480162415907278
acceptance-1,false,acceptance,zswap_memo_statement,156,6,8,4,,,,,,100,20200.0,101837.37560571836,375.8551507740071,101147.04771922523,102613.49806252262,100940.87027519895,1538.1464211740254,3764.36864785812,99877.63588000591,96957.99456521739,121028.33,0.036964509596482016
acceptance-1,false,acceptance,zswap_memo_statement,157,6,8,4,,,,,,100,20200.0,100428.78450838877,319.4254528619582,99910.86420109609,101140.2711938998,99858.48214285714,1278.5679407989358,3198.9506441654003,100206.3789035023,97883.75852272728,127472.71,0.03185292602937152
acceptance-1,false,acceptance,zswap_memo_statement,158,6,8,4,,,,,,100,20200.0,101339.05655751537,259.5052600094034,100858.4122046345,101872.84222170858,100688.22933148734,1998.0935626636242,2612.388518069333,101725.25472809222,98226.5625,115068.48404255319,0.0257786938897212
acceptance-1,false,acceptance,zswap_memo_statement,159,6,8,4,,,,,,100,20200.0,100299.71523534686,193.93532315483512,99941.1613197221,100698.23399099453,99611.6875,1238.0180560064837,1943.6965231302986,100135.07321486626,97479.125,108734.61904761905,0.019378883764221456
acceptance-1,false,acceptance,zswap_memo_statement,160,6,8,4,,,,,,100,25250.0,96522.68683967768,158.70149506276474,96247.42774470634,96863.30918420937,96485.84843085107,580.0442163421994,1589.0120154048054,96595.27887217379,94429.31034482758,107616.6,0.01646257545694023
acceptance-1,false,acceptance,zswap_memo_statement,161,6,8,4,,,,,,100,25250.0,96172.02795759322,270.3693933767147,95718.3586335753,96766.20064873043,95763.32088353415,620.4410361300924,2722.896982964364,95949.51568967046,92641.93548387097,116107.84705882354,0.028312774938727688
acceptance-1,false,acceptance,zswap_memo_statement,162,6,8,4,,,,,,100,25250.0,97299.93014462618,446.86879137801475,96563.32816943836,98290.16257133737,96557.36820123399,820.9162391405824,4483.000317009517,97370.30091857543,93709.7724137931,131839.7925,0.04607403428086747
acceptance-1,false,acceptance,zswap_memo_statement,163,6,8,4,,,,,,100,25250.0,95943.86727338089,139.75595743779147,95695.48773083139,96244.07002934231,95818.79736308317,424.67555952829974,1405.2403535218004,95889.14948130633,92394.16,106333.4,0.014646484381515824
acceptance-1,false,acceptance,zswap_memo_statement,164,6,8,4,,,,,,100,20200.0,97532.34992796564,103.36732844618635,97361.78739300215,97762.95271308545,97343.02651195499,357.8903673961802,1044.489843559957,97422.957509236,95820.67857142857,106208.25,0.010709163106716744
acceptance-1,false,acceptance,zswap_memo_statement,165,6,8,4,,,,,,100,25250.0,97369.87168126507,117.91759295237249,97156.81796207915,97617.41651453915,97190.64318034906,499.2706828860397,1191.8297048640275,97230.60872764888,94769.2,104883.4,0.012240230825870004
acceptance-1,false,acceptance,zswap_memo_statement,166,6,8,4,,,,,,100,20200.0,99252.55484476306,193.44968840538073,98889.01251824199,99646.56435240913,98944.76023065476,2059.273422430647,1944.6096592936246,99702.62912368849,96975.4758064516,109114.5,0.019592540084586343
acceptance-1,false,acceptance,zswap_memo_statement,167,6,8,4,,,,,,100,25250.0,96787.7037260952,244.99665724615153,96354.79519351627,97313.00329651948,96294.54906520748,907.6705838800875,2449.019606772222,97086.00689936457,93602.97857142857,111280.51470588235,0.025303003506549095
acceptance-1,false,acceptance,zswap_memo_statement,168,6,8,4,,,,,,100,25250.0,95566.98692971242,172.27479778824352,95252.52950854595,95927.86469342813,95427.9731092437,734.741129302062,1723.8904154962645,95700.64066440077,91538.68571428572,104450.97659574468,0.01803855568622406
acceptance-1,false,acceptance,zswap_memo_statement,169,6,8,4,,,,,,100,20200.0,100622.7638861741,251.5371235308986,100159.60646189455,101142.02133726189,99943.28503787878,1485.7275084952284,2527.4193943448718,100798.44171198463,97917.89117647058,111406.52302631579,0.025117769545705628
acceptance-1,false,acceptance,zswap_memo_statement,170,6,8,4,,,,,,100,20200.0,100578.01967037356,293.5318272195132,100055.96103117107,101201.75180953668,99721.61911525973,1554.6666873991546,2947.3932072398343,100778.92953228905,98138.2590909091,120656.25,0.029304546032019596
acceptance-1,false,acceptance,zswap_memo_statement,171,6,8,4,,,,,,100,20200.0,106344.30925475873,1041.3366092162546,104610.62491342727,108658.87837342663,103656.85520833333,2179.563624589257,10430.91369777651,107080.13388429141,96910.86111111111,188526.70512820513,0.09808624242213265
acceptance-1,false,acceptance,zswap_memo_statement,172,6,8,4,,,,,,100,20200.0,100027.72104880326,173.0119170278898,99710.78563844369,100388.47441110012,99620.62019230769,1198.637444585312,1740.66758543066,100324.18639722181,96593.75,110833.25,0.017401851878454704
acceptance-1,false,acceptance,zswap_memo_statement,173,6,8,4,,,,,,100,25250.0,95214.72314677056,163.5347514306673,94937.87312941102,95575.18817811314,95166.77109440268,616.9359463740911,1647.9245747278073,95059.73847376977,91601.59047619048,108600.0,0.017307455404639287
acceptance-1,false,acceptance,zswap_memo_statement,174,6,8,4,,,,,,100,20200.0,100218.76982235083,251.358325958127,99754.93531184254,100742.85736794371,99192.82670454546,1099.6569028072004,2527.7950245013712,99995.60951455594,97677.125,111591.20731707317,0.025222770434941234
acceptance-1,false,acceptance,zswap_memo_statement,175,6,8,4,,,,,,100,25250.0,97468.50003294573,141.22198904969417,97211.65834506585,97764.69745950136,97293.49863636363,507.0879407701195,1421.642839709432,97260.21340446283,94295.40689655172,105322.17741935483,0.014585664488823535
acceptance-1,false,acceptance,zswap_memo_statement,176,6,8,4,,,,,,100,20200.0,99978.81760908861,201.4919347829305,99608.06718197478,100395.96440574518,99188.58333333334,1166.5771672543865,2015.12673349107,99651.15821338851,97652.77777777778,110656.25,0.020155536759497383
acceptance-1,false,acceptance,zswap_memo_statement,177,6,8,4,,,,,,100,20200.0,108921.03469173759,666.5776365725433,107680.2542710632,110288.36042849194,107152.05778067562,4823.781441038787,6698.745275377201,107451.26294074184,99496.71052631579,142295.23571428572,0.061500933169939376
acceptance-1,false,acceptance,zswap_memo_statement,178,6,8,4,,,,,,100,20200.0,101379.30196535289,663.8532101999482,100253.1847687016,102826.03449790098,99646.6171875,1318.5471524183158,6658.307592229981,103464.35192773755,97692.13888888889,143630.44602272726,0.06567718916140798
acceptance-1,false,acceptance,zswap_memo_statement,179,6,8,4,,,,,,100,20200.0,99675.23604084953,161.8332264568489,99373.51997744312,100008.99409407216,99233.39341517858,1055.6803323773279,1634.9712099735316,99846.66471405349,95605.11363636363,108343.75,0.016402983076994945
acceptance-1,false,acceptance,zswap_memo_statement,180,6,8,4,,,,,,100,20200.0,103923.23060864875,356.06644770518534,103222.89702260139,104616.15005636415,104893.79653996101,3863.2750535722466,3573.134375136447,101194.20010565982,98012.5,111608.90151515152,0.03438244129064904
acceptance-1,false,acceptance,zswap_memo_statement,181,6,8,4,,,,,,100,20200.0,104466.15711990124,1663.7929372388403,102256.82870020314,108203.32474929339,101806.72831632654,2787.788250948652,16773.22852634935,102186.05297768583,98761.07631578947,265389.48170731706,0.16056136253866257
acceptance-1,false,acceptance,zswap_memo_statement,182,6,8,4,,,,,,100,20200.0,104754.91637205298,834.9884978616869,103251.56627200602,106511.58952408098,102423.54576754387,2535.7240574538005,8396.036244721865,102519.80905866706,98311.37903225806,148425.33333333334,0.08014932888593093
acceptance-1,false,acceptance,zswap_memo_statement,183,6,8,4,,,,,,100,20200.0,97655.7543008008,171.12521741226217,97360.84250050751,98027.8477468562,97198.39466911765,454.53430336424003,1723.0174060464656,97523.64309295108,95688.26851851853,109500.0,0.01764378779707338
acceptance-1,false,acceptance,zswap_memo_statement,184,6,8,4,,,,,,100,25250.0,97545.06859919004,141.81437367041428,97288.81591118692,97841.77335558106,97368.62435897437,520.5932713647915,1419.7466800940103,97498.34968937491,95053.60540540541,105833.4,0.014554776581558519
acceptance-1,false,acceptance,zswap_memo_statement,185,6,8,4,,,,,,100,25250.0,96558.06804537422,166.00505841906426,96226.33024879036,96881.86282820738,96527.77820512821,922.8749016926055,1666.6606979559986,96601.20118870992,88227.8,103493.32,0.017260708832459316
acceptance-1,false,acceptance,zswap_memo_statement,186,6,8,4,,,,,,100,20200.0,102541.7175460837,454.17369812164793,101685.32935762747,103469.90151059229,100708.64111579934,2508.567604998131,4577.075507236288,105282.24895005173,97963.5,121860.09615384616,0.0446362282275922
acceptance-1,false,acceptance,zswap_memo_statement,187,7,9,5,,,,,,100,20200.0,117271.16992698677,544.3989854603598,116254.04532956191,118393.35397966074,115653.18080357142,3831.814365502092,5479.958251713202,119776.68426185902,110243.86764705883,146424.4035714286,0.046728946723436235
acceptance-1,false,acceptance,zswap_memo_statement,188,7,9,5,,,,,,100,20200.0,108043.0769582229,164.1056861799894,107753.926279637,108393.81532247667,107809.12021895786,501.56018009313885,1656.9667684535275,108152.65191074331,104994.1,118531.25,0.015336167898052627
acceptance-1,false,acceptance,zswap_memo_statement,189,7,9,5,,,,,,100,20200.0,117790.31577360762,412.8562831416699,116989.64016831285,118608.26536845377,118257.62252964427,4482.077208891341,4155.776045823488,118679.63765036206,108534.21428571429,134234.056122449,0.03528113511310105
acceptance-1,false,acceptance,zswap_memo_statement,190,7,9,5,,,,,,100,20200.0,110807.87242115574,280.4900636152888,110311.00229701067,111403.13683246485,109829.29551393728,722.0752258455022,2819.487022747348,111454.89984631298,108200.18478260869,128929.16578947369,0.02544482590579046
acceptance-1,false,acceptance,zswap_memo_statement,191,7,9,5,,,,,,100,20200.0,110848.53030963894,127.80609814106086,110606.10195177335,111105.90346177161,110408.86979166666,830.7713358198646,1286.5829066562364,110958.61745382001,109102.1,115041.75,0.011606675370998224
acceptance-1,false,acceptance,zswap_memo_statement,192,7,9,5,,,,,,100,20200.0,111683.55503365304,221.0926652436174,111265.00468728575,112130.43129853629,111145.42336474502,1852.2809821154397,2217.016579959882,112134.41643121028,108308.03571428571,120094.4683908046,0.019850877591529387
acceptance-1,false,acceptance,zswap_memo_statement,193,7,9,5,,,,,,100,20200.0,112503.09954344861,504.282920471079,111631.12084174123,113595.6421309832,110698.08114035087,1728.5161291080153,5051.940239339929,112091.14425447023,109013.45833333333,149680.2455357143,0.044904898263615156
acceptance-1,false,acceptance,zswap_memo_statement,194,7,9,5,,,,,,100,20200.0,110746.11400424471,221.88330922134716,110329.9509575675,111201.75889130798,109805.23464912281,1147.5984972068572,2237.1661702419533,110363.44238214866,108373.51785714286,120449.33522727272,0.02020085481424844
acceptance-1,false,acceptance,zswap_memo_statement,195,7,9,5,,,,,,100,20200.0,111691.50049834076,224.14862541558003,111260.19340932183,112138.11448296621,111436.38125,1494.9052339342595,2250.294349433882,111979.73262006798,107284.66666666667,118613.96268656716,0.020147409063300314
acceptance-1,false,acceptance,zswap_memo_statement,196,7,9,5,,,,,,100,20200.0,105820.30948334864,147.44082236656675,105546.46374852039,106124.5530475256,105843.62345679013,750.4929686528338,1486.8896974788388,105868.78893305748,101527.93181818182,114833.25,0.01405108059821738
acceptance-1,false,acceptance,zswap_memo_statement,197,7,9,5,,,,,,100,20200.0,113305.73942858799,552.0301341252921,112339.23956357312,114494.73053823903,111941.93686612576,2727.1467181694507,5520.8192702903,111957.00598566573,108062.5,152137.31818181818,0.04872497455232485
acceptance-1,false,acceptance,zswap_memo_statement,198,7,9,5,,,,,,100,20200.0,108024.43823565551,138.81154091945237,107796.12861315711,108332.83119905807,107772.32727272727,366.1365944225522,1388.6011006616648,107868.50928624206,106201.49626865672,119166.75,0.012854508880966628
acceptance-1,false,acceptance,zswap_memo_statement,199,7,9,5,,,,,,100,20200.0,112408.73133174986,413.0560842117632,111662.45900826863,113276.20431407912,111532.1628376153,2264.9115779859812,4157.224406481843,112646.57728018324,107115.20588235294,137695.92123287672,0.03698310938331562
acceptance-1,false,acceptance,zswap_memo_statement,200,7,9,5,,,,,,100,15150.0,115654.36157533946,2066.001752530045,112652.799396023,120360.81453964958,110774.01384382436,2001.988081904195,20851.09015046107,111533.61679424658,108248.92307692308,309041.6666666667,0.1802879706951499
acceptance-1,false,acceptance,zswap_memo_statement,201,7,9,5,,,,,,100,20200.0,109190.51633784042,203.94787821524577,108815.93119991057,109612.1960519918,108504.29965753425,1084.0771301879822,2052.174474532557,109741.45474065316,107175.18181818182,117971.62828947368,0.018794438778758363
acceptance-1,false,acceptance,zswap_memo_statement,202,7,9,5,,,,,,100,20200.0,105721.58632702973,187.49847625729214,105386.17377392473,106117.46086371086,105587.93014705883,748.9087938874807,1884.2874114156066,105346.26257130191,102084.52884615384,118583.25,0.01782310951698095
acceptance-1,false,acceptance,zswap_memo_statement,203,7,9,5,,,,,,100,20200.0,120498.07023902671,2379.88158073466,116200.94425188367,125479.00343992592,110211.45505720546,3740.771409453274,23895.229688078693,109784.32964829319,106364.39912280702,248584.42105263157,0.19830383707123922
acceptance-1,false,acceptance,zswap_memo_statement,204,7,9,5,,,,,,100,20200.0,108130.36835643258,173.10733942386486,107820.36339711976,108496.1136476711,107798.55235109717,817.9411294334595,1732.4348978213884,108074.22698019801,105364.22881355933,117781.25,0.016021723815003792
acceptance-1,false,acceptance,zswap_memo_statement,205,7,9,5,,,,,,100,20200.0,105601.61660784415,173.37256135583144,105293.88984465056,105972.4460263593,105541.4648076923,696.1858137556258,1742.919884271238,105360.7812139796,101881.69642857143,118406.25,0.01650467048003291
acceptance-1,false,acceptance,zswap_memo_statement,206,7,9,5,,,,,,100,20200.0,109693.91483852183,239.57361541449964,109264.22015077289,110201.63521867589,109044.888671875,1527.4548682095306,2399.344847204915,109151.58032362937,107141.82692307692,125281.25,0.021873089776556352
acceptance-1,false,acceptance,zswap_memo_statement,207,7,9,5,,,,,,100,20200.0,107000.41517784251,225.966208889616,106588.13617733975,107470.58386987334,106462.24118589744,784.245053207434,2272.9045936135917,106235.84009383775,103508.42021276595,119864.57352941176,0.021242016583168
acceptance-1,false,acceptance,zswap_memo_statement,208,7,9,5,,,,,,100,20200.0,107769.13177867362,516.7144471819256,106865.44675262652,108879.2476695959,106671.76113013699,938.0295987312569,5204.684352699071,109198.97091842766,102111.45,135312.1565934066,0.04829475998180977
acceptance-1,false,acceptance,zswap_memo_statement,209,7,9,5,,,,,,100,20200.0,116299.38862322911,954.9263399439325,114536.14173916163,118269.91699621279,112328.06486254296,2942.3114004697277,9597.639415108359,114237.30593098862,108088.5,167827.46875,0.0825252783245618
acceptance-1,false,acceptance,zswap_memo_statement,210,7,9,5,,,,,,100,20200.0,112338.81045057724,273.760457625008,111844.6962549768,112914.38773422933,112151.28302845528,1661.4744435937648,2758.988498534268,112655.65308777893,107023.07142857143,130177.86875,0.024559531006855977
acceptance-1,false,acceptance,zswap_memo_statement,211,7,9,5,,,,,,100,20200.0,111936.19688318092,446.43841422894616,111156.95747804239,112896.95038247069,110965.02236842105,1956.394674195617,4459.742132261418,111249.99522683612,108666.66666666667,142841.675,0.03984182289948356
acceptance-1,false,acceptance,zswap_memo_statement,212,7,9,5,,,,,,100,20200.0,110007.79811305238,320.7401941426573,109399.20494538419,110651.44348767566,109304.06334622824,2471.0767135253864,3226.098901795808,111124.56903576179,102828.125,122645.75,0.029326092850985194
acceptance-1,false,acceptance,zswap_memo_statement,213,7,9,5,,,,,,100,20200.0,114194.21354632825,1197.7552207518384,112202.65339550616,116837.03632803904,111340.15951366341,1741.7955454816902,12072.857067666793,115384.87602113196,108673.7,192629.7831632653,0.10572214381746121
acceptance-1,false,acceptance,zswap_memo_statement,214,7,9,5,,,,,,100,20200.0,113900.724829915,544.958054521891,112950.13174341558,115068.13092024255,112607.48660714286,2393.2382835678736,5477.2826743076175,112679.03259568494,109341.85714285714,153077.97972972973,0.048088216141615445
acceptance-1,false,acceptance,zswap_memo_statement,215,7,9,5,,,,,,100,20200.0,112440.65476008962,457.22972535302864,111641.53576198831,113421.36703400043,111338.7827540107,1865.3359398961036,4588.863646107346,113443.710172159,108068.75,143452.603125,0.0408114276450847
acceptance-1,false,acceptance,zswap_memo_statement,216,7,9,5,,,,,,100,20200.0,111927.16144054623,249.22713193062097,111468.55115401876,112443.39594027399,111436.14141414143,1608.9953965735192,2498.6851069044305,111187.64167430176,108354.15625,123543.39583333333,0.022324206874769076
acceptance-1,false,acceptance,zswap_memo_statement,217,7,9,5,,,,,,100,20200.0,111771.85100123282,240.37455883359135,111306.67662192199,112247.11037998738,111349.73578595318,2053.6728524722107,2424.8043979733666,111454.87340475839,104277.83333333333,118869.52631578948,0.021694231385204685
acceptance-1,false,acceptance,zswap_memo_statement,218,8,10,5,,,,,,100,20200.0,112647.2699053764,263.80494819955555,112147.01027526603,113180.63877086034,112558.2739448052,2779.046537821777,2640.522308893699,112537.5457115413,108855.02083333333,122250.0,0.023440624092459013
acceptance-1,false,acceptance,zswap_memo_statement,219,8,10,5,,,,,,100,20200.0,109708.9783738553,369.1172841366739,109046.61086582002,110487.64685675233,108289.51754385965,865.8685134874124,3713.4976404505956,108744.46912294961,106809.28846153847,132953.125,0.033848621101876544
acceptance-1,false,acceptance,zswap_memo_statement,220,8,10,5,,,,,,100,20200.0,114442.63511120071,735.5386069948845,113129.84476588374,115995.45049501208,112027.82012195123,1314.46253492306,7375.108996435445,115790.46823112162,108901.44230769231,149284.1435185185,0.06444371880522724
acceptance-1,false,acceptance,zswap_memo_statement,221,8,10,5,,,,,,100,20200.0,113296.89399943766,366.23226830002665,112610.3560674881,114045.90101282758,112982.9364197531,3699.8350982036827,3685.827695762924,111749.6453923452,108919.73684210527,132073.0,0.032532469034687025
acceptance-1,false,acceptance,zswap_memo_statement,222,8,10,5,,,,,,100,20200.0,110333.14574410062,348.36403777487453,109673.3132898451,111037.92764658108,108712.078125,1686.2792729471696,3493.6719160249168,112818.79039456185,104069.45833333333,123254.75543478261,0.03166475398179897
acceptance-1,false,acceptance,zswap_memo_statement,223,8,10,5,,,,,,100,20200.0,111221.25483106096,198.13132678523252,110864.38847218633,111638.07556589876,110907.1720338983,1382.5637177701617,1993.7442425590345,110953.46977390276,109038.90662650602,123729.0,0.017925928327165736
acceptance-1,false,acceptance,zswap_memo_statement,224,8,10,5,,,,,,100,20200.0,107048.61305248205,564.3231800486113,106218.3335560041,108334.60584461967,106083.83035714286,691.6085183683691,5655.417621010078,106900.5819114822,103004.29411764706,158722.91666666666,0.05283036799586961
acceptance-1,false,acceptance,zswap_memo_statement,225,8,10,5,,,,,,100,20200.0,112205.25618533012,351.83548711365995,111548.40552094897,112922.64973622847,111238.4887254902,2103.275550481091,3527.014745310728,111933.64466307078,108705.225,127511.6913265306,0.03143359647506295
acceptance-1,false,acceptance,zswap_memo_statement,226,8,10,5,,,,,,100,20200.0,106529.03522588492,215.12750119323513,106136.62220111072,106980.33090604679,106109.45757229833,850.0972910768835,2159.711158316014,105958.58961947687,102046.05263157895,119406.25,0.020273450836539985
acceptance-1,false,acceptance,zswap_memo_statement,227,8,10,5,,,,,,100,20200.0,109451.13534124216,218.6455571897619,109041.03252225688,109897.74380866732,108764.3938172043,1256.1719390267485,2207.665628906173,109460.43107433131,106260.75833333333,117250.88559322034,0.02017033100682972
acceptance-1,false,acceptance,zswap_memo_statement,228,8,10,5,,,,,,100,20200.0,112516.90387083303,268.96325840920906,111995.07332843896,113055.0123149094,111720.21875,2857.7677705131637,2704.6732873102837,111479.32343431358,108926.42063492064,120322.39375,0.02403792847353132
acceptance-1,false,acceptance,zswap_memo_statement,229,8,10,5,,,,,,100,20200.0,111965.52887205983,326.9907567444905,111369.33864128504,112646.39931779211,110992.39537545788,1650.6333412444246,3290.9056372892496,112765.56985961282,108764.77083333333,128025.80681818182,0.02939213229680435
acceptance-1,false,acceptance,zswap_memo_statement,230,8,10,5,,,,,,100,20200.0,111155.70860085604,633.0059989258278,110033.60685640204,112500.55205094987,109215.87276785714,1370.482949410949,6368.065420290993,112939.09406975025,107541.66923076923,145107.94375,0.05728959403387718
acceptance-1,false,acceptance,zswap_memo_statement,231,8,10,5,,,,,,100,20200.0,114011.41916748148,1382.1405705434136,112040.96312172285,117184.62582660286,111342.26590501792,1403.4423210317593,13913.23882447499,112432.8361814689,108404.89130434782,242914.0625,0.12203373070934764
acceptance-1,false,acceptance,zswap_memo_statement,232,8,10,5,,,,,,100,20200.0,111346.88472583302,433.06006675540795,110533.87492725025,112226.10966788788,109167.44742647058,1475.108924752439,4360.598181756784,110923.72993350081,107762.5,127527.52976190476,0.03916228273915151
acceptance-1,false,acceptance,zswap_memo_statement,233,8,10,5,,,,,,100,20200.0,108831.35602117161,246.26752979017945,108397.91242867941,109357.88351131247,108144.84523809524,836.9683241741027,2475.8541354607773,108729.83864489433,106101.86111111111,123703.86607142857,0.02274945591029055
acceptance-1,false,acceptance,zswap_memo_statement,234,8,10,5,,,,,,100,20200.0,111377.97415499005,1100.811271550202,109385.10681382734,113659.17842044774,107627.30456792092,736.5323523435286,11069.443172821397,108072.48818974434,103041.5,160348.95833333334,0.09938628581462176
acceptance-1,false,acceptance,zswap_memo_statement,235,8,10,5,,,,,,100,20200.0,115632.21360891248,637.6713540983903,114499.60005169093,116986.74984087292,115029.93198529413,3423.770019985161,6408.311726001975,116655.35320821634,109552.08333333333,150209.9326923077,0.055419779021752186
acceptance-1,false,acceptance,zswap_memo_statement,236,8,10,5,,,,,,100,20200.0,109980.94802342923,234.5076444878543,109537.1457097957,110455.97196311,109361.12865497076,2080.09630092535,2351.2578802752637,109873.67789271465,106446.17857142857,120659.95555555556,0.021378774438045173
acceptance-1,false,acceptance,zswap_memo_statement,237,8,10,5,,,,,,100,20200.0,111206.40405133179,335.1242815614886,110635.53248119581,111935.03553249268,110338.66369791667,1401.9314826456691,3360.0779150692297,110610.48052238805,107923.66666666667,136062.5,0.030214787931801577
acceptance-1,false,acceptance,zswap_memo_statement,238,8,10,5,,,,,,100,20200.0,111432.23573858613,270.3139691192614,110929.36894060188,111985.8866325392,110704.11666666667,1874.2003963853874,2714.3914048248066,112773.91869366041,108819.41666666667,122936.44662921349,0.02435912181814802
acceptance-1,false,acceptance,zswap_memo_statement,239,8,10,5,,,,,,100,20200.0,115817.51608584318,762.3383915083724,114425.70578035625,117413.97588961375,113496.15388257575,4302.47034007893,7629.597183114621,115130.0126267179,109294.27,156392.5708955224,0.06587602152907177
acceptance-1,false,acceptance,zswap_memo_statement,240,8,10,5,,,,,,100,20200.0,111633.0813416249,205.96265170178663,111254.77173183218,112062.56436341244,111528.07083333333,1740.080069876636,2061.5477764701027,112395.07251958031,109070.91346153847,123180.6262886598,0.01846717614253839
acceptance-1,false,acceptance,zswap_memo_statement,241,8,10,5,,,,,,100,20200.0,106833.1828994316,200.29314562284907,106467.08648678585,107254.45997343265,106679.79347963573,719.9208157052253,2013.8331640515355,106865.98742057041,101084.13461538461,118937.5,0.018850258968201628
acceptance-1,false,acceptance,zswap_memo_statement,242,8,10,5,,,,,,100,20200.0,110881.22778761465,272.76275978096083,110377.63975638598,111445.05065120534,109720.80631868131,1347.8052798697654,2740.357169415026,110801.11963942663,107151.0,124218.75,0.02471434727133425
acceptance-1,false,acceptance,zswap_memo_statement,243,8,10,5,,,,,,100,20200.0,109318.62515774922,232.405123793668,108884.42446843119,109793.77224315966,108291.97580227743,1034.5766956161356,2344.4661289761425,109695.13271760012,107141.92708333333,118441.02822580645,0.02144617283279062
acceptance-1,false,acceptance,zswap_memo_statement,244,8,10,5,,,,,,100,20200.0,109997.70927499878,235.04903696313002,109565.89412943939,110485.59781760485,109475.88563311688,1813.4741327091926,2360.3189839623565,109194.335627309,107549.36956521739,122677.0,0.021457892164476466
acceptance-1,false,acceptance,zswap_memo_statement,245,8,10,5,,,,,,100,20200.0,110283.21416645052,375.3893146405473,109565.61312637584,111036.71953709552,108077.4245689655,762.1270730041789,3781.4341455541994,112968.38901507315,107196.81578947368,118398.2780612245,0.03428839260929482
acceptance-1,false,acceptance,zswap_memo_statement,246,8,10,5,,,,,,100,20200.0,109312.40654793243,184.72164095191607,108981.63197309323,109704.12223632974,108678.52433820968,1165.328099433246,1853.637771413198,108937.2586574553,107590.27777777778,121916.5,0.01695724968419203
acceptance-1,false,acceptance,zswap_memo_statement,247,8,10,5,,,,,,100,20200.0,113210.05734850967,237.31561840958648,112756.54421246638,113686.6356088847,112350.40656181295,1897.1535779182311,2386.4688374756142,112817.61920127088,109741.60483870968,120268.7987804878,0.02108000731886415
acceptance-1,false,acceptance,zswap_memo_statement,248,8,10,5,,,,,,100,20200.0,111288.29928472114,201.70525882593137,110911.06308020509,111700.62593914599,110834.90237403101,1293.4236918808892,2034.3979152358702,111296.8985658342,108875.0,119631.91666666667,0.018280429553793838
acceptance-1,false,acceptance,zswap_memo_statement,249,9,11,6,,,,,,100,20200.0,139688.23014424744,3014.474434481856,134235.02511172974,145983.70665093896,127856.17923351159,4478.879022088285,30368.64224933485,134086.07276119402,121854.25,285797.6826923077,0.2174030139688578
acceptance-1,false,acceptance,zswap_memo_statement,250,9,11,6,,,,,,100,20200.0,123201.74837568229,340.068187074219,122672.88607319405,123967.11131150051,122515.48254073827,1132.127513995716,3412.031855714269,123444.75161888577,120870.96774193548,152995.5588235294,0.027694670738842696
acceptance-1,false,acceptance,zswap_memo_statement,251,9,11,6,,,,,,100,15150.0,125881.92891287073,492.8229102380572,124954.03834717754,126884.14569046468,124748.7452619844,4448.011721032003,4954.188388141359,125526.00020885671,119545.72222222222,149390.4,0.0393558347169148
acceptance-1,false,acceptance,zswap_memo_statement,252,9,11,6,,,,,,100,20200.0,122844.29664078556,306.2971866622782,122272.67887645053,123472.47137384367,121939.72201492537,2315.710324081663,3070.3677776102104,122180.59437416877,117504.15,138018.05555555556,0.024993979057801995
acceptance-1,false,acceptance,zswap_memo_statement,253,9,11,6,,,,,,100,20200.0,120009.73009953903,221.02259296780863,119599.28511754962,120468.51311259964,119493.07790436456,1336.5343403261422,2216.861724915576,119696.0184372691,116207.7205882353,130479.16176470589,0.018472349892603344
acceptance-1,false,acceptance,zswap_memo_statement,254,9,11,6,,,,,,100,20200.0,118617.82664342604,236.46318241340578,118204.16773673077,119127.91819244782,118314.3860700285,911.7998109535507,2376.21624089145,118566.86434978573,115244.51315789473,135718.75,0.02003253902159691
acceptance-1,false,acceptance,zswap_memo_statement,255,9,11,6,,,,,,100,20200.0,119224.95021052552,366.6720390490337,118551.92771387014,119988.49206329227,118355.20763888888,1198.5299210878723,3689.1013323648785,118845.81863307227,114770.28947368421,137729.16666666666,0.03094236001651267
acceptance-1,false,acceptance,zswap_memo_statement,256,9,11,6,,,,,,100,20200.0,119269.29165988509,150.73606047038103,118999.19628645171,119590.16881044843,118863.45220588235,892.7063878636302,1514.8882732832187,119103.5035621398,116648.4375,129437.5,0.012701410834258645
acceptance-1,false,acceptance,zswap_memo_statement,257,9,11,6,,,,,,100,20200.0,119499.30225762431,309.66407330297744,118934.48970853153,120146.53378372257,118602.81440972222,1345.1098690941612,3110.434433825991,118497.2244606177,115213.75684931508,136965.7857142857,0.026028892010769366
acceptance-1,false,acceptance,zswap_memo_statement,258,9,11,6,,,,,,100,20200.0,126757.45539706858,409.7921908007422,126024.09853912145,127625.83259814598,125668.94914215687,2309.490962332519,4107.929258897806,127238.56747303088,121901.61111111111,151416.66666666666,0.03240779207842008
acceptance-1,false,acceptance,zswap_memo_statement,259,9,11,6,,,,,,100,20200.0,116949.97866611356,289.28387779147096,116406.86026642285,117543.98350532317,116248.03933080808,1552.9230382365572,2900.149831621304,116970.12121693512,111060.41666666667,129904.81034482758,0.02479820744474943
acceptance-1,false,acceptance,zswap_memo_statement,260,9,11,6,,,,,,100,20200.0,121574.34928786404,186.15721965613926,121243.04948766188,121969.03106210068,121173.35966117216,1002.767349621566,1873.0183971430467,121215.79507684351,119776.0,133038.67857142858,0.015406361688254726
acceptance-1,false,acceptance,zswap_memo_statement,261,9,11,6,,,,,,100,20200.0,122059.67722113954,261.41595622206563,121588.11586044107,122608.0476111915,121297.4384469697,1130.7671374830097,2626.6280244289032,122231.02561179252,119688.0896226415,137625.0,0.021519211620313845
acceptance-1,false,acceptance,zswap_memo_statement,262,9,11,6,,,,,,100,20200.0,116138.57150142668,170.77302912305947,115815.47271254327,116486.51442125408,115773.85602678571,766.118379461175,1718.1288077551242,116417.32030515738,111062.5,125322.75,0.01479378285390757
acceptance-1,false,acceptance,zswap_memo_statement,263,9,11,6,,,,,,100,15150.0,131056.86196960974,632.2006826453126,129943.33630693964,132406.91066196837,129734.10590277778,2736.9517617183024,6345.887766126458,131511.54209250776,124667.42922374429,168638.6432748538,0.0484208737395069
acceptance-1,false,acceptance,zswap_memo_statement,264,9,11,6,,,,,,100,20200.0,123312.82839984953,740.1958360504099,122145.99430093907,124986.34210892556,121414.13173076924,2024.7857224530408,7455.726762725506,124288.66040564505,118890.625,188056.0661764706,0.06046189078195374
acceptance-1,false,acceptance,zswap_memo_statement,265,9,11,6,,,,,,100,20200.0,125664.11753649387,627.977583862707,124543.03392746185,127000.26587070616,124025.94461697721,3425.513096201773,6312.776511320179,124200.72662258017,119335.08333333333,167606.1875,0.05023531486215147
acceptance-1,false,acceptance,zswap_memo_statement,266,9,11,6,,,,,,100,20200.0,123177.23807162454,504.7572740745072,122269.66287345265,124243.55839415826,121793.59892290249,1325.056124229869,5080.586775524993,123184.71620880745,119699.91438356164,148340.9090909091,0.04124614949209006
acceptance-1,false,acceptance,zswap_memo_statement,267,9,11,6,,,,,,100,20200.0,122377.18932410727,209.92973853576655,121998.0325898162,122819.48847427449,121912.90104166666,1368.755524017054,2104.1159417454737,122368.21322373282,120298.17708333333,134814.0625,0.017193693966715256
acceptance-1,false,acceptance,zswap_memo_statement,268,9,11,6,,,,,,100,20200.0,121544.20359434553,228.18302739533627,121136.29376698256,122027.61073846232,121055.72577247191,1501.6237514337815,2289.796865700122,121580.12900398995,118814.25,136832.17361111112,0.01883921073967733
acceptance-1,false,acceptance,zswap_memo_statement,269,9,11,6,,,,,,100,20200.0,127273.04750276558,556.2143060604457,126211.17141251393,128390.18448591893,127031.39046052631,5806.148875125382,5612.72329411037,128846.70743313138,117618.25,145727.5625,0.04409985778008819
acceptance-1,false,acceptance,zswap_memo_statement,270,9,11,6,,,,,,100,15150.0,125801.52654108693,273.2916893746062,125284.82473800487,126353.7696376258,125108.3428030303,1584.5521214897883,2752.464868920092,124986.71875375597,120470.39730639731,136397.58333333334,0.02187942344261724
acceptance-1,false,acceptance,zswap_memo_statement,271,9,11,6,,,,,,100,20200.0,116631.96828608906,226.2493603201823,116240.21698234126,117121.75205633801,116348.17559523809,795.5240797146538,2275.581808791467,116774.55362198906,112773.89705882352,131989.5,0.019510789727989874
acceptance-1,false,acceptance,zswap_memo_statement,272,9,11,6,,,,,,100,20200.0,123076.49100072427,136.75883280768517,122815.68497839887,123350.03131670257,122464.56743421053,885.0837534123392,1377.7354573429373,123460.07155386434,121118.0,127680.74324324324,0.01119413988927284
acceptance-1,false,acceptance,zswap_memo_statement,273,9,11,6,,,,,,100,20200.0,122202.55932548703,236.34189279487774,121737.79747925472,122663.68907390628,123186.24716652135,1609.8443850064998,2376.265585917271,120876.82540564504,118010.31060606061,127947.61785714286,0.01944530130165341
acceptance-1,false,acceptance,zswap_memo_statement,274,9,11,6,,,,,,100,20200.0,122410.89594264429,216.83671721148056,122002.83454407104,122849.8801387839,121950.23571428572,1901.0736061447728,2176.384334945915,122079.39871952121,119674.84177215189,130427.25,0.01777933506806176
acceptance-1,false,acceptance,zswap_memo_statement,275,9,11,6,,,,,,100,20200.0,122196.70034295795,467.07580670080114,121381.34561821481,123204.00027616342,120796.71054147466,1481.4078748405063,4717.380241462087,122267.83329318753,117593.75,154531.25,0.038604808707782295
acceptance-1,false,acceptance,zswap_memo_statement,276,9,11,6,,,,,,100,20200.0,123947.04558322208,280.20964910719994,123433.09399329631,124532.41135554164,123201.18944582815,1466.4517162249133,2812.6188513205816,123424.89343948574,120488.22826086957,139769.00337837837,0.022692100792609034
acceptance-1,false,acceptance,zswap_memo_statement,277,9,11,6,,,,,,100,20200.0,122764.03552698604,353.7717059726956,122146.50451846213,123526.4253623348,122185.43474842768,1989.7885599951549,3550.249935345455,123021.89521131964,119619.98148148147,148378.0625,0.02891929969640854
acceptance-1,false,acceptance,zswap_memo_statement,278,9,11,6,,,,,,100,20200.0,117454.96695172563,226.24199463259473,117044.34972308876,117926.89519115443,117053.93349358975,912.4638398206072,2272.688413409695,117162.16887173045,113489.28571428571,130052.25,0.019349444918270484
acceptance-1,false,acceptance,zswap_memo_statement,279,9,11,6,,,,,,100,20200.0,119291.89432235762,211.52555622838494,118924.92713415105,119750.4225719388,118663.47858796296,551.1158679487587,2129.453094489444,119288.39503546624,117682.3125,134793.75,0.01785077776311532
acceptance-1,false,acceptance,zswap_memo_statement,280,10,12,6,,,,,,100,20200.0,116488.64258932952,287.77070268960176,115994.96810923006,117114.33412334473,116146.20833333334,826.4925697826606,2879.1393918194976,116705.87466454855,111049.10714285714,135416.75,0.024716052379197606
acceptance-1,false,acceptance,zswap_memo_statement,281,10,12,6,,,,,,100,20200.0,122123.23219160849,268.19680834518323,121634.34489236113,122684.19373738395,121222.68367346938,1592.1418923137744,2708.1161715678704,121816.96790305896,118700.89285714286,138725.7,0.022175274294402064
acceptance-1,false,acceptance,zswap_memo_statement,282,10,12,6,,,,,,100,20200.0,119624.40269511197,185.1813907159385,119267.41859766797,119993.2874346802,119213.72123015873,1046.2283110427,1860.162404543935,119526.33034875129,112090.33333333333,125716.78773584905,0.015550024598952033
acceptance-1,false,acceptance,zswap_memo_statement,283,10,12,6,,,,,,100,20200.0,123709.24877230289,437.308365429592,122885.53286396,124598.38457916293,122137.09453551914,2356.1421938134004,4394.178130202249,124216.28037239544,119321.42857142857,141981.47222222222,0.03552020704846488
acceptance-1,false,acceptance,zswap_memo_statement,284,10,12,6,,,,,,100,20200.0,125812.81732253419,595.5004369773147,124726.28049420929,127062.06810412458,123890.33181518877,2682.9877373361933,6004.09849332907,127374.51875720407,120140.625,155590.75625,0.04772247073950297
acceptance-1,false,acceptance,zswap_memo_statement,285,10,12,6,,,,,,100,20200.0,122234.05196150544,272.04206829296226,121728.73022708733,122794.66655143877,121469.56805555556,1752.4860057461397,2725.2174312377706,122385.94503694399,119029.9375,133833.3355263158,0.02229507561523044
acceptance-1,false,acceptance,zswap_memo_statement,286,10,12,6,,,,,,100,20200.0,118191.30816943715,104.16581857012612,117992.52960263219,118401.95019734795,118264.23333333334,589.1280876658958,1046.3977258492082,118144.42351928477,115754.77083333333,123906.25,0.008853423674345912
acceptance-1,false,acceptance,zswap_memo_statement,287,10,12,6,,,,,,100,20200.0,127552.09561400246,550.8222763022351,126528.17403593643,128686.79430000013,126003.5254032258,3988.178617097312,5558.10063089579,127294.65519949756,115881.91666666667,158690.89606741574,0.043575141624608724
acceptance-1,false,acceptance,zswap_memo_statement,288,10,12,6,,,,,,100,20200.0,124015.0483951399,671.3483692893095,122828.54147677252,125444.0336833843,122349.55833333333,2212.701764738429,6723.827750238127,125929.83446726762,118482.625,158967.77666666667,0.054217837570925236
acceptance-1,false,acceptance,zswap_memo_statement,289,10,12,6,,,,,,100,20200.0,126524.38960269405,1095.7682781105273,124578.019333294,128852.2948720195,123328.28528911565,2337.209364129331,11022.881539070613,123785.55053421014,120124.03846153847,187963.16964285713,0.08712060634067588
acceptance-1,false,acceptance,zswap_memo_statement,290,10,12,6,,,,,,100,20200.0,120970.65613566746,360.92519344031126,120294.04893967159,121712.94472901762,119831.30292207793,2394.1770735438017,3631.6752665633044,122321.5235436678,114131.95833333333,139240.38461538462,0.030021125639679215
acceptance-1,false,acceptance,zswap_memo_statement,291,10,12,6,,,,,,100,20200.0,123040.22838530543,384.243986273483,122341.61306335457,123843.32972478548,121714.75832970382,2082.297537650718,3871.583837043377,124494.71330648736,118833.375,142791.10054347827,0.03146600008673063
acceptance-1,false,acceptance,zswap_memo_statement,292,10,12,6,,,,,,100,20200.0,118044.65311484456,152.28559336442802,117775.17129786083,118369.60885356889,117887.5693121693,814.6895190085819,1530.8446672996934,118055.50606250923,114922.97727272728,129187.5,0.012968352457356527
acceptance-1,false,acceptance,zswap_memo_statement,293,10,12,6,,,,,,100,20200.0,117204.3431143528,237.27331755632045,116774.87492931461,117700.72476717063,116727.5625,631.9973209226594,2372.836128497528,116459.9844901729,114021.11184210527,129781.25,0.020245291816382797
acceptance-1,false,acceptance,zswap_memo_statement,294,10,12,6,,,,,,100,20200.0,122647.26633088691,276.243189099183,122114.78575900049,123198.62943816959,122142.88333333333,2930.6009873347857,2776.7413967230277,124168.65078690705,117834.55882352941,130927.68103448275,0.022640059414220683
acceptance-1,false,acceptance,zswap_memo_statement,295,10,12,6,,,,,,100,20200.0,122549.07894338197,325.52469865181354,121949.70850475956,123226.25550923203,121435.86158536584,1807.7653639474242,3270.8248930409304,122323.12893453524,118884.375,138158.89084507042,0.02668991820454286
acceptance-1,false,acceptance,zswap_memo_statement,296,10,12,6,,,,,,100,20200.0,122276.12519932186,220.36419128865523,121859.15792381576,122722.1196931429,121508.6474405191,1533.3931572067236,2215.9301390446526,122252.7953118073,119640.19791666667,129678.01339285714,0.018122345105657158
acceptance-1,false,acceptance,zswap_memo_statement,297,10,12,6,,,,,,100,20200.0,118264.98153382179,362.9502589807299,117591.30996095232,119019.16060812333,117571.45416666666,2188.5592969296226,3646.2219059029308,117091.10785503178,109208.35,134244.04285714286,0.030830951466898703
acceptance-1,false,acceptance,zswap_memo_statement,298,10,12,6,,,,,,100,20200.0,121858.70542411448,202.57982452899813,121473.47805330799,122265.92434268918,121317.55492424243,1595.8187336909677,2030.4549628328034,122172.79670164031,117539.9375,128406.25,0.016662371028528907
acceptance-1,false,acceptance,zswap_memo_statement,299,10,12,6,,,,,,100,20200.0,126185.80651630323,993.4115794888165,124434.05445432162,128312.1827227554,123432.25544690341,3347.670635650959,9988.874357940695,127341.48666617408,119291.11842105263,191988.91666666666,0.07916004686826747
acceptance-1,false,acceptance,zswap_memo_statement,300,10,12,6,,,,,,100,20200.0,123411.46193305023,456.7233044449983,122519.96475092764,124305.9000193774,125497.04657451923,5652.832297384944,4586.844485299207,120111.0751137875,117583.51293103448,136510.5,0.0371670865368043
acceptance-1,false,acceptance,zswap_memo_statement,301,10,12,6,,,,,,100,20200.0,119130.98394713123,213.70983455106332,118768.35553134227,119596.10412119527,118714.74263468012,693.7740416962071,2144.1907319027005,119180.87972587557,116650.10256410256,132927.0,0.017998598356698408
acceptance-1,false,acceptance,zswap_memo_statement,302,10,12,6,,,,,,100,20200.0,121945.13644363877,128.72349500102973,121703.84496994967,122210.0593947564,121744.95153061225,912.3870662993385,1292.28028848351,121802.78869809369,119744.05357142857,128093.75,0.01059722696756162
acceptance-1,false,acceptance,zswap_memo_statement,303,10,12,6,,,,,,100,20200.0,127586.33094532521,668.0356723230285,126391.56858498306,128994.59838424916,125958.210995086,4327.208945676693,6714.727515667097,128064.19850746269,120301.3231707317,174247.43181818182,0.05262889422335195
acceptance-1,false,acceptance,zswap_memo_statement,304,10,12,6,,,,,,100,20200.0,121468.13574811272,222.9976470924017,121026.69875465854,121900.43417178681,122188.83575851393,2076.476466165485,2244.0746350352565,120180.29089330575,117597.45890410959,125097.20833333333,0.018474595178514734
acceptance-1,false,acceptance,zswap_memo_statement,305,10,12,6,,,,,,100,20200.0,123232.95175800823,264.42679125858984,122733.08216481679,123769.0886200813,123067.57239540608,2721.2654108162915,2653.6395675040267,122483.3058659672,119936.13114754099,133042.725,0.021533522727873646
acceptance-1,false,acceptance,zswap_memo_statement,306,10,12,6,,,,,,100,20200.0,125171.78262510442,869.9791473423675,123751.93805704857,127109.46880908794,123159.16137611531,1657.3217900121385,8777.721113449032,126978.2376961726,118377.59375,195843.4769736842,0.07012539830753017
acceptance-1,false,acceptance,zswap_memo_statement,307,10,12,6,,,,,,100,20200.0,119613.22481329646,172.51770165127687,119286.24790779011,119962.52003979392,119001.84298245615,1242.5705867165623,1726.2488495505097,119403.18485000738,115960.28125,126291.75,0.014431922993841198
acceptance-1,false,acceptance,zswap_memo_statement,308,10,12,6,,,,,,100,20200.0,124025.64363446047,253.39836863033798,123558.47417541317,124550.5730192618,123255.93480861244,1464.212993135845,2544.1839830399663,124262.5061814689,121256.73529411765,138325.76136363635,0.020513370529552856
acceptance-1,false,acceptance,zswap_memo_statement,309,10,12,6,,,,,,100,20200.0,126463.04313727573,437.35893945948055,125638.68794422848,127350.21337027279,125911.43818681317,2913.711504040497,4388.466719998872,126107.87225210581,119586.37640449438,146641.8142857143,0.03470157455593716
acceptance-1,false,acceptance,zswap_memo_statement,310,10,12,6,,,,,,100,20200.0,117520.05854408356,180.8035877197713,117177.16357051424,117887.26709443136,117415.12015086207,767.5296513736233,1817.8386312607913,117729.4407300133,111449.08333333333,126406.25,0.015468326460872997
acceptance-1,false,acceptance,zswap_memo_statement,311,11,13,7,,,,,,100,20200.0,130932.6381940947,251.79163486681554,130465.58012374333,131448.16355336757,130476.00347222222,1850.1867834887498,2541.161634600026,130622.0883308704,127130.63541666667,142197.75,0.019408160330757294
acceptance-1,false,acceptance,zswap_memo_statement,312,11,13,7,,,,,,100,15150.0,132658.6711950777,193.69904232330057,132294.94125809794,133052.9912381536,132057.0792682927,1465.9218315497617,1946.4870732478691,132957.13734003252,130193.45238095238,142194.33333333334,0.014672897411926537
acceptance-1,false,acceptance,zswap_memo_statement,313,11,13,7,,,,,,100,20200.0,130627.3596293836,379.7423957529169,129950.94551423153,131434.841135182,129401.57640350878,813.9062238923935,3808.5854942560672,130537.71110610315,127853.75,153439.95588235295,0.029156108682452123
acceptance-1,false,acceptance,zswap_memo_statement,314,11,13,7,,,,,,100,15150.0,154435.93158452993,3058.8114676829287,149030.86073759967,160942.1978689854,144492.76664976336,6203.687864141011,30709.631032533907,162360.62897591252,137775.79365079364,348794.6329588015,0.19885029809740298
acceptance-1,false,acceptance,zswap_memo_statement,315,11,13,7,,,,,,100,15150.0,132243.77978870142,224.51889511531854,131824.29104768086,132704.87606920823,131265.8931216931,1069.239052490429,2251.818016117575,132380.23926112015,129634.22222222222,142375.0,0.017027780208003135
acceptance-1,false,acceptance,zswap_memo_statement,316,11,13,7,,,,,,100,20200.0,131737.92581201548,302.10056978748247,131183.06025672873,132369.4107195251,131557.6923292273,2263.8550061491605,3037.098649607084,133155.44552312695,127039.34722222222,150239.6875,0.02305409494560357
acceptance-1,false,acceptance,zswap_memo_statement,317,11,13,7,,,,,,100,20200.0,131767.1249738563,638.8295417708313,130612.96539072171,133108.80649354742,129871.04119022869,1901.3381903187205,6414.3474532414775,132238.1739441407,123689.11538461539,166294.585,0.04867942177924985
acceptance-1,false,acceptance,zswap_memo_statement,318,11,13,7,,,,,,100,20200.0,129493.04506352165,142.8744571712022,129231.43917076573,129790.25683869865,129189.83618012423,656.1577817719137,1439.097384024754,129185.04913698832,126776.74324324324,137968.75,0.011113317964828286
acceptance-1,false,acceptance,zswap_memo_statement,319,11,13,7,,,,,,100,15150.0,133816.56299125426,416.5524071734885,133080.50820511996,134705.25119835138,132822.61340277776,2550.6265587458047,4208.159266626946,133613.05546918872,129365.96666666666,162954.09259259258,0.03144722276944129
acceptance-1,false,acceptance,zswap_memo_statement,320,11,13,7,,,,,,100,15150.0,132710.83670879796,260.7963176333596,132227.2119660397,133248.1145238572,131745.22569444444,1409.2849057882756,2627.530282276747,132918.4751696961,129263.88888888889,143267.4827586207,0.019798912789934637
acceptance-1,false,acceptance,zswap_memo_statement,321,11,13,7,,,,,,100,20200.0,131410.00651563375,321.2170830683406,130822.63349853644,132078.4365279508,130477.39185139573,2057.608603302939,3222.785121378702,132107.01726245013,127368.67857142857,149860.63636363635,0.024524655365535573
acceptance-1,false,acceptance,zswap_memo_statement,322,11,13,7,,,,,,100,15150.0,134487.43035544961,261.7776160422753,133981.59741839732,135009.36384561873,134155.42604059167,2873.629381077805,2631.3182450385393,135269.66932269346,130828.5625,142740.2094017094,0.019565532913254257
acceptance-1,false,acceptance,zswap_memo_statement,323,11,13,7,,,,,,100,15150.0,135202.54107244295,608.8129354545957,134175.58758892186,136536.65369937263,133873.9560846561,970.2792724347474,6106.195910002249,135518.2315816955,131142.25252525252,176109.11904761905,0.0451633220911912
acceptance-1,false,acceptance,zswap_memo_statement,324,11,13,7,,,,,,100,15150.0,135564.0108387297,515.7828054772785,134671.39833351335,136679.3681218638,134444.42222222223,2924.336020106025,5171.313296918286,137711.41189103984,131607.1823899371,169294.125,0.03814665311924275
acceptance-1,false,acceptance,zswap_memo_statement,325,11,13,7,,,,,,100,15150.0,133809.79164683857,326.4911474063549,133182.04959441637,134461.79457861473,132313.85525166505,2167.126386501566,3294.985469409817,132995.08622629428,130339.72807017544,143166.27777777778,0.024624397279581784
acceptance-1,false,acceptance,zswap_memo_statement,326,11,13,7,,,,,,100,20200.0,127837.25865365313,285.77648199578385,127314.34407669716,128433.174336298,127142.74770833334,799.2505011257806,2870.6604310990556,127273.99239397074,123831.10119047618,141335.0625,0.022455585025305317
acceptance-1,false,acceptance,zswap_memo_statement,327,11,13,7,,,,,,100,15150.0,136559.99862839485,480.3494066791381,135676.61956363046,137554.1680041757,135799.69543650793,3731.370450699388,4822.5211016943595,137115.1272666371,129102.8,162488.50574712644,0.035314302505357636
acceptance-1,false,acceptance,zswap_memo_statement,328,11,13,7,,,,,,100,20200.0,130922.91986221107,346.9174008221275,130310.95897872047,131668.0590104795,129941.0929144385,1571.832252798497,3486.4278757824245,130443.27630042855,127951.78571428571,154612.92,0.026629622066569335
acceptance-1,false,acceptance,zswap_memo_statement,329,11,13,7,,,,,,100,15150.0,143130.25424824067,700.2987361166247,141829.16916752476,144569.3585450556,141198.40552995392,4293.980729880635,7024.036506252687,143916.98752672283,134658.9192982456,175963.89333333334,0.049074436031325816
acceptance-1,false,acceptance,zswap_memo_statement,330,11,13,7,,,,,,100,15150.0,134148.0606350124,598.6942956593281,133131.03792748644,135453.77240421606,132186.38910174544,1660.9767538450892,6016.211760957724,133345.24722821536,130197.3782051282,180740.00584795323,0.04484754928605732
acceptance-1,false,acceptance,zswap_memo_statement,331,11,13,7,,,,,,100,15150.0,133988.14238126628,330.66912958412865,133370.64470367774,134667.18580140313,132788.81136363634,1919.3237553942172,3321.0607758416745,134259.91911334416,129277.83333333333,150541.66666666666,0.024786228966377645
acceptance-1,false,acceptance,zswap_memo_statement,332,11,13,7,,,,,,100,20200.0,126610.61690719028,182.48244313390632,126277.2429734907,126996.67073267874,126701.937267312,648.6402094291087,1832.46647969164,126851.9681069898,120031.25,139468.75,0.014473245012579771
acceptance-1,false,acceptance,zswap_memo_statement,333,11,13,7,,,,,,100,15150.0,134405.3530236628,411.7227497665183,133719.82429946715,135316.39232148984,133409.05117014548,1221.8185697914616,4126.676091155167,134512.97442589034,131032.81818181818,165352.57894736843,0.03070321232241876
acceptance-1,false,acceptance,zswap_memo_statement,334,11,13,7,,,,,,100,15150.0,128615.48131205695,458.6177923653887,127819.88333287282,129611.08632652785,127763.99929676512,1071.6806234738706,4617.046330799879,127529.67202797892,123427.44444444444,153250.0,0.03589806051106429
acceptance-1,false,acceptance,zswap_memo_statement,335,11,13,7,,,,,,100,15150.0,133333.3787290592,304.6877725680658,132776.91955874054,133966.09758183203,132444.4374922868,1938.5087203989888,3060.857057279225,132847.83104970198,130078.375,148972.0,0.022956420113669034
acceptance-1,false,acceptance,zswap_memo_statement,336,11,13,7,,,,,,100,20200.0,131232.05203625932,279.0740402801251,130700.33715128043,131792.93268096788,130062.513053467,2030.9495216307407,2813.651096894358,132194.64988104036,127101.94642857143,142807.77319587627,0.021440273570643764
acceptance-1,false,acceptance,zswap_memo_statement,337,11,13,7,,,,,,100,20200.0,127163.49303218411,186.11684280239436,126814.79909500139,127548.05602147937,127102.44520620749,711.6225697931457,1875.8360658670886,127269.56309738437,120437.5,137885.25,0.01475137259238647
acceptance-1,false,acceptance,zswap_memo_statement,338,11,13,7,,,,,,100,15150.0,133004.9930014291,196.05839574537166,132637.16477854305,133403.61193573603,132879.3808114035,1681.2907139157326,1970.9104361304333,133203.25464656914,129906.81944444444,140380.95833333334,0.01481831915971197
acceptance-1,false,acceptance,zswap_memo_statement,339,11,13,7,,,,,,100,20200.0,129596.64447009412,133.53086761193836,129367.67195684761,129886.2429568215,129348.4375,696.3230912927693,1342.1101922920636,129603.62584971184,128220.5,138280.93076923076,0.010356056653934204
acceptance-1,false,acceptance,zswap_memo_statement,340,11,13,7,,,,,,100,20200.0,128411.48941206632,261.52365267786325,127920.03130316416,128944.18747113307,127529.46135752689,1233.1513219739184,2621.47697806638,129448.39380153688,123903.37068965517,140177.0,0.020414660635655318
acceptance-1,false,acceptance,zswap_memo_statement,341,11,13,7,,,,,,100,20200.0,128773.4465690331,250.38391692572728,128312.78207742146,129294.21333158198,128567.6383152174,956.7409289548731,2507.518465704227,128879.51926777005,120704.175,143906.25,0.01947232548722684
acceptance-1,false,acceptance,zswap_memo_statement,342,12,14,7,,,,,,100,20200.0,127366.37005324663,258.742945325954,126911.56949937543,127921.57846129079,127139.79640151515,629.3089100845502,2607.068155151522,127667.28391015221,121730.89583333333,143333.25,0.020469046531369422
acceptance-1,false,acceptance,zswap_memo_statement,343,12,14,7,,,,,,100,15150.0,133005.8096796816,297.6984116328279,132443.67496001878,133608.18472670263,131772.7365221987,1699.8102831556682,2993.594667816041,132545.0585517955,128747.26666666666,144295.16666666666,0.02250724742795466
acceptance-1,false,acceptance,zswap_memo_statement,344,12,14,7,,,,,,100,20200.0,133074.07273801434,294.02263738746524,132525.4997753317,133677.47301046047,132538.9107142857,2160.126099150084,2955.461516090774,131847.2263203783,130079.06626506025,144746.09375,0.02220914604386725
acceptance-1,false,acceptance,zswap_memo_statement,345,12,14,7,,,,,,100,20200.0,129165.01675107809,414.18006128990464,128431.39080610673,130048.71077627623,128433.44237231184,1943.0716007790122,4153.4871500264535,130048.47408009457,118120.53571428571,158059.06962025317,0.032156440300169634
acceptance-1,false,acceptance,zswap_memo_statement,346,12,14,7,,,,,,100,20200.0,129969.70958434642,268.9627150226721,129489.08296210153,130538.25252976886,129305.22014925373,816.3650343702627,2702.642928016007,129936.9449527117,125909.53947368421,142376.71470588236,0.02079440614785765
acceptance-1,false,acceptance,zswap_memo_statement,347,12,14,7,,,,,,100,15150.0,148169.65023485443,2049.4092624151767,144355.55377401577,152379.35844267922,138042.1313405797,3605.028632805796,20661.249341885796,157007.53797743953,134544.44666666666,233103.28638497653,0.13944319440004713
acceptance-1,false,acceptance,zswap_memo_statement,348,12,14,7,,,,,,100,20200.0,129220.83643977386,214.87948195365925,128846.2546363195,129683.82435643159,129113.79578923149,748.0517088998843,2165.4826417081554,129259.57347716861,124520.83695652174,144406.25,0.01675799895257159
acceptance-1,false,acceptance,zswap_memo_statement,349,12,14,7,,,,,,100,20200.0,127259.98025941482,227.83451913426464,126887.05831400311,127769.05549857162,127156.33626485303,561.1316616649133,2290.1418554047837,126986.48855992315,121835.73076923077,146500.0,0.017995774089673858
acceptance-1,false,acceptance,zswap_memo_statement,350,12,14,7,,,,,,100,15150.0,134514.9244827778,308.3345044231413,133941.69629871604,135147.24529840742,134067.0745614035,2222.389346244505,3092.21001372439,133810.2134407172,130140.31060606061,147900.85185185185,0.022987858229220445
acceptance-1,false,acceptance,zswap_memo_statement,351,12,14,7,,,,,,100,15150.0,131464.80946244753,175.4614004115824,131131.66503009843,131817.64002533106,130934.08876811594,839.9908193368914,1767.104896008505,131458.2107442983,125887.75,138430.66666666666,0.013441657149423492
acceptance-1,false,acceptance,zswap_memo_statement,352,12,14,7,,,,,,100,15150.0,132602.81529991375,204.70769760312723,132217.53445335568,133014.7223122567,131980.08055555556,1831.919067906979,2066.949821580087,132614.4528062657,130138.23809523809,140333.33333333334,0.015587525927750277
acceptance-1,false,acceptance,zswap_memo_statement,353,12,14,7,,,,,,100,15150.0,133456.22134171496,301.80785313189904,132904.47265337632,134088.26428360978,132760.67177672958,1632.962949732527,3036.0934109820137,133275.50994039702,130224.35897435897,150769.45,0.022749733061961118
acceptance-1,false,acceptance,zswap_memo_statement,354,12,14,7,,,,,,100,20200.0,126886.45924867218,228.06971076217042,126447.08872563651,127342.73201968796,126775.80376940133,1088.0087362395316,2295.471848823774,127460.0101137875,119296.875,138114.5,0.01809075501370171
acceptance-1,false,acceptance,zswap_memo_statement,355,12,14,7,,,,,,100,15150.0,132584.83433400944,206.635307486005,132197.52261919944,133007.9450170631,131982.48778044872,1347.868701070547,2080.552499430275,132340.1470656618,127722.16666666667,141250.0,0.01569223591733667
acceptance-1,false,acceptance,zswap_memo_statement,356,12,14,7,,,,,,100,15150.0,132683.64037135956,282.9672577104823,132153.42736664583,133261.49316144275,131513.70120120118,1289.6385744961653,2853.150498023212,132491.91178070047,129519.45333333334,145083.33333333334,0.021503408333067405
acceptance-1,false,acceptance,zswap_memo_statement,357,12,14,7,,,,,,100,15150.0,134125.97524230703,328.8354492425615,133511.356968035,134799.45201756404,133383.17156862744,2751.5857877853637,3291.6362346844894,133308.5227772031,129859.98198198198,149950.90697674418,0.024541377825868113
acceptance-1,false,acceptance,zswap_memo_statement,358,12,14,7,,,,,,100,15150.0,133591.1386051519,315.8733220093051,133009.3326033194,134246.50560829733,132769.71207264956,2138.192693449741,3167.337418793325,133529.36675237672,129840.16666666667,147977.78333333333,0.023709187988545054
acceptance-1,false,acceptance,zswap_memo_statement,359,12,14,7,,,,,,100,15150.0,144109.27142110295,1066.932075127113,142252.21631611808,146411.01198052661,141158.36,3320.124197540841,10724.200987560773,144090.06622629426,134708.33333333334,218515.87301587302,0.07441714805582142
acceptance-1,false,acceptance,zswap_memo_statement,360,12,14,7,,,,,,100,20200.0,126912.97803122661,230.6034582215427,126493.15713224545,127396.14246675816,126712.19437855788,818.395185470581,2316.269784854006,126406.22870400472,122523.5064102564,138905.86111111112,0.01825085047081705
acceptance-1,false,acceptance,zswap_memo_statement,361,12,14,7,,,,,,100,20200.0,128789.81055129273,681.6748311188143,127725.72469023222,130332.2856827228,127434.23352130325,1463.924315653407,6861.440113806612,127451.91402467858,121218.75,188861.60714285713,0.05327626529176334
acceptance-1,false,acceptance,zswap_memo_statement,362,12,14,7,,,,,,100,15150.0,132891.43530325693,462.3761014640564,132099.68939544706,133903.9752583907,131462.72926093516,1176.1327785425412,4650.580412431311,132284.111584651,130023.4375,166555.66666666666,0.03499533586809964
acceptance-1,false,acceptance,zswap_memo_statement,363,12,14,7,,,,,,100,15150.0,132907.1482978857,263.3108301452331,132416.08666449483,133449.55512849367,131934.06651908075,1348.585588009128,2657.8339826940082,132602.22483621497,129819.44444444444,145014.96153846153,0.019997675194542486
acceptance-1,false,acceptance,zswap_memo_statement,364,12,14,7,,,,,,100,15150.0,132596.72797023752,259.91141211562604,132111.6879568042,133127.8369559773,131678.9729609929,1356.8866715858755,2618.951155379083,131990.1554179597,129347.22222222222,143528.7857142857,0.019751250241762597
acceptance-1,false,acceptance,zswap_memo_statement,365,12,14,7,,,,,,100,15150.0,132944.25908974255,335.48804341779555,132354.89547100652,133664.0179391188,132191.8841269841,1455.6480136919702,3387.841326423118,133221.37362987045,129180.55555555556,155234.21212121213,0.025483171290128392
acceptance-1,false,acceptance,zswap_memo_statement,366,12,14,7,,,,,,100,15150.0,140317.13970207924,566.1715965606617,139301.24540981866,141509.99003372015,138775.97763786366,2628.154787678953,5690.313823659387,139267.82063937737,133541.66666666666,176805.66666666666,0.040553234164700316
acceptance-1,false,acceptance,zswap_memo_statement,367,12,14,7,,,,,,100,15150.0,135793.96853584624,1158.8819721824618,133899.27922658875,138369.12128431743,132325.4763902764,2114.27852153381,11571.469297302452,136395.33788286292,128198.42857142857,230118.921875,0.08521342606058288
acceptance-1,false,acceptance,zswap_memo_statement,368,12,14,7,,,,,,100,20200.0,130235.37494854456,237.315588348713,129842.83639045963,130758.98966202796,129802.19906850962,1037.2028438974985,2385.711164041408,130108.54303901286,126924.81521739131,149552.25,0.01831845736985049
acceptance-1,false,acceptance,zswap_memo_statement,369,12,14,7,,,,,,100,20200.0,126678.93171055953,245.88149150656116,126199.52682470137,127166.42329811833,126621.26449033977,1145.9590384495768,2467.450004674235,126938.81135215014,117664.0625,137583.25,0.019477982418670468
acceptance-1,false,acceptance,zswap_memo_statement,370,12,14,7,,,,,,100,15150.0,134861.1984291659,637.4627184319044,133724.16052309837,136207.03905512253,132804.38508371386,2363.3445760523973,6410.140290926011,136397.42363233338,129535.17777777778,174134.69444444444,0.047531390537752446
acceptance-1,false,acceptance,zswap_memo_statement,371,12,14,7,,,,,,100,20200.0,128237.69453088389,193.14312297170756,127878.36897265562,128633.94532538492,128154.39276485788,897.4312476491401,1948.2922656955795,128210.23706073592,122351.31818181818,138198.0,0.015192820432578552
acceptance-1,false,acceptance,zswap_memo_statement,372,12,14,7,,,,,,100,15150.0,133231.69248575167,328.88727108816136,132625.61568431143,133912.9819550021,132007.95065087493,1370.6296724306437,3299.1336300822713,133417.60474262352,130235.57692307692,148368.4351851852,0.024762378744344886
acceptance-1,false,acceptance,zswap_memo_statement,373,13,15,8,,,,,,100,15150.0,141122.51264326656,287.4010398738948,140606.32437887738,141724.91580459877,140242.55808080808,1234.885515437819,2880.4319929182566,141505.78557608,136888.875,157236.0,0.020410861023991922
acceptance-1,false,acceptance,zswap_memo_statement,374,13,15,8,,,,,,100,15150.0,141574.5372011975,293.7451981951673,141013.09573036467,142164.17872908065,140570.64430894307,1959.9242878394696,2950.8248906787076,142403.9432934338,132208.33333333334,152763.66666666666,0.02084290684620192
acceptance-1,false,acceptance,zswap_memo_statement,375,13,15,8,,,,,,100,15150.0,144261.489660147,296.07098882568926,143697.7373333206,144857.99091914488,143591.3125,2557.160390712425,2967.266849540134,144361.7320023644,140146.05208333334,157374.27192982455,0.02056866913360217
acceptance-1,false,acceptance,zswap_memo_statement,376,13,15,8,,,,,,100,15150.0,139784.6570982415,195.8877440796026,139417.72564300068,140186.33428395767,139629.8671875,735.0986520952216,1964.6943265492353,139657.26939756662,132367.42424242425,150291.66666666666,0.014055150023857313
acceptance-1,false,acceptance,zswap_memo_statement,377,13,15,8,,,,,,100,15150.0,138976.39339403503,186.15222498966392,138640.01399073884,139369.20701959572,138938.7733942414,959.3458767181958,1865.6785054911431,138993.74566474557,134455.94252873564,150486.33333333334,0.013424427414816044
acceptance-1,false,acceptance,zswap_memo_statement,378,13,15,8,,,,,,100,15150.0,138376.87764302987,283.4705153387883,137935.4734544165,139019.38396428654,138268.0568465767,850.5067121265761,2852.341291834665,138170.6858923206,132646.23529411765,163861.33333333334,0.02061284616634316
acceptance-1,false,acceptance,zswap_memo_statement,379,13,15,8,,,,,,100,15150.0,141311.51139946893,228.19578336654004,140885.10904060074,141778.47683725128,140814.70940170938,1548.1440352486713,2295.373817336811,141385.88866656815,136801.61904761905,152805.66666666666,0.01624336046373528
acceptance-1,false,acceptance,zswap_memo_statement,380,13,15,8,,,,,,100,15150.0,142139.29706627675,362.36937389347634,141472.4705095746,142892.87307512236,140942.9945799458,1946.5050478500486,3639.2939060037907,142869.44536426777,138954.33333333334,159764.0,0.02560371397015464
acceptance-1,false,acceptance,zswap_memo_statement,381,13,15,8,,,,,,100,15150.0,140052.3072134923,273.14265633174944,139559.7884922994,140624.3742367145,139535.27199074073,854.2862592707646,2752.163329482582,139486.90851977735,134040.96666666667,156958.33333333334,0.019650967443808343
acceptance-1,false,acceptance,zswap_memo_statement,382,13,15,8,,,,,,100,15150.0,138539.07123689973,217.76974833678153,138145.6986253491,138999.69131489046,138372.28095238097,877.5842152498017,2191.6469391032483,138476.03259839417,133526.16666666666,151341.83582089553,0.015819702842929884
acceptance-1,false,acceptance,zswap_memo_statement,383,13,15,8,,,,,,100,15150.0,138030.58819904592,213.00279907992453,137655.2211986507,138488.8462134334,137903.88461538462,836.2974451254352,2139.2885368321417,137602.30535441605,131483.97435897434,154291.66666666666,0.015498655513567744
acceptance-1,false,acceptance,zswap_memo_statement,384,13,15,8,,,,,,100,15150.0,144696.61408244725,264.7432327786202,144197.31810428304,145232.43067955086,144418.7095867096,2474.9632765889974,2665.4561430639046,145226.0167380917,140785.11764705883,156930.66666666666,0.01842099872181628
acceptance-1,false,acceptance,zswap_memo_statement,385,13,15,8,,,,,,100,15150.0,143754.28409917097,244.21063697520046,143288.32811706452,144246.900888854,143024.61786987522,2108.5076153324003,2453.457062238113,144125.33907098172,139986.125,153570.9219858156,0.017067018750867698
acceptance-1,false,acceptance,zswap_memo_statement,386,13,15,8,,,,,,100,15150.0,137754.8383395191,276.518295838871,137255.13692553187,138332.91670992834,137285.68913043477,802.6888919994235,2785.6532849810637,137946.7747106054,132248.74242424243,152597.0,0.020221818112227535
acceptance-1,false,acceptance,zswap_memo_statement,387,13,15,8,,,,,,100,15150.0,139677.60611240054,177.13512257195796,139379.13242802702,140069.4600549154,139552.90191804708,634.3504925841789,1786.2999465471944,139605.3943460913,136020.67441860464,154347.0,0.012788735404798773
acceptance-1,false,acceptance,zswap_memo_statement,388,13,15,8,,,,,,100,15150.0,145231.11699309794,1063.5847389028281,143660.76018901085,147678.77532064085,143053.79545454547,2270.4666069737737,10678.442933809196,146936.17995172652,138967.55555555556,243276.21722846443,0.07352723820417002
acceptance-1,false,acceptance,zswap_memo_statement,389,13,15,8,,,,,,100,15150.0,146034.76925405752,341.17214561045995,145391.80432911645,146725.43632985442,145797.21412037036,2606.503416225314,3415.2041229510965,145863.24984385006,140065.97222222222,162082.10784313726,0.023386239731783644
acceptance-1,false,acceptance,zswap_memo_statement,390,13,15,8,,,,,,100,15150.0,144577.72682732527,346.7467801728419,143929.14153465084,145289.75059718534,143708.33823529413,2447.0565419114573,3484.5154401618115,144501.81905226342,139546.22222222222,159250.0,0.024101329552120444
acceptance-1,false,acceptance,zswap_memo_statement,391,13,15,8,,,,,,100,15150.0,146136.33768263896,537.0481497167599,145227.5656620225,147311.39479723427,144915.62288135593,2268.281402551434,5379.303691838808,145774.16007782868,141873.0119047619,187322.91666666666,0.03681017176933038
acceptance-1,false,acceptance,zswap_memo_statement,392,13,15,8,,,,,,100,15150.0,148834.35934805122,1226.146210977183,147010.23650851948,151659.80713779596,147195.31678921566,4393.577538689538,12256.824627176677,147793.71045958326,141284.72222222222,260459.45945945947,0.08235211735291527
acceptance-1,false,acceptance,zswap_memo_statement,393,13,15,8,,,,,,100,15150.0,137367.6896567462,308.8051907985031,136824.80924720157,138022.32079464415,136714.6770317373,897.8199378526774,3096.824636799956,137514.6363903256,133714.2857142857,156604.88505747126,0.022544054169785402
acceptance-1,false,acceptance,zswap_memo_statement,394,13,15,8,,,,,,100,15150.0,136470.31874378008,198.03504109166,136106.26005747681,136886.9043635424,136532.28974358976,792.1330800770698,1987.1407595506569,136668.93384956405,129369.79166666667,150305.66666666666,0.014560973974725364
acceptance-1,false,acceptance,zswap_memo_statement,395,13,15,8,,,,,,100,15150.0,149070.6942645201,590.2363257653357,147971.38863928977,150285.1198694376,147800.91894712433,3878.3950461447225,5930.77486317759,150231.48934436726,140896.19298245615,175593.70222222223,0.039784981833207694
acceptance-1,false,acceptance,zswap_memo_statement,396,13,15,8,,,,,,100,15150.0,144050.82190955043,157.3285407749649,143746.58788035557,144366.172950897,143678.07539682538,1507.6960669830585,1580.3623578902864,143795.92946357324,140964.0804597701,148846.78125,0.010970866649289906
acceptance-1,false,acceptance,zswap_memo_statement,397,13,15,8,,,,,,100,15150.0,144575.57371420332,308.215559711826,143994.5485198657,145200.94433341207,144054.04175084174,2523.993631740277,3095.105276115756,144780.2358622728,139854.16666666666,157413.19444444444,0.021408217146239056
acceptance-1,false,acceptance,zswap_memo_statement,398,13,15,8,,,,,,100,15150.0,143909.28940560122,258.3691430684994,143422.54111559305,144435.43871984634,143106.23353909465,2073.732535891408,2596.592550121605,143762.395897739,140881.1851851852,153736.33333333334,0.018043258783685866
acceptance-1,false,acceptance,zswap_memo_statement,399,13,15,8,,,,,,100,15150.0,140195.52168929295,280.0385757520732,139687.65026533016,140786.9891087335,139689.04393939395,905.0850137381842,2813.7347102071803,140691.6234077139,133729.6222222222,158847.33333333334,0.020070075536671523
acceptance-1,false,acceptance,zswap_memo_statement,400,13,15,8,,,,,,100,15150.0,144237.13245296845,234.4324651559974,143795.85604238985,144710.50139017476,143591.11769005848,2132.0293008812328,2349.9366223249153,144087.9635545047,141373.09150326796,155275.73983739837,0.01629217513105484
acceptance-1,false,acceptance,zswap_memo_statement,401,13,15,8,,,,,,100,15150.0,137374.15737641708,298.94662700321726,136863.2647785364,138030.27477029344,136981.74113384483,671.6247790300957,3015.2265772196715,136729.6159026649,131450.84615384616,160444.66666666666,0.02194900871317223
acceptance-1,false,acceptance,zswap_memo_statement,402,13,15,8,,,,,,100,15150.0,148934.32653047438,1008.0569506435991,147205.26834630474,151133.96253291174,148251.73333333334,5076.610880525251,10155.862876439549,151906.31959312348,137707.57407407407,226986.1144278607,0.06819020915478134
acceptance-1,false,acceptance,zswap_memo_statement,403,13,15,8,,,,,,100,15150.0,151031.6645371211,590.6949138468193,149945.72373379933,152266.26779789603,148820.79187192116,3455.467234630173,5930.516922822283,150341.7660972366,145491.89583333334,185038.4019607843,0.03926671232153877
acceptance-1,false,acceptance,zswap_memo_statement,404,14,16,8,,,,,,100,15150.0,145530.5283949691,447.6365736869223,144799.45713037258,146529.11144151463,145107.89700495583,2657.419156984261,4498.8520233934005,145736.34568740457,137616.66666666666,183780.36046511628,0.030913459004172236
acceptance-1,false,acceptance,zswap_memo_statement,405,14,16,8,,,,,,100,15150.0,147306.87995991806,901.0096084919194,145701.28481380243,149226.7473169035,143793.48039215687,2137.4993885266367,9070.255800570847,144237.60271907787,141303.88666666666,200398.22222222222,0.0615738776290615
acceptance-1,false,acceptance,zswap_memo_statement,406,14,16,8,,,,,,100,15150.0,139261.16191774566,291.81795000776833,138743.5481964665,139883.73548270637,139094.77853641455,1197.3088002007678,2929.16326843616,138824.1447465642,132967.18181818182,158958.33333333334,0.02103359779639254
acceptance-1,false,acceptance,zswap_memo_statement,407,14,16,8,,,,,,100,15150.0,146711.11014493805,595.0641616824333,145702.23475891724,148020.90927890007,145411.76067907998,2221.465859494119,5989.325068542356,146517.05914388454,142587.6225490196,188043.9814814815,0.04082393666454718
acceptance-1,false,acceptance,zswap_memo_statement,408,14,16,8,,,,,,100,15150.0,148613.6159124297,706.153188394374,147310.58299850533,150075.49478941938,145809.0303030303,3565.9143099788466,7085.042548776194,148561.9869769962,141224.63768115942,185156.7925925926,0.04767424912769125
acceptance-1,false,acceptance,zswap_memo_statement,409,14,16,8,,,,,,100,15150.0,143210.56903961566,278.2201458545221,142703.76322035817,143794.19702583484,142537.5621278508,1859.123302560374,2796.5259548235786,143544.35031968867,140055.57142857142,159136.33333333334,0.019527371293734535
acceptance-1,false,acceptance,zswap_memo_statement,410,14,16,8,,,,,,100,15150.0,144071.6207063144,255.52412826324445,143584.20971832285,144585.9247499969,143274.17744955904,2161.9929022725855,2571.503216958973,143684.5449229102,140680.54761904763,152116.4126984127,0.017848783850366368
acceptance-1,false,acceptance,zswap_memo_statement,411,14,16,8,,,,,,100,15150.0,142891.1539649864,268.81944855869193,142406.8541573866,143457.4146170723,142093.31504922645,1186.0926147380897,2702.4701280405693,143089.41946702133,139460.66666666666,159805.66666666666,0.018912788182134592
acceptance-1,false,acceptance,zswap_memo_statement,412,14,16,8,,,,,,100,15150.0,143388.25372538288,242.81358212503793,142932.30428193684,143880.0831205992,142600.35581699345,1680.8268363750456,2430.4456817475907,143072.56026304123,140172.9696969697,154238.23076923078,0.016950103084471476
acceptance-1,false,acceptance,zswap_memo_statement,413,14,16,8,,,,,,100,15150.0,140636.79544019987,316.2324063354963,140072.5627663893,141309.64613844387,139803.86781609195,768.6864082285663,3174.4544389584335,141455.00680163538,136279.66666666666,159563.1472868217,0.02257200492248305
acceptance-1,false,acceptance,zswap_memo_statement,414,14,16,8,,,,,,100,15150.0,141272.29500207194,291.5920767463874,140741.16669998228,141880.26266435103,140075.23148148146,814.9702030313704,2931.3497262400374,141426.64183242206,137398.9696969697,157777.66666666666,0.02074964327716942
acceptance-1,false,acceptance,zswap_memo_statement,415,14,16,8,,,,,,100,15150.0,140598.7999775801,193.53294659713737,140245.43176146288,140998.59147502686,139832.84701797384,772.1425590189936,1951.7222367004113,140174.84149056696,138664.4144144144,149597.33333333334,0.01388149996309807
acceptance-1,false,acceptance,zswap_memo_statement,416,14,16,8,,,,,,100,15150.0,153525.96246578454,1011.4229048239878,151709.84114317922,155655.5534306296,150025.00833333333,4072.836438499129,10165.751176056076,157717.52574158908,141723.08333333334,209050.45238095237,0.06621519261487553
acceptance-1,false,acceptance,zswap_memo_statement,417,14,16,8,,,,,,100,15150.0,144497.9565835751,350.6756819205739,143864.12878895673,145231.50060111223,143583.18758620688,1881.3072036968913,3534.17630392845,144222.6893946111,139563.93333333332,164937.5,0.02445831337334064
acceptance-1,false,acceptance,zswap_memo_statement,418,14,16,8,,,,,,100,15150.0,143223.07118656128,225.10007225592454,142792.65369233466,143674.512736492,142276.0998341625,1567.223011247916,2257.9546928326067,143567.68259888675,140297.0,150048.61111111112,0.01576530006043099
acceptance-1,false,acceptance,zswap_memo_statement,419,14,16,8,,,,,,100,15150.0,143802.17977947625,457.4526458535057,142924.9416842718,144725.56392822167,141920.25043859647,3346.254391305682,4602.779453401013,144379.2509058667,138816.9393939394,157165.30718954248,0.03200771685421928
acceptance-1,false,acceptance,zswap_memo_statement,420,14,16,8,,,,,,100,15150.0,141404.51648085908,248.027336791844,140966.00216311595,141932.91939786155,141089.5843495935,1761.8443570375218,2503.6721260480217,141679.53209300034,138714.76543209876,158014.0,0.01770574369445212
acceptance-1,false,acceptance,zswap_memo_statement,421,14,16,8,,,,,,100,15150.0,141995.71745814598,547.5080430934808,140991.55446095386,143133.86178620884,139692.87628554145,1113.3008323930558,5523.941171612366,139945.8449485247,136816.04444444444,167372.91666666666,0.03890216740684858
acceptance-1,false,acceptance,zswap_memo_statement,422,14,16,8,,,,,,100,15150.0,152722.12663072278,668.5842416417935,151456.49581029714,154071.18642710964,152615.30707003546,5266.656359831485,6712.142592424746,155442.5075749963,142416.66666666666,180743.1399176955,0.04395003357080335
acceptance-1,false,acceptance,zswap_memo_statement,423,14,16,8,,,,,,100,15150.0,144889.6683938336,333.4890732467334,144261.2899906863,145565.8489007978,144008.70833333334,2284.398276110478,3355.852387007362,144002.3140564504,141045.70303030303,157277.13636363635,0.02316143327684077
acceptance-1,false,acceptance,zswap_memo_statement,424,14,16,8,,,,,,100,15150.0,145169.7757911474,353.096172327346,144511.2236999163,145896.1609509983,144409.39333333334,2865.6159152528135,3559.5652356159494,145498.91254617998,140091.66666666666,164181.62820512822,0.024520016072333256
acceptance-1,false,acceptance,zswap_memo_statement,425,14,16,8,,,,,,100,15150.0,153989.04756534495,808.7277631748992,152460.7103052052,155633.14537919924,152177.03168513783,6173.349928676546,8149.437083638591,153820.8610787646,142703.66666666666,187556.10666666666,0.05292218643134599
acceptance-1,false,acceptance,zswap_memo_statement,426,14,16,8,,,,,,100,15150.0,143764.68520542578,276.66220178402085,143253.1326653341,144336.14317868117,143070.1511965812,1871.2206646032191,2786.5809174720216,144153.46499187232,140027.76666666666,157823.79166666666,0.01938293060976879
acceptance-1,false,acceptance,zswap_memo_statement,427,14,16,8,,,,,,100,15150.0,145313.8830654985,249.06766731868248,144835.7311008791,145814.51680448477,144961.7945578231,2711.9956272057866,2510.61351674376,144510.88009753215,141992.28240740742,153930.33333333334,0.017277175888363888
acceptance-1,false,acceptance,zswap_memo_statement,428,14,16,8,,,,,,100,15150.0,145874.66461052722,806.5137081832063,144425.26734744653,147581.7441549334,143516.5255721393,3673.9056734489814,8134.634420806975,144464.0019949756,139632.799086758,195242.6787878788,0.05576454583478048
acceptance-1,false,acceptance,zswap_memo_statement,429,14,16,8,,,,,,100,15150.0,140653.94476436707,270.496523022143,140157.3068652191,141214.0315056957,139584.67582070705,760.6059596900146,2720.1100627748297,140406.07529087237,136748.46296296295,155805.66666666666,0.01933902435037809
acceptance-1,false,acceptance,zswap_memo_statement,430,14,16,8,,,,,,100,15150.0,152561.94532600633,546.1743191185662,151548.1209052619,153682.31691230202,152465.8118993135,3023.871978697339,5485.398593120077,152369.35693906705,142454.56378600822,181391.90579710144,0.03595522187003087
acceptance-1,false,acceptance,zswap_memo_statement,431,14,16,8,,,,,,100,15150.0,142781.93676866512,206.48180869270954,142395.64640296475,143203.9749863651,142174.79861111112,1876.2588545030626,2077.7559262877476,142881.48106989803,139413.16666666666,153208.33333333334,0.01455195225187428
acceptance-1,false,acceptance,zswap_memo_statement,432,14,16,8,,,,,,100,15150.0,150329.86218184346,1222.9887367476806,148051.98139584358,152828.89308383904,144871.01540817303,4290.615603870186,12267.210906573622,147257.93833210185,140670.45454545456,191257.68085106384,0.08160195671392846
acceptance-1,false,acceptance,zswap_memo_statement,433,14,16,8,,,,,,100,15150.0,139458.41179818084,218.3611170322646,139072.20407276775,139926.24865030195,139407.64838435373,1015.468663790006,2198.0482204108466,139105.6589990641,133085.52631578947,155944.33333333334,0.015761316883428893
acceptance-1,false,acceptance,zswap_memo_statement,434,14,16,8,,,,,,100,15150.0,136936.625972416,283.31530421957615,136444.85854009746,137549.0465694352,136537.15136660723,766.9643116181658,2846.6663395722467,136961.92991478252,132855.26315789475,155694.66666666666,0.0207882027131709
acceptance-1,false,acceptance,zswap_memo_statement,435,15,17,9,,,,,,100,15150.0,156410.1112025267,770.6851570078438,155191.13690318484,158146.7682313233,155058.4583333333,2555.2519449578203,7731.909625873443,156464.17387222304,150531.25,222518.59322033898,0.04943356645186337
acceptance-1,false,acceptance,zswap_memo_statement,436,15,17,9,,,,,,100,15150.0,154710.76191168418,251.96662261968157,154233.9618911409,155221.25517069965,154197.44728459948,2428.319169857639,2531.5582293182642,154937.81154228855,150981.14285714287,164419.38211382114,0.016363168263390692
acceptance-1,false,acceptance,zswap_memo_statement,437,15,17,9,,,,,,100,15150.0,155078.27423689092,396.5953523743493,154306.6334020879,155857.7686659174,155443.91835016833,4616.369444963935,3994.988127581414,155956.25873700803,146605.76923076922,167527.66666666666,0.02576110771956903
acceptance-1,false,acceptance,zswap_memo_statement,438,15,17,9,,,,,,100,15150.0,149030.48740942273,298.73477137512486,148470.00677576577,149639.49949628307,148132.61065891472,927.1036748003221,2993.058713848009,148449.10298408946,144199.89285714287,161031.57575757575,0.020083533013116668
acceptance-1,false,acceptance,zswap_memo_statement,439,15,17,9,,,,,,100,15150.0,156046.8379097887,200.25393713054552,155695.07155976363,156479.95074049034,155956.3076268301,1035.6584905177228,2009.2421912704167,156141.2585508103,152787.7142857143,171111.45267489713,0.012875891739837546
acceptance-1,false,acceptance,zswap_memo_statement,440,15,17,9,,,,,,100,15150.0,147506.04026160273,290.4059511147481,146985.1818044988,148121.17877581465,147106.46946946948,1095.4514796259318,2913.5846145695104,146863.6498645387,141275.95652173914,165152.66666666666,0.019752307155708696
acceptance-1,false,acceptance,zswap_memo_statement,441,15,17,9,,,,,,100,15150.0,154991.47594251717,237.35353840671382,154536.9477951255,155465.86580136983,154579.4727598566,2360.4628622115733,2383.289528834193,155074.78160583222,151149.33333333334,161635.41666666666,0.015376907112737613
acceptance-1,false,acceptance,zswap_memo_statement,442,15,17,9,,,,,,100,15150.0,151612.69647729094,309.21353926969374,151078.3123141123,152282.16404021153,150714.63574660633,1063.056973042174,3105.724344213555,152056.90914339194,149446.42857142858,173235.78431372548,0.020484592757564608
acceptance-1,false,acceptance,zswap_memo_statement,443,15,17,9,,,,,,100,15150.0,150747.0263441347,241.13516679673683,150312.60838219727,151257.09448111348,150262.1491073526,693.4809703666416,2425.29546644587,151020.3328870499,146343.92063492062,164640.5723905724,0.016088512823524984
acceptance-1,false,acceptance,zswap_memo_statement,444,15,17,9,,,,,,100,15150.0,151725.1650932888,179.39314824079796,151400.57779578652,152102.06306778963,151377.5225490196,1275.4169934547883,1808.972818073955,151658.34711097975,149240.72222222222,163250.0,0.011922694676006458
acceptance-1,false,acceptance,zswap_memo_statement,445,15,17,9,,,,,,100,15150.0,155015.05513149,298.05362626748655,154451.90664542475,155621.42922964576,154211.67913832198,2558.977680925312,2995.9659421276615,155277.8485138663,150328.66666666666,168810.57407407407,0.019326935306937527
acceptance-1,false,acceptance,zswap_memo_statement,446,15,17,9,,,,,,100,15150.0,156124.6829711297,381.49914315961655,155379.50950016626,156877.3635599503,155732.07089966678,3132.4713830869955,3811.447430265829,156638.20735727303,139597.0,169248.091954023,0.02441284336167802
acceptance-1,false,acceptance,zswap_memo_statement,447,15,17,9,,,,,,100,15150.0,153790.5260587911,636.7656111132809,152629.98045464512,155109.13098116883,151424.04331808945,1812.5898732456546,6389.676811032747,152181.05951628,149726.08333333334,181290.52549019607,0.04154792219509087
acceptance-1,false,acceptance,zswap_memo_statement,448,15,17,9,,,,,,100,15150.0,147879.4508603486,245.05587590161548,147433.32878859542,148394.71108513995,147544.20352014233,1314.0622989784322,2452.5792799943433,147587.97998916308,143382.26984126985,162680.66666666666,0.016584990448135085
acceptance-1,false,acceptance,zswap_memo_statement,449,15,17,9,,,,,,100,15150.0,155584.71071596612,288.9097132143228,155038.0385682534,156166.75383754598,154655.25382860866,2181.916668422329,2896.0112971145454,155150.62359095612,152029.0303030303,166861.14285714287,0.018613726784513385
acceptance-1,false,acceptance,zswap_memo_statement,450,15,17,9,,,,,,100,15150.0,155395.21265717078,269.81144428896533,154876.59027199005,155932.6330519134,155059.9795390071,2197.640799546889,2714.0843564311704,155550.55567016403,150871.5,163652.66666666666,0.01746568835694391
acceptance-1,false,acceptance,zswap_memo_statement,451,15,17,9,,,,,,100,15150.0,154586.88412939373,322.959055332384,154007.29338878745,155272.07451592787,153462.03898225958,1840.3078001475596,3250.7778018397676,155125.43940397026,150898.4871794872,176736.0,0.021028807328303298
acceptance-1,false,acceptance,zswap_memo_statement,452,15,17,9,,,,,,100,15150.0,154633.6263330935,320.1049759482734,154034.10880554156,155287.03989673936,153396.10666666666,1474.0747656657418,3228.372953923884,154201.80554750998,151619.61904761905,166805.66666666666,0.020877560919186515
acceptance-1,false,acceptance,zswap_memo_statement,453,15,17,9,,,,,,100,15150.0,159951.4871429757,1028.9612881184512,158129.96463872798,162135.02298461177,157149.5359014675,2252.019443690511,10366.464134274733,161258.19154721443,151379.66666666666,221777.776119403,0.06481005159400906
acceptance-1,false,acceptance,zswap_memo_statement,454,15,17,9,,,,,,100,15150.0,156515.3936138904,419.20825481692464,155739.77964202993,157377.47327724326,155422.71246077993,2371.608144916103,4212.384634185989,157114.59618935027,150819.45454545456,179700.81981981982,0.02691354848186734
acceptance-1,false,acceptance,zswap_memo_statement,455,15,17,9,,,,,,100,15150.0,151137.399319422,241.68843608884683,150685.6626768568,151632.50272474767,150642.31740276865,1187.5170604963112,2420.6479002154756,150970.2994345106,144984.43434343435,162180.66666666666,0.016016207180458007
acceptance-1,false,acceptance,zswap_memo_statement,456,15,17,9,,,,,,100,15150.0,153334.0941105259,322.2158569155763,152724.2320082079,153988.20178608046,152665.3043771044,2705.9755786259934,3234.76428573947,153192.65714102754,149745.61403508772,164858.86486486485,0.021096184149415557
acceptance-1,false,acceptance,zswap_memo_statement,457,15,17,9,,,,,,100,15150.0,154731.13659024655,273.50492139299155,154250.9129166121,155316.1754522388,154326.15884820747,1217.0136176968679,2761.696682763,154778.18450322645,149797.9696969697,173575.2558139535,0.017848357761866804
acceptance-1,false,acceptance,zswap_memo_statement,458,15,17,9,,,,,,100,15150.0,155389.00774321496,335.6665305172539,154748.29446604257,156063.6078466495,154235.11125706552,2316.516344015629,3377.5268217121275,155076.37372444707,150988.09523809524,167611.0,0.021735944329431545
acceptance-1,false,acceptance,zswap_memo_statement,459,15,17,9,,,,,,100,15150.0,150763.15927374578,176.0063854917669,150457.23608156678,151143.31803364534,150477.8500221533,598.6663969316685,1769.0244002252045,150426.09582286587,148311.0632183908,163291.66666666666,0.011733797625009482
acceptance-1,false,acceptance,zswap_memo_statement,460,15,17,9,,,,,,100,15150.0,154813.52852560856,326.04135743908904,154199.93107398791,155475.78675591553,153475.04340277778,2183.824622789335,3282.1266556198248,155472.39429387715,150907.19696969696,165612.96296296295,0.02120051578746175
acceptance-1,false,acceptance,zswap_memo_statement,461,15,17,9,,,,,,100,15150.0,166445.3815046078,374.0753534677839,165701.7725618082,167172.75618172146,166986.95959595958,1743.1120631850315,3760.4614759632955,166230.15374020985,153838.94276094277,181416.66666666666,0.02259276551845443
acceptance-1,false,acceptance,zswap_memo_statement,462,15,17,9,,,,,,100,15150.0,154070.70988777783,192.9127248539311,153699.73612437307,154456.9588178594,153393.69131701632,1334.2597771893534,1932.862936602221,154150.95176789322,149687.1403508772,160597.33333333334,0.012545297792228526
acceptance-1,false,acceptance,zswap_memo_statement,463,15,17,9,,,,,,100,15150.0,149908.5829932948,158.89590157535125,149602.30584868102,150227.22967250025,150005.7306878307,1001.2862767745752,1602.474729112718,149806.21616373578,143255.55555555556,159014.0,0.010689679650860246
acceptance-1,false,acceptance,zswap_memo_statement,464,15,17,9,,,,,,100,15150.0,150418.98928677538,230.11478889917316,150016.88718214934,150910.9055358122,150011.64020833332,900.7533644124645,2310.5048293939362,150407.30611496972,147758.4980392157,167305.66666666666,0.01536045974214688
acceptance-1,false,acceptance,zswap_memo_statement,465,15,17,9,,,,,,100,15150.0,154876.53316316308,286.8257194363131,154339.34483345918,155465.19289629927,154023.32204742363,2083.6387743644373,2896.388927210276,154888.00567656767,150971.2380952381,168046.40151515152,0.018701276869097515
acceptance-1,false,acceptance,zswap_memo_statement,466,16,18,9,,,,,,100,15150.0,153903.1293431441,279.19313747178387,153390.6383399419,154480.84112461633,152705.89726631396,882.1966658194094,2810.0173149742427,155416.34978966555,151590.26666666666,167222.33333333334,0.018258350736384297
acceptance-1,false,acceptance,zswap_memo_statement,467,16,18,9,,,,,,100,15150.0,155001.44218348863,305.5114235912776,154424.51031163277,155622.65312530095,154230.62914862914,2475.2125974085457,3071.9485955656332,155548.0676892764,150745.33333333334,168292.05555555556,0.01981883879460361
acceptance-1,false,acceptance,zswap_memo_statement,468,16,18,9,,,,,,100,15150.0,154375.14465663576,461.91734087852683,153504.40519108693,155307.79194998284,152162.5705128205,1597.2511122354647,4638.992339628829,151968.91282990985,148809.75,168582.10784313726,0.030050124648932097
acceptance-1,false,acceptance,zswap_memo_statement,469,16,18,9,,,,,,100,15150.0,150960.13283151202,156.21995962370812,150666.70373613675,151278.7220657232,150599.31412391737,900.6774791296551,1572.9804740277198,150936.35103985024,146557.19607843139,157597.0,0.010419840288451108
acceptance-1,false,acceptance,zswap_memo_statement,470,16,18,9,,,,,,100,15150.0,156154.40541102548,462.687000538942,155307.56844090903,157120.47471746735,155093.5916554206,3121.63961843056,4634.558831535461,155912.2398758682,151388.66129032258,183716.14583333334,0.02967933449803416
acceptance-1,false,acceptance,zswap_memo_statement,471,16,18,9,,,,,,100,15150.0,157171.73948273205,770.0429450718129,155848.5190429893,158839.8851690126,155161.9888888889,3145.2987791598143,7742.012471968705,158040.2491236885,151979.87606837606,212785.2564102564,0.04925829858121087
acceptance-1,false,acceptance,zswap_memo_statement,472,16,18,9,,,,,,100,15150.0,164883.23155421822,773.9693317031429,163414.4301233329,166449.2768755795,164346.66401654144,6686.167355502742,7790.731568368813,165424.00705285455,148015.85714285713,199063.318627451,0.04724999319173947
acceptance-1,false,acceptance,zswap_memo_statement,473,16,18,9,,,,,,100,15150.0,154365.9289351247,309.82798412441707,153818.16549067886,155029.99180046804,153350.5787037037,1286.481823877559,3123.7395143414556,154417.185069701,151789.80128205128,174722.33333333334,0.020235938952916664
acceptance-1,false,acceptance,zswap_memo_statement,474,16,18,9,,,,,,100,15150.0,155234.5254109865,326.1525811800356,154631.73858954525,155907.2382363016,154483.74542124543,2322.7614381676085,3274.632705486151,154909.53438254274,151044.0,171052.08333333334,0.021094744850196794
acceptance-1,false,acceptance,zswap_memo_statement,475,16,18,9,,,,,,100,15150.0,155138.32198645145,983.847908392172,153389.82022304254,157231.8255517586,151701.93041871922,2512.0555696975966,9905.043882612908,153022.86083444164,148908.18614718615,219194.33333333334,0.0638465322802572
acceptance-1,false,acceptance,zswap_memo_statement,476,16,18,9,,,,,,100,15150.0,152008.09668933915,482.595464647024,151108.41013667334,153002.06643060292,150790.038500817,3116.4467480229796,4854.757331311804,153235.507226245,145621.35519125682,174835.51428571428,0.03193749173265114
acceptance-1,false,acceptance,zswap_memo_statement,477,16,18,9,,,,,,100,15150.0,147879.08048145814,287.3113889094686,147373.23129077544,148493.46359546125,147747.4982578397,849.2157620067302,2895.643102736783,147342.0494901729,143114.96296296295,166517.85714285713,0.01958115436821271
acceptance-1,false,acceptance,zswap_memo_statement,478,16,18,9,,,,,,100,15150.0,152427.84266969562,272.1486400665116,151920.56305068068,152983.35278091085,151398.84324115474,1717.5950332247262,2731.2826935930975,152032.5271937343,149789.68253968254,166278.0,0.017918528831452833
acceptance-1,false,acceptance,zswap_memo_statement,479,16,18,9,,,,,,100,15150.0,155549.1038760539,352.05616167432345,154884.30254793502,156265.76392948482,154595.6617647059,2440.9049657859114,3543.5677950031927,154736.4570533471,149824.11111111112,168739.78431372548,0.02278102352699384
acceptance-1,false,acceptance,zswap_memo_statement,480,16,18,9,,,,,,100,15150.0,154146.6778575459,286.38168011281095,153633.36779714708,154749.44066565047,153309.18798449612,1193.6732164551242,2884.18745982906,154172.3774247574,149270.50793650793,168959.9014084507,0.018710668954503656
acceptance-1,false,acceptance,zswap_memo_statement,481,16,18,9,,,,,,100,15150.0,147265.5943032507,244.1733784640735,146811.08584266523,147769.24487525877,147152.4144672532,1287.8312291065308,2451.061589239859,147163.93190286192,139872.39583333334,161277.66666666666,0.016643816913491757
acceptance-1,false,acceptance,zswap_memo_statement,482,16,18,9,,,,,,100,15150.0,148795.39340839992,258.48188373003165,148310.1899331897,149329.95316190636,148814.67733522996,1087.7045732748634,2603.278077872546,148597.34949115806,139620.83333333334,163777.66666666666,0.017495690009214918
acceptance-1,false,acceptance,zswap_memo_statement,483,16,18,9,,,,,,100,15150.0,154484.1986105152,308.97959014788955,153931.1518353868,155139.46154644398,153624.21212121213,1675.3385181503609,3101.1392175838823,154461.34485197774,151711.83333333334,175291.66666666666,0.020074151566804962
acceptance-1,false,acceptance,zswap_memo_statement,484,16,18,9,,,,,,100,15150.0,150143.2716935869,566.7882045626343,149102.02109692595,151315.71639140733,148027.49123569462,1243.3026551922483,5692.081246014048,148455.38400866953,144605.97826086957,173670.83333333334,0.03791099782100442
acceptance-1,false,acceptance,zswap_memo_statement,485,16,18,9,,,,,,100,15150.0,157412.8116024252,843.9507841497408,155959.6752968743,159254.28922084518,155391.94461697724,2551.5328460539063,8485.43234014654,155394.62261366434,149173.6,209535.98484848486,0.0539056017980166
acceptance-1,false,acceptance,zswap_memo_statement,486,16,18,9,,,,,,100,15150.0,156635.37964532367,739.3992555105443,155388.79121527288,158260.20825294883,154515.7920622363,2806.012706036967,7428.154598667227,159434.66679178365,151268.55555555556,214729.24210526317,0.04742322338342156
acceptance-1,false,acceptance,zswap_memo_statement,487,16,18,9,,,,,,100,15150.0,150874.19101437737,460.24140623177743,150069.9006771138,151860.72441427928,150557.10234169243,1224.09348148977,4643.5518569564565,150609.91769173933,139396.80952380953,180339.2323232323,0.030777642125113067
acceptance-1,false,acceptance,zswap_memo_statement,488,16,18,9,,,,,,100,15150.0,166060.78070935037,950.4079273170099,164366.44095538068,168080.93199354468,163615.17236753856,3339.000923421802,9517.100807915818,164811.69027535588,156113.12365591398,227449.65,0.05731094823992924
acceptance-1,false,acceptance,zswap_memo_statement,489,16,18,9,,,,,,100,15150.0,155025.04878822505,294.0492587916824,154485.78996521537,155640.14376429314,154195.69332211,1919.8325172822833,2958.118127742728,155282.92535737157,151141.22222222222,172853.53787878787,0.019081549406791173
acceptance-1,false,acceptance,zswap_memo_statement,490,16,18,9,,,,,,100,15150.0,152791.53790188112,364.31981942987306,152122.13699293425,153546.27846875723,151453.53528428095,1708.2689525017104,3672.6521419877245,153976.49795576572,149615.21212121213,170304.412371134,0.02403701273264367
acceptance-1,false,acceptance,zswap_memo_statement,491,16,18,9,,,,,,100,15150.0,164415.5736928139,567.5170736735441,163354.5461470957,165582.70590093333,162748.61802100608,3451.019893053145,5684.433734631798,165476.75214817005,157544.51960784313,188125.3074074074,0.03457357236275147
acceptance-1,false,acceptance,zswap_memo_statement,492,16,18,9,,,,,,100,15150.0,165058.30445781464,445.6646010353913,164172.91192900846,165912.61406940478,166129.20198592258,3689.9892840133903,4492.011459162454,164951.32118023743,153415.39393939395,175021.95340501794,0.027214695279452094
acceptance-1,false,acceptance,zswap_memo_statement,493,16,18,9,,,,,,100,15150.0,155932.66052224257,322.8244159252791,155318.02528028502,156582.51068447295,155173.87286585366,2418.2558939239234,3243.108063809737,156218.5810373873,150774.25,166169.44444444444,0.02079813204589768
acceptance-1,false,acceptance,zswap_memo_statement,494,16,18,9,,,,,,100,15150.0,153058.5165310826,247.7739674126525,152617.798817588,153584.086255066,152435.14923747277,987.6992774648364,2496.5994850785823,153543.94145116003,151080.53333333333,167750.0,0.016311405217177714
acceptance-1,false,acceptance,zswap_memo_statement,495,16,18,9,,,,,,100,15150.0,163296.54645206415,1095.3182302976877,161482.78894602944,165727.3818074898,160780.5148898899,3717.6610100972257,11000.103114653019,160084.49132850597,155820.43537414967,250627.6507936508,0.0673627419173994
acceptance-1,false,acceptance,zswap_memo_statement,496,16,18,9,,,,,,100,15150.0,157090.23966192445,732.5240414395445,155932.33942862033,158742.17365476734,155776.90625,2429.1763948072658,7362.547112029797,156528.00876508545,151631.94444444444,220821.59770114944,0.046868265831631624
acceptance-1,false,acceptance,zswap_memo_statement,497,17,19,10,,,,,,100,15150.0,161311.5082997676,230.6248186804789,160879.04230454407,161780.98280878432,161000.23752913752,1060.4984661724066,2322.706926877958,161379.559163588,154819.45454545456,172986.0,0.014398891631225944
acceptance-1,false,acceptance,zswap_memo_statement,498,17,19,10,,,,,,100,15150.0,173310.49342578446,817.6401090368125,171783.76599137348,174990.38138350865,172547.32276595745,6851.447478362487,8205.332469986663,175680.55070193586,162840.8205128205,217601.78109452737,0.04734469510641821
acceptance-1,false,acceptance,zswap_memo_statement,499,17,19,10,,,,,,100,15150.0,164982.57508939083,206.96720426239676,164599.14367403512,165411.24539591587,164585.8148148148,1647.5448623027323,2087.061751310276,165175.4176740062,162486.33333333334,176555.33333333334,0.012650195029259695
acceptance-1,false,acceptance,zswap_memo_statement,500,17,19,10,,,,,,100,15150.0,171826.79842637156,1064.6143653985541,169839.51514923034,174015.1790613776,168490.45383738604,8386.386040910738,10744.571026528545,178350.78945569185,161554.16666666666,230299.22362869198,0.06253140444290263
acceptance-1,false,acceptance,zswap_memo_statement,501,17,19,10,,,,,,100,15150.0,165726.70519787856,440.44215629121834,164965.88794890986,166678.52124566934,164320.38355240982,1610.2939774721685,4429.101581838824,165173.8863504261,161404.33333333334,198722.2142857143,0.026725334197348904
acceptance-1,false,acceptance,zswap_memo_statement,502,17,19,10,,,,,,100,15150.0,162911.95636330987,677.4364476180617,161713.80701975728,164354.44203338484,161629.80555555556,2134.6509101725505,6812.644578680447,163583.12443623468,148430.55555555556,208299.32478632478,0.04181795327218078
acceptance-1,false,acceptance,zswap_memo_statement,503,17,19,10,,,,,,100,15150.0,174147.68502043904,782.46938603029,172695.6625577364,175762.67401069857,172040.29777777777,4983.07925694933,7850.380844168939,176073.7669513817,165201.375,207351.72972972973,0.04507886994448172
acceptance-1,false,acceptance,zswap_memo_statement,504,17,19,10,,,,,,100,15150.0,161226.56884520454,190.98016310502373,160899.73743704395,161643.96012089055,160979.17028985507,586.4432980258838,1924.1795956633503,161213.87985813507,155776.04166666666,176097.33333333334,0.011934630932391652
acceptance-1,false,acceptance,zswap_memo_statement,505,17,19,10,,,,,,100,15150.0,166197.66769545895,550.9259089320868,165198.98430385467,167354.3329045408,163962.30955981184,1279.8069080481223,5553.722170910901,165486.46766464706,160532.44444444444,197672.23333333334,0.033416366474453514
acceptance-1,false,acceptance,zswap_memo_statement,506,17,19,10,,,,,,100,15150.0,165707.8305900246,241.1165566470628,165247.3509061639,166193.1412189432,165190.58670715248,2006.984199761598,2416.452831532743,166125.26511501896,162076.33333333334,173678.38541666666,0.014582610990250997
acceptance-1,false,acceptance,zswap_memo_statement,507,17,19,10,,,,,,100,15150.0,171800.55239479177,317.229485909347,171192.67315721387,172434.67599276788,171118.65666666668,2405.4594825349404,3188.1084407030626,171512.42244914043,165333.33333333334,182139.27777777778,0.018557032537223156
acceptance-1,false,acceptance,zswap_memo_statement,508,17,19,10,,,,,,100,15150.0,165112.9128485173,205.46080132927756,164720.39130540777,165525.1321925624,164330.5087431694,1337.2381074094947,2067.7003657125897,165464.60633466332,161750.0,171793.0,0.012522947660729597
acceptance-1,false,acceptance,zswap_memo_statement,509,17,19,10,,,,,,100,15150.0,160921.29377021446,282.2656179331161,160387.55423722992,161494.1274381211,160409.49964387465,1975.0746774354182,2836.8622536249986,160488.0060489631,154127.97619047618,175250.0,0.017628880474176777
acceptance-1,false,acceptance,zswap_memo_statement,510,17,19,10,,,,,,100,15150.0,167523.40513459052,408.95169768846966,166776.41517408105,168379.18794986993,166482.25952380954,2814.8876472479606,4114.417939674597,169521.3617940003,162730.26315789475,189462.91666666666,0.024560257334603597
acceptance-1,false,acceptance,zswap_memo_statement,511,17,19,10,,,,,,100,10100.0,199847.08992589824,8200.379824991873,186826.81395007693,218297.5683975653,175545.82954545453,7779.6269405061485,82570.36170109235,176576.68234372692,167782.5350877193,908687.5,0.4131676960205365
acceptance-1,false,acceptance,zswap_memo_statement,512,17,19,10,,,,,,100,15150.0,157756.01147788623,259.47569710232864,157276.10792620297,158293.31357808335,157515.72335271316,1280.6936152998567,2602.6956337814363,157917.20603221515,150835.30952380953,172791.66666666666,0.016498234263144226
acceptance-1,false,acceptance,zswap_memo_validation,0,,,,0,1,,,,100,1000.0,2159780.422999999,3280.7548195067666,2153622.6199000007,2166509.151650001,2159237.5,26331.64270252017,33010.114574153784,,2104200.0,2308162.5,0.015284014163023923
acceptance-1,false,acceptance,zswap_memo_validation,0,,,,0,2,,,,100,500.0,4344618.7540000025,12558.867256246984,4321890.539500004,4370938.037650001,4317183.4,57858.46397280693,125949.52955795341,,4195366.8,4951075.0,0.02898977716790322
acceptance-1,false,acceptance,zswap_memo_validation,1,,,,1,0,,,,100,900.0,2233531.2011111104,4238.4434192059325,2225854.3949999996,2242432.302611111,2228324.0555555555,27654.69020903099,42444.92835282081,,2162338.0,2487185.111111111,0.019003508136222057
acceptance-1,false,acceptance,zswap_memo_validation,512,,,,1,0,,,,100,900.0,2332614.404444445,9636.897394649728,2317440.4585555564,2354481.8569722227,2318467.611111111,27603.046309947968,96640.83968152154,,2252833.3333333335,3137851.888888889,0.04143026789913798
acceptance-1,false,acceptance,zswap_memo_validation,512,,,,2,0,,,,100,500.0,4656270.420000001,22446.982529878387,4623544.90695,4707464.311850002,4619745.8,49679.55295801149,226647.4390074941,,4476533.4,6749883.2,0.04867574658765074
acceptance-2,false,acceptance,zswap_memo_aggregate,,,,,0,,0,0,,100,125406650.0,15.56326095897095,0.032012246624329777,15.50438083434791,15.629731995827322,15.478745134767983,0.24026730799141974,0.3215788773877933,15.493231574980571,15.182456140350878,17.41972375468127,0.02066269262178177
acceptance-2,false,acceptance,zswap_memo_aggregate,,,,,1,,1,2,,100,30300.0,76441.50278460867,194.64720707130164,76077.09700337857,76838.97276456571,75694.81666666667,1107.003172086454,1954.1835911458131,76409.96096596227,73984.375,84278.20833333333,0.025564431885283182
acceptance-2,false,acceptance,zswap_memo_aggregate,,,,,2,,32,4,,100,15150.0,156965.31739445828,733.4856386347407,155581.468261521,158461.721835881,154561.32392473117,4646.0588599139965,7379.617372769549,157781.98582729916,148414.33333333334,185170.06382978722,0.04701431816446662
acceptance-2,false,acceptance,zswap_memo_aggregate,,,,,256,,33600,960,,100,100.0,24821794.62,119952.84977318223,24607852.7615,25077262.974,24500687.5,512577.80629992485,1205549.5055846814,,23918209.0,31946500.0,0.048568184695772065
acceptance-2,false,acceptance,zswap_memo_control,0,,,,,,,,absent_statement_value,100,145495550.0,13.6395708239918,0.031869538857256546,13.582323994516564,13.706946242653048,13.607595872335953,0.12802861017006037,0.3195718123888923,13.695861618007017,12.560022213737808,15.817153170663982,0.023429755709524987
acceptance-2,false,acceptance,zswap_memo_control,0,,,,,,,,timer_floor,100,5787350500.0,0.3584646843344568,0.0026661202970748757,0.3533434015540454,0.36378821247029036,0.3568509807281284,0.029687149493227233,0.02688218773304119,0.3597109081701085,0.31760798571639287,0.42899198087276724,0.07499256944363149
acceptance-2,false,acceptance,zswap_memo_control,0,,,,,,,,transient_hash_anchor,100,65650.0,31228.745732411455,102.06296198114968,31042.258056546096,31441.04647545113,30996.88395563161,261.2493215157444,1028.0510917196996,31161.783885143966,29711.53846153846,35775.61538461538,0.03292002504771473
acceptance-2,false,acceptance,zswap_memo_statement,1,1,3,2,,,,,,100,30300.0,72387.62028926243,127.6638637226503,72161.11975812956,72659.60469386028,72317.61174075164,653.3204521146295,1285.673683306932,72338.67741884636,69837.5,81611.16666666667,0.017760960757783627
acceptance-2,false,acceptance,zswap_memo_statement,2,1,3,2,,,,,,100,25250.0,79734.44287617128,199.31233036399766,79323.20889661048,80107.24626849938,80276.37340425531,935.459610489913,1995.7481783214628,80368.54209546327,71185.17777777778,83610.41666666667,0.02502993820902327
acceptance-2,false,acceptance,zswap_memo_statement,3,1,3,2,,,,,,100,30300.0,73302.38516612495,571.0576663255991,72366.01388075831,74569.5167784317,72132.71241830065,438.8578353405828,5745.920116619459,73557.94975666223,67889.32291666667,117504.70903954802,0.07838653685821409
acceptance-2,false,acceptance,zswap_memo_statement,4,1,3,2,,,,,,100,30300.0,73413.7442039139,221.80787978962553,73006.3092489235,73872.50945117642,72780.20667550841,552.2690054323749,2236.6317820356035,72856.07187774002,69863.2,81893.22916666667,0.030466117840593155
acceptance-2,false,acceptance,zswap_memo_statement,5,1,3,2,,,,,,100,30300.0,72968.45643141441,185.4068957055996,72639.2890834975,73362.83173751716,72676.42583333333,674.5179617091238,1867.758296823176,72751.16642185114,70460.72988505747,85062.5,0.025596790560846617
acceptance-2,false,acceptance,zswap_memo_statement,6,1,3,2,,,,,,100,30300.0,73335.0452618952,111.07206650689005,73134.40518013272,73568.10203052056,73282.81458333333,439.7334498854709,1119.1807895217025,73339.93710359096,70381.25,80777.66666666667,0.015261199955967404
acceptance-2,false,acceptance,zswap_memo_statement,7,1,3,2,,,,,,100,30300.0,72317.79676575404,125.54997414736022,72081.1790941067,72572.75457105735,72374.38524028714,432.5817577890966,1260.0750457698439,72398.8038628639,68208.33333333333,78958.33333333333,0.017424134889664534
acceptance-2,false,acceptance,zswap_memo_statement,8,1,3,2,,,,,,100,30300.0,72635.22309534272,138.2175496583211,72382.06581140721,72922.9949629942,72424.28735119048,535.5513220854695,1388.861841279474,72417.88738633564,70273.45945945945,80541.66666666667,0.01912105149668806
acceptance-2,false,acceptance,zswap_memo_statement,9,1,3,2,,,,,,100,25250.0,79466.60198115924,161.29671382342755,79154.8757736637,79788.53472395326,79341.60444444444,850.9170796570361,1623.473616326038,79465.02131757056,73723.8,86805.53333333334,0.02042963428473949
acceptance-2,false,acceptance,zswap_memo_statement,10,1,3,2,,,,,,100,30300.0,73647.52943411391,131.29855102690715,73402.1198693453,73915.17533943578,73661.08493589744,771.8911125675093,1315.6278923449565,73322.50299788188,71264.9964539007,80236.16666666667,0.017863842853302163
acceptance-2,false,acceptance,zswap_memo_statement,11,1,3,2,,,,,,100,30300.0,73488.41255434969,229.2715848396151,73062.25635434149,73962.09262458015,72909.941617743,1032.0782174939427,2299.1542846417497,73994.76368602533,68143.69230769231,81968.89285714286,0.031285942976947125
acceptance-2,false,acceptance,zswap_memo_statement,12,1,3,2,,,,,,100,30300.0,71851.94943954535,135.18452158209175,71613.30070481305,72142.33020057969,71834.03547209181,482.49817263504025,1358.603644869984,71855.97360524112,69131.41025641025,81326.5,0.01890837556207272
acceptance-2,false,acceptance,zswap_memo_statement,13,1,3,2,,,,,,100,30300.0,72838.03319522773,253.35144014952087,72377.64146470549,73365.70842626822,72134.16769041769,1033.5687235881558,2536.1331173321983,72329.3807704054,68730.46875,84968.75,0.03481880284348978
acceptance-2,false,acceptance,zswap_memo_statement,14,1,3,2,,,,,,100,30300.0,72785.89723739389,201.00571350939447,72411.16305208439,73197.57588273706,72441.22117713199,810.4972631748933,2018.5384749181912,72460.08254174671,67420.83333333333,80984.375,0.02773254918235951
acceptance-2,false,acceptance,zswap_memo_statement,15,1,3,2,,,,,,100,30300.0,72511.58289568816,145.74305958484496,72247.71979171847,72819.44508187685,72327.82843137255,566.3283413478981,1461.2872645225352,72310.658378405,68940.96875,81736.16666666667,0.02015246676692572
acceptance-2,false,acceptance,zswap_memo_statement,16,1,3,2,,,,,,100,30300.0,74460.1475074213,162.0129028735225,74169.822724173,74806.80311444534,74060.50036231884,477.83797852392604,1625.2880541738618,74615.5210600463,72153.98550724638,85291.66666666667,0.021827623347266033
acceptance-2,false,acceptance,zswap_memo_statement,17,1,3,2,,,,,,100,30300.0,72431.90209314357,118.46370624858218,72215.21422537211,72679.28584621074,72377.38257831868,666.7711879638467,1190.7210228285987,72390.56564898281,69780.48148148147,79777.83333333333,0.01643917926243874
acceptance-2,false,acceptance,zswap_memo_statement,18,1,3,2,,,,,,100,25250.0,80380.28170789416,126.17680757716475,80126.1192825095,80620.38878817426,80595.37128104253,831.6627953982185,1270.0844224954913,80350.49815220926,75600.0,83225.0,0.015800945151088666
acceptance-2,false,acceptance,zswap_memo_statement,19,1,3,2,,,,,,100,30300.0,72290.49847082775,157.7158442604668,72010.86428626627,72628.85726406764,72140.48511904762,674.3688346942297,1586.1859548424686,72127.81998817793,69808.52857142857,83062.5,0.021941831753761683
acceptance-2,false,acceptance,zswap_memo_statement,20,1,3,2,,,,,,100,30300.0,76628.16019690566,136.16887721133057,76362.76919440502,76895.77783986548,76550.13598901099,1055.892669298472,1370.497871235161,76417.16420865967,71921.0,80583.33333333333,0.017885042100886865
acceptance-2,false,acceptance,zswap_memo_statement,21,1,3,2,,,,,,100,25250.0,78914.40946449302,152.27141114184812,78617.71528247872,79213.84184287078,78968.87564102563,1623.5224324952612,1525.5631791470294,79151.86522003842,75285.4,84176.2,0.019331870940926775
acceptance-2,false,acceptance,zswap_memo_statement,22,1,3,2,,,,,,100,30300.0,72182.72652797436,195.39689408505194,71824.16585957991,72589.35578736551,71993.94940262844,481.54386169846055,1964.9410922562654,71990.89990739373,67855.91666666667,80960.0625,0.0272217632496156
acceptance-2,false,acceptance,zswap_memo_statement,23,1,3,2,,,,,,100,30300.0,72293.12297071544,181.6705020477119,71962.69962790005,72674.33706426022,72179.92054554555,492.5440290333794,1817.9044891437277,72229.91689030097,65854.16666666667,84069.5,0.025146299045348007
acceptance-2,false,acceptance,zswap_memo_statement,24,1,3,2,,,,,,100,25250.0,80416.28873960584,399.69244910932673,79691.80363531235,81253.57504997347,79830.95902702703,1811.122036878409,4020.411692290234,80530.97544495345,74138.72941176471,99635.38550724638,0.04999499175233811
acceptance-2,false,acceptance,zswap_memo_statement,25,1,3,2,,,,,,100,30300.0,78658.18414761187,165.5530022522758,78342.76722458546,78992.68466536887,78523.87239583333,1265.0104003492397,1668.569972181319,78565.24616718388,74807.36956521739,85787.56818181818,0.021212922600018832
acceptance-2,false,acceptance,zswap_memo_statement,26,1,3,2,,,,,,100,25250.0,85348.63532863832,678.5665414534928,84113.46918211415,86761.16628835161,83628.7175487013,1742.682394407416,6828.474810570994,83958.37573577656,77941.01538461538,118108.4,0.08000684233881045
acceptance-2,false,acceptance,zswap_memo_statement,27,1,3,2,,,,,,100,30300.0,73231.81893190833,309.57422133906266,72668.54470806362,73885.48860995089,72459.33517156863,954.0564984045495,3118.022418211862,72237.15030491109,66096.05555555556,92218.52222222222,0.04257742691207807
acceptance-2,false,acceptance,zswap_memo_statement,28,1,3,2,,,,,,100,30300.0,72231.24214183376,127.10189168784497,72002.56007331859,72499.5449532352,72120.15637860082,412.1614254626936,1277.323647496272,72125.31489975864,69757.26984126984,79513.83333333333,0.017683811182259757
acceptance-2,false,acceptance,zswap_memo_statement,29,1,3,2,,,,,,100,30300.0,72268.22076173579,151.4438846019724,71999.50108858777,72589.63844487183,72218.42843855366,663.5565098764924,1519.244454959388,72333.30109501995,69867.73484848485,81479.16666666667,0.02102230328830497
acceptance-2,false,acceptance,zswap_memo_statement,30,1,3,2,,,,,,100,25250.0,79164.51260112187,154.09912786698723,78866.26018886978,79467.8581144066,79107.47008928572,1671.9184299008523,1549.8105800635235,79156.9642417615,76437.5,84308.33333333333,0.019577087373384025
acceptance-2,false,acceptance,zswap_memo_statement,31,1,3,2,,,,,,100,30300.0,73235.67113116063,135.0877869855939,72979.90388897741,73509.7478786214,72866.73711755234,774.3394026722181,1361.4264215026703,73375.98162898379,70212.36821705426,79048.66666666667,0.01858966266676847
acceptance-2,false,acceptance,zswap_memo_statement,32,2,4,2,,,,,,100,30300.0,71942.0861410651,140.08055515351268,71689.05439341522,72238.72914812836,71818.77222222222,510.94041810641204,1402.8923632897518,71903.46499433526,69344.51219512195,80625.0,0.019500301402699663
acceptance-2,false,acceptance,zswap_memo_statement,33,2,4,2,,,,,,100,30300.0,77133.4690261308,247.58068852443787,76674.8655422214,77642.85044623028,76515.8662463045,1364.6462814575298,2483.2720823394684,77204.900990099,74547.2,88824.42391304347,0.032194482028264554
acceptance-2,false,acceptance,zswap_memo_statement,34,2,4,2,,,,,,100,30300.0,72075.62987240106,134.33422124149138,71814.09849416018,72342.85234340938,72215.84190296539,583.3059180986111,1347.4746487518628,72094.53749519728,66755.20833333333,78163.16666666667,0.018695287868276168
acceptance-2,false,acceptance,zswap_memo_statement,35,2,4,2,,,,,,100,30300.0,72913.83075747006,292.1514901272482,72412.85310349106,73546.56675364719,72241.3073983074,770.4671688147515,2930.9993675294786,72750.10703856953,69140.86904761905,94896.7311827957,0.04019812615906477
acceptance-2,false,acceptance,zswap_memo_statement,36,2,4,2,,,,,,100,25250.0,78093.70457749059,256.53751391280105,77592.31311806581,78599.51263295341,78543.26214622642,1700.5462430905743,2578.036609254613,76582.5445775085,72360.0,89212.13913043478,0.03301209262900938
acceptance-2,false,acceptance,zswap_memo_statement,37,2,4,2,,,,,,100,30300.0,72442.58587134285,125.37888985242678,72218.52773597752,72709.19443029058,72279.34690563726,594.7451795221361,1261.8919216197635,72565.67606275553,69732.93055555556,80214.61929824561,0.017419200411493706
acceptance-2,false,acceptance,zswap_memo_statement,38,2,4,2,,,,,,100,30300.0,71972.36927558659,116.53492048155779,71752.01067167193,72207.40898528179,71759.8163841808,665.8247864490279,1178.0846636466572,72254.84675089897,68942.20430107527,77166.66666666667,0.01636856859798097
acceptance-2,false,acceptance,zswap_memo_statement,39,2,4,2,,,,,,100,30300.0,73048.37160438152,220.71368859773824,72645.33208667718,73509.21349813613,72417.7271072797,793.5132239060624,2213.1131224662913,73229.78433525442,69208.33333333333,84838.0395480226,0.03029654287780929
acceptance-2,false,acceptance,zswap_memo_statement,40,2,4,2,,,,,,100,30300.0,73185.86651400261,182.36670323725411,72881.17323663383,73588.42798316853,72878.15117845118,616.7733475803819,1820.2874991178871,72960.68916900645,70818.51111111112,87554.39814814815,0.024872117880432726
acceptance-2,false,acceptance,zswap_memo_statement,41,2,4,2,,,,,,100,30300.0,74823.31429333145,107.79433147982459,74626.35736284229,75048.33768577833,74630.89162732995,873.3706741497414,1080.7247388076696,75054.61696812965,73537.92948717948,81326.33333333333,0.014443689764541585
acceptance-2,false,acceptance,zswap_memo_statement,42,2,4,2,,,,,,100,30300.0,72636.94781140599,281.80319602963135,72126.06282890875,73226.42905351779,71964.48836140147,623.33491419158,2828.5147052911652,72940.17481503374,67184.0,85425.799086758,0.03894043996225033
acceptance-2,false,acceptance,zswap_memo_statement,43,2,4,2,,,,,,100,30300.0,72214.24625684817,151.37101002300415,71945.320024114,72537.33025633484,72209.73009660226,582.9279880812963,1531.5638395155286,71981.95365991823,68112.84375,83423.66666666667,0.021208610750683952
acceptance-2,false,acceptance,zswap_memo_statement,44,2,4,2,,,,,,100,30300.0,72214.94742323602,146.94403362169876,71955.6148799582,72528.9507283453,72109.78116556129,642.1293106587544,1476.2753222112206,72070.52409930545,69435.01984126984,82770.83333333333,0.02044279439212347
acceptance-2,false,acceptance,zswap_memo_statement,45,2,4,2,,,,,,100,30300.0,76623.25803625748,116.99538688178828,76406.60958622293,76865.51575486409,76560.51939102565,899.7373494489736,1172.1498495891406,76709.91546771095,74349.84684684685,83236.0,0.015297572559946343
acceptance-2,false,acceptance,zswap_memo_statement,46,2,4,2,,,,,,100,30300.0,73035.82317935867,187.14372632202574,72684.7066861513,73416.42415510744,72536.02059386973,1153.1362461954313,1878.0745533071633,72549.9792039801,69891.70833333333,81412.87878787878,0.025714429872243066
acceptance-2,false,acceptance,zswap_memo_statement,47,2,4,2,,,,,,100,25250.0,79890.38014100591,113.01195580978052,79668.06236102556,80110.35779158236,79948.6875,1031.1698144579084,1131.9809123317998,79304.69513580612,76202.63157894737,82371.42857142857,0.014169176693537597
acceptance-2,false,acceptance,zswap_memo_statement,48,2,4,2,,,,,,100,30300.0,77977.41657974834,565.9313819278104,76970.82737121789,79177.47005151724,76415.23737373737,1598.028178790067,5673.493305765566,76840.82625240136,72669.46666666666,109032.60869565218,0.07275815940841313
acceptance-2,false,acceptance,zswap_memo_statement,49,2,4,2,,,,,,100,25250.0,79425.7706381513,136.54720500333246,79157.59887153562,79692.07950213067,79531.69599217986,1156.7020822637758,1373.1763835526147,79433.86448293188,76266.8,83769.46666666666,0.01728880151265444
acceptance-2,false,acceptance,zswap_memo_statement,50,2,4,2,,,,,,100,30300.0,75822.96592028627,265.0363578417971,75350.00705043458,76386.5880747134,75019.48608068639,1353.5534260144118,2667.5889278632862,75938.36782325993,73689.86991869919,93198.28974358975,0.03518180666617235
acceptance-2,false,acceptance,zswap_memo_statement,51,2,4,2,,,,,,100,30300.0,78760.79994070093,534.7863532988684,77791.37559597199,79885.3360866097,76839.95927579365,1510.7131856715685,5374.739827003003,77089.27196542043,74182.3717948718,108845.80790960453,0.06824130571362465
acceptance-2,false,acceptance,zswap_memo_statement,52,2,4,2,,,,,,100,30300.0,72061.84446101272,117.83993272353493,71842.73606324443,72306.1016572007,72202.1747311828,403.05667581619224,1185.1161046839213,72091.67747007536,68180.56666666667,80062.5,0.016445819747579443
acceptance-2,false,acceptance,zswap_memo_statement,53,2,4,2,,,,,,100,30300.0,73104.61926950171,119.09392433849679,72894.49752689984,73359.7916325196,72934.37967479674,576.824705673628,1197.7963085566923,72961.83703019556,70608.33333333333,81555.5,0.0163846870488579
acceptance-2,false,acceptance,zswap_memo_statement,54,2,4,2,,,,,,100,30300.0,76594.53946172491,156.8339966832777,76307.70989999216,76918.81466476106,76151.00570776255,860.057626035266,1576.0339248472865,76689.1177439535,74832.74113475178,86048.66666666667,0.020576322227707198
acceptance-2,false,acceptance,zswap_memo_statement,55,2,4,2,,,,,,100,30300.0,73160.45886589648,223.42032798212625,72757.88913272985,73629.21546942077,72616.29469330105,805.6624741326051,2246.560014700133,72816.43794148072,70276.78571428571,84017.36111111111,0.030707298034011645
acceptance-2,false,acceptance,zswap_memo_statement,56,2,4,2,,,,,,100,30300.0,72550.25890625436,305.28529195064607,72051.55506501366,73234.68197295949,72250.28935185185,649.4263077011523,3068.4570081633883,72269.85121274814,67829.86666666667,98060.16666666667,0.04229422547103916
acceptance-2,false,acceptance,zswap_memo_statement,57,2,4,2,,,,,,100,30300.0,72608.85401760026,161.363474899148,72319.43204991713,72948.75923734046,72349.78814752251,694.8481293306401,1618.1308033097393,72583.94582779173,70329.60569105692,82180.66666666667,0.02228558521137804
acceptance-2,false,acceptance,zswap_memo_statement,58,2,4,2,,,,,,100,30300.0,73343.17674095143,211.65966480196957,72963.22411713707,73792.62228887777,72890.06035223368,1262.1532638536908,2128.4355444423372,73429.92235407123,70744.69117647059,87636.19892473119,0.029020225725427538
acceptance-2,false,acceptance,zswap_memo_statement,59,2,4,2,,,,,,100,30300.0,72792.8691071314,188.86653154792694,72450.27132351298,73187.86938067248,72395.79692218351,697.9240702274953,1897.9614335200033,72220.24604403724,69733.4247311828,83527.83333333333,0.02607345275437238
acceptance-2,false,acceptance,zswap_memo_statement,60,2,4,2,,,,,,100,30300.0,71687.5668624328,168.02913359790844,71369.05663217354,72028.43062192557,71653.87344771242,681.1555159817001,1685.5380046552107,71920.6361661987,66178.22222222222,80652.83333333333,0.023512278048015343
acceptance-2,false,acceptance,zswap_memo_statement,61,2,4,2,,,,,,100,30300.0,72409.94390950042,128.10636408134155,72180.34503745251,72681.39915890493,72220.50186314364,488.93331938622043,1286.6119686994273,72470.1344386976,70273.0752688172,80645.83333333333,0.017768443106480843
acceptance-2,false,acceptance,zswap_memo_statement,62,2,4,2,,,,,,100,25250.0,79481.76129481634,355.9306770352819,78820.65856164167,80216.28665056084,79200.36666666667,1546.5079397439952,3576.2719889031805,78278.8141752623,74054.77528089887,98784.32857142857,0.04499487593937376
acceptance-2,false,acceptance,zswap_memo_statement,63,3,5,3,,,,,,100,25250.0,91722.73564503808,177.43156893634105,91388.16200445457,92086.17393134086,91765.65727272727,1522.2701349098677,1788.7881167951366,91018.60494990395,88663.34897959184,99808.4,0.019502123483512834
acceptance-2,false,acceptance,zswap_memo_statement,64,3,5,3,,,,,,100,25250.0,90815.66340704322,170.29869763899612,90473.98503721184,91144.59819985859,91079.95353535353,1076.6239996112276,1710.6690199604004,91075.04032156052,84427.8,97530.35714285714,0.01883671776192442
acceptance-2,false,acceptance,zswap_memo_statement,65,3,5,3,,,,,,100,25250.0,88759.29893784433,614.0395237251296,87685.95055170704,90089.40790532564,86742.90267973856,1164.6900343030043,6169.727155007286,88382.84429436973,85473.82857142857,128758.52857142857,0.0695107693372812
acceptance-2,false,acceptance,zswap_memo_statement,66,3,5,3,,,,,,100,25250.0,82384.9377550729,204.45274123357288,82038.70079280113,82835.47959040978,82264.04784739984,514.2103842042778,2056.4508682486653,82051.82432156052,79418.46274509803,96855.44615384615,0.02496149082933595
acceptance-2,false,acceptance,zswap_memo_statement,67,3,5,3,,,,,,100,25250.0,91597.35481736949,216.31292044902216,91167.02672209268,92016.2694200328,91862.12580645162,1600.623897831701,2168.5628951690946,91349.24875247525,83894.2947368421,99008.4,0.02367495108884818
acceptance-2,false,acceptance,zswap_memo_statement,68,3,5,3,,,,,,100,25250.0,84406.46014029258,490.6035992533336,83573.91370866165,85480.80730152359,82960.15952380952,1398.4237117796126,4937.640588271369,83156.02485532733,80058.64528301886,122032.64166666666,0.05849837299259419
acceptance-2,false,acceptance,zswap_memo_statement,69,3,5,3,,,,,,100,25250.0,82583.76456930203,196.80994077112166,82241.06979057362,83007.89164255133,82389.34624652457,747.3442913112963,1978.4479606715515,82486.43685473622,78217.21333333333,97091.6,0.023956863325251928
acceptance-2,false,acceptance,zswap_memo_statement,70,3,5,3,,,,,,100,25250.0,83158.28605638612,134.4217965910454,82919.9311566984,83446.20071280467,83062.08883928572,549.3694902349512,1350.0583443529501,83040.24310684203,79655.95714285714,93008.4,0.016234802427716376
acceptance-2,false,acceptance,zswap_memo_statement,71,3,5,3,,,,,,100,25250.0,82647.39450692153,187.7191991886118,82303.19205183598,83040.68891100507,82310.68282828282,715.8383661611151,1883.4300230798488,82851.10408511896,78746.35,92558.4,0.022788740459593265
acceptance-2,false,acceptance,zswap_memo_statement,72,3,5,3,,,,,,100,25250.0,89427.03944873915,303.7396140769095,88857.55735763468,90049.49559413808,89018.12307692308,2190.7610597914095,3043.4882173824894,89506.63797014926,84031.16438356164,103652.54823529412,0.03403319886405342
acceptance-2,false,acceptance,zswap_memo_statement,73,3,5,3,,,,,,100,25250.0,82245.60714504053,168.97933298673095,81943.12117921686,82603.03441602747,82118.99813765183,690.555861438831,1704.7644543881213,82405.2409581794,78185.29411764706,93208.4,0.020727726544492047
acceptance-2,false,acceptance,zswap_memo_statement,74,3,5,3,,,,,,100,25250.0,96398.38429810877,358.47428772546687,95720.58147337663,97124.14673339279,96246.80176470589,2025.7728023485931,3603.059064526388,96818.6886992759,86752.8,114326.668,0.03737675782390759
acceptance-2,false,acceptance,zswap_memo_statement,75,3,5,3,,,,,,100,25250.0,83309.53434796815,145.37684126693637,83043.7739108677,83612.45324062259,83203.94094848339,610.5267430691378,1457.9697607002684,83323.36200265997,79345.0,91950.0,0.017500635096705797
acceptance-2,false,acceptance,zswap_memo_statement,76,3,5,3,,,,,,100,25250.0,82292.1486911407,185.16250966338097,81969.75513957703,82691.5794203262,82190.08085154826,495.993477473425,1859.7660541267253,81996.11473030885,78078.75,94775.0,0.02259955638182214
acceptance-2,false,acceptance,zswap_memo_statement,77,3,5,3,,,,,,100,25250.0,91792.27151224844,140.17273620733246,91508.59356372374,92058.93573347524,91842.7507803943,895.4667055541911,1408.9928502106275,91839.05631092064,83825.0,97021.68,0.015349798267304197
acceptance-2,false,acceptance,zswap_memo_statement,78,3,5,3,,,,,,100,25250.0,91057.6664640893,176.5920245831639,90715.29102939619,91407.31519495844,91113.62023295945,1251.7543009838141,1774.5707592861888,91207.42653820009,87300.0,97434.31842105264,0.01948842780839362
acceptance-2,false,acceptance,zswap_memo_statement,79,3,5,3,,,,,,100,25250.0,90991.61728927417,178.86693747807337,90633.74035116943,91333.97344893651,91385.80417687075,1510.229068424205,1799.049660350486,91036.31444066795,85514.668,94542.2131147541,0.019771597801488388
acceptance-2,false,acceptance,zswap_memo_statement,80,3,5,3,,,,,,100,25250.0,82763.63149930637,157.0367967096332,82474.31463123113,83087.19008689653,82531.78333333333,776.0588983220276,1579.2151007178459,82779.02142928919,79482.9268292683,90300.0,0.019081027162650314
acceptance-2,false,acceptance,zswap_memo_statement,81,3,5,3,,,,,,100,25250.0,82278.79602729854,169.7387896980276,81973.33339194462,82640.7030858208,82374.49545454545,624.9961964041023,1708.667420787298,82317.02919284764,76685.0,94725.0,0.02076680145174213
acceptance-2,false,acceptance,zswap_memo_statement,82,3,5,3,,,,,,100,25250.0,82426.85885396536,144.71537026589658,82166.0014481846,82731.6236276875,82381.38352941176,645.847566382647,1458.464692717682,82422.1098235555,78905.43478260869,92625.0,0.017694046734228048
acceptance-2,false,acceptance,zswap_memo_statement,83,3,5,3,,,,,,100,25250.0,83456.78518655851,879.2496762467974,82289.97192487895,85428.65966729906,82109.5894736842,781.2970074437644,8873.612432550772,82053.73391990543,79598.5142857143,168489.575,0.1063258357330058
acceptance-2,false,acceptance,zswap_memo_statement,84,3,5,3,,,,,,100,25250.0,82061.59991049377,147.00265932085912,81787.14084865773,82364.94946897998,82124.4320361991,443.31616103470293,1479.802206081255,82140.05164829319,76767.6,91375.0,0.018032821778947827
acceptance-2,false,acceptance,zswap_memo_statement,85,3,5,3,,,,,,100,25250.0,83009.52261018933,183.78995230565948,82670.46086349108,83390.53532147435,82581.29555555555,873.0198592886861,1842.5932510450293,82969.30027900104,79699.4909090909,93383.4,0.02219737197740314
acceptance-2,false,acceptance,zswap_memo_statement,86,3,5,3,,,,,,100,25250.0,84690.65911385747,360.0070947571571,84077.57914234392,85475.70129670853,83767.91233511586,1377.7688787942598,3627.75392612599,84131.08059878823,80923.5294117647,112796.52777777778,0.0428353488340298
acceptance-2,false,acceptance,zswap_memo_statement,87,3,5,3,,,,,,100,25250.0,83701.59871082488,143.2530891532921,83437.77671014609,83996.32499363295,83498.77796881247,677.7693071671945,1443.774341727218,83632.75297591252,80910.08421052631,90166.8,0.017249065298205576
acceptance-2,false,acceptance,zswap_memo_statement,88,3,5,3,,,,,,100,25250.0,81979.37270106816,175.53895082795063,81659.11527131703,82347.92100754326,81937.94000509943,602.7490500594806,1759.9206142412838,82087.92113846609,76966.65714285715,93625.0,0.02146784680408213
acceptance-2,false,acceptance,zswap_memo_statement,89,3,5,3,,,,,,100,25250.0,82358.60715771509,157.1685919322274,82091.1945339807,82702.45626146112,82182.88238636364,657.0141783356688,1584.3079480465278,81930.85632392493,79959.57037037038,94858.4,0.019236701575253815
acceptance-2,false,acceptance,zswap_memo_statement,90,3,5,3,,,,,,100,25250.0,90617.66383831574,247.92984527998786,90156.1977012948,91124.60188996326,90469.57817047817,1831.428439523056,2486.9365596935368,91297.13010019211,86882.97872340426,101566.75652173912,0.027444280224778746
acceptance-2,false,acceptance,zswap_memo_statement,91,3,5,3,,,,,,100,25250.0,83034.601003245,184.46535857620162,82699.95853243882,83421.18206574426,82646.22023809524,713.5073576336449,1860.7284037062575,83508.82195891828,79698.68421052632,94791.8,0.022409072618215387
acceptance-2,false,acceptance,zswap_memo_statement,92,3,5,3,,,,,,100,25250.0,83431.4359699851,129.36253140439393,83185.45278932348,83692.6839279836,83301.71407828282,683.1202928721876,1295.2597355587277,83249.43002866853,78889.10769230769,89908.4,0.015524840493272874
acceptance-2,false,acceptance,zswap_memo_statement,93,3,5,3,,,,,,100,25250.0,83765.30556014959,236.39246606354166,83329.57455053128,84255.61936735731,83238.43082321188,1306.0423809276585,2371.7119429627405,82791.33692507759,79857.69230769231,96104.9,0.02831377414674001
acceptance-2,false,acceptance,zswap_memo_statement,94,4,6,3,,,,,,100,25250.0,89135.61538597436,168.2067561152953,88808.79092407055,89467.77290553416,89088.59625468164,1754.6862432598546,1691.5474238850552,89103.05107551352,84923.2824742268,95682.3,0.01897723392114734
acceptance-2,false,acceptance,zswap_memo_statement,95,4,6,3,,,,,,100,25250.0,92034.83952728174,150.46406512695245,91742.57258663198,92333.3193570378,92054.609375,882.7662787027672,1507.7669030629409,91853.34931697945,87234.63111111111,99150.0,0.016382566762839803
acceptance-2,false,acceptance,zswap_memo_statement,96,4,6,3,,,,,,100,25250.0,90354.8073115707,229.06943845291775,89915.97552230148,90816.39292290171,90534.657,1791.506071690914,2304.134030576306,90294.89680094576,84388.57777777778,101233.4,0.025500956718671926
acceptance-2,false,acceptance,zswap_memo_statement,97,4,6,3,,,,,,100,25250.0,91317.81957294806,160.1273964401801,91006.7672751726,91634.47229585543,91320.41115810019,1576.4532342117056,1610.2805220920648,91148.19442766366,87590.4857142857,97135.4,0.01763380389087929
acceptance-2,false,acceptance,zswap_memo_statement,98,4,6,3,,,,,,100,25250.0,82585.56842817225,160.48548037747372,82297.70486035914,82925.64598709889,82480.61802656547,385.4894713380059,1612.8138329827611,82431.59544850007,79534.336,91616.6,0.01952900323481439
acceptance-2,false,acceptance,zswap_memo_statement,99,4,6,3,,,,,,100,25250.0,84533.47980361973,108.9056724447416,84343.02173545594,84767.82483348477,84449.05252525253,511.547908493969,1099.1050023042199,84516.24612915619,82514.48695652174,92725.0,0.013002008255871611
acceptance-2,false,acceptance,zswap_memo_statement,100,4,6,3,,,,,,100,25250.0,91612.51869243482,340.37972461613293,90947.13686527875,92280.69827361939,92015.82966764418,3710.9821899864623,3427.9823336453833,91760.14797635585,85982.10882352942,103323.7951807229,0.03741827408057562
acceptance-2,false,acceptance,zswap_memo_statement,101,4,6,3,,,,,,100,25250.0,83130.30006276198,191.28120239354462,82764.77764993349,83516.97588656406,82649.75588235294,1089.9295691114228,1931.777488716871,83176.43378808926,78720.84,89248.6301369863,0.023237946780637283
acceptance-2,false,acceptance,zswap_memo_statement,102,4,6,3,,,,,,100,25250.0,82753.08420127716,283.6696184146378,82241.92940111032,83350.55823325706,82391.12157142858,646.4181913669264,2843.799839416822,82701.58070459584,76426.68,100627.3111111111,0.03436488037714651
acceptance-2,false,acceptance,zswap_memo_statement,103,4,6,3,,,,,,100,25250.0,82483.08141448017,166.23193032049363,82187.20707248726,82839.55687036488,82398.95611899933,603.0837378385835,1668.2272292330351,82540.1351334417,78033.3,94733.4,0.020225083745964084
acceptance-2,false,acceptance,zswap_memo_statement,104,4,6,3,,,,,,100,25250.0,91257.96248416252,156.1065063826254,90964.53966310807,91575.98985736557,91181.2280612245,922.2875065084746,1569.9701716804632,91099.84895167725,87628.05333333333,99591.6,0.017203651374014906
acceptance-2,false,acceptance,zswap_memo_statement,105,4,6,3,,,,,,100,25250.0,82672.79510495927,256.46077291778204,82221.61171755249,83225.42037354938,82692.02556028368,802.1876474935056,2588.240249069394,83006.49591901877,75947.2,102200.0,0.03130703692530814
acceptance-2,false,acceptance,zswap_memo_statement,106,4,6,3,,,,,,100,25250.0,82207.1670560195,152.50147881554764,81916.66112191074,82515.20600311128,82305.6622851365,638.2406761772123,1532.3870283553895,82088.24177153835,76878.57142857143,90658.4,0.018640552682117787
acceptance-2,false,acceptance,zswap_memo_statement,107,4,6,3,,,,,,100,25250.0,82944.89909447198,223.2214423691545,82538.48508567497,83411.83859474608,82442.04146825397,885.4948951126603,2240.7112298416464,83448.86281897443,79023.10909090909,95008.76623376623,0.027014454828494485
acceptance-2,false,acceptance,zswap_memo_statement,108,4,6,3,,,,,,100,25250.0,82648.05035522286,197.37905632631706,82290.0787506386,83061.2549210313,82280.63571428572,563.3511402424241,1978.9761589276022,82912.66511541304,79321.36923076923,92066.6,0.023944619993114487
acceptance-2,false,acceptance,zswap_memo_statement,109,4,6,3,,,,,,100,25250.0,96037.99083807626,414.5778276757991,95290.56641231493,96909.11808056138,95742.46279069767,2932.5253300700747,4152.742729948345,94343.26048470518,89575.175,123783.2,0.04324062481638156
acceptance-2,false,acceptance,zswap_memo_statement,110,4,6,3,,,,,,100,25250.0,82371.91336179397,194.89674195779034,82032.1298093498,82792.28986103533,82121.1,724.7249488726814,1957.5334385919552,82380.54085355402,79205.95238095238,94750.0,0.023764574096926408
acceptance-2,false,acceptance,zswap_memo_statement,111,4,6,3,,,,,,100,25250.0,90914.93578475824,190.67541584208118,90547.75710517215,91294.53913715032,90934.43228021977,1333.1500947933887,1918.043440600205,90274.29156258312,85959.52857142857,98200.0,0.0210971214360332
acceptance-2,false,acceptance,zswap_memo_statement,112,4,6,3,,,,,,100,25250.0,84079.67351793515,165.2418338367484,83767.49417399538,84416.20470809848,83537.20631313132,1138.7129445334897,1666.4245732681181,83807.68405556376,80412.32173913044,91975.0,0.019819589010566872
acceptance-2,false,acceptance,zswap_memo_statement,113,4,6,3,,,,,,100,25250.0,82612.07678856007,162.653536394125,82321.43549079973,82959.7736313747,82472.38350314654,544.2580850634702,1644.4393855792641,82516.78656243534,78014.4,94191.6,0.0199055567842471
acceptance-2,false,acceptance,zswap_memo_statement,114,4,6,3,,,,,,100,25250.0,82627.76715672537,168.05641287578328,82324.60990338499,82980.90095063628,82436.33204991088,622.9226156075762,1692.5584705972499,82345.88104743608,78450.0,92633.2,0.020484136614594292
acceptance-2,false,acceptance,zswap_memo_statement,115,4,6,3,,,,,,100,25250.0,85551.07006448254,328.98495516222846,85001.97539508817,86278.61648638209,84856.5381422925,1165.1796599065212,3295.965083634362,86257.34228816314,80762.74117647059,112124.44533333334,0.0385262870604668
acceptance-2,false,acceptance,zswap_memo_statement,116,4,6,3,,,,,,100,25250.0,96032.33528825194,322.4146043697538,95433.15462337704,96699.92462899233,96090.13901601831,1788.3146298510696,3239.4965810610715,96266.55947569085,87263.93333333333,114725.0,0.03373339377135166
acceptance-2,false,acceptance,zswap_memo_statement,117,4,6,3,,,,,,100,25250.0,91783.86391625571,874.5172029869561,90191.51353012098,93618.02973992508,88943.119967923,3269.599403080438,8784.66901710657,91685.38944288458,85679.32987012988,133099.79512195123,0.09571038570703198
acceptance-2,false,acceptance,zswap_memo_statement,118,4,6,3,,,,,,100,25250.0,83532.88860454295,191.36507032880874,83204.62812707707,83949.8486905492,83237.06875,624.0822072157824,1921.449740986603,83201.45091059554,80639.36551724139,97446.72857142857,0.023002314095505905
acceptance-2,false,acceptance,zswap_memo_statement,119,4,6,3,,,,,,100,25250.0,83271.96726242037,176.7011282419211,82950.21466948366,83643.16518924778,83006.90990243902,683.2379595367636,1771.8984586127185,83395.91951115709,80273.88666666667,92858.4,0.021278450802402923
acceptance-2,false,acceptance,zswap_memo_statement,120,4,6,3,,,,,,100,25250.0,83616.62699870575,343.3483866195471,82980.86045067135,84329.24892601476,82659.6074808184,1231.5040368492196,3449.511290148631,83975.78541924043,76131.81818181818,99254.3918918919,0.041253891886861495
acceptance-2,false,acceptance,zswap_memo_statement,121,4,6,3,,,,,,100,25250.0,82736.41919784166,147.51037984934484,82478.45061754102,83054.76070060952,82652.26350898568,664.4144586305197,1485.671072326047,82717.52415723364,78233.3375,94116.8,0.0179566759926299
acceptance-2,false,acceptance,zswap_memo_statement,122,4,6,3,,,,,,100,25250.0,90623.20026378422,224.69840865184753,90232.39458051902,91110.0290434876,90383.30454545454,1272.2040711690022,2250.7658933832317,90782.54461533915,87318.51111111112,106800.0,0.024836530676821685
acceptance-2,false,acceptance,zswap_memo_statement,123,4,6,3,,,,,,100,25250.0,88519.10011365578,338.7729257014477,87894.1049733835,89218.01733630008,88108.38211382114,1383.3961371584726,3411.346918824702,88807.12718723215,82066.6,103345.025,0.038537975583175135
acceptance-2,false,acceptance,zswap_memo_statement,124,4,6,3,,,,,,100,25250.0,89479.11413011768,1464.6299264182157,87720.93824520292,92650.34326887655,87583.04857142858,1699.31002333122,14754.461825756107,87529.21316211025,85499.4623655914,234127.38095238095,0.16489280173584014
acceptance-2,false,acceptance,zswap_memo_statement,125,5,7,4,,,,,,100,25250.0,92609.69469645774,181.26013717648118,92276.3498616037,92983.5481075486,92481.59613981763,544.1538440059971,1824.4034014834258,92578.85532023053,88469.59,101675.0,0.019699918107528414
acceptance-2,false,acceptance,zswap_memo_statement,126,5,7,4,,,,,,100,20200.0,102836.4738331896,204.56877585971802,102431.32427879868,103232.28284726733,103306.92543859649,1058.8460528363396,2055.236141111391,102988.32308630117,97094.15384615384,109651.0,0.019985478541836982
acceptance-2,false,acceptance,zswap_memo_statement,127,5,7,4,,,,,,100,25250.0,93048.2784221584,222.91134094270137,92647.37736745735,93520.8849142751,92729.24111111111,890.2695141945625,2239.9745621886786,93423.89612472292,87637.5,107783.2,0.024073251006600613
acceptance-2,false,acceptance,zswap_memo_statement,128,5,7,4,,,,,,100,25250.0,94280.92374694414,331.7339748278228,93661.7366061132,94955.59610371705,93123.66858804865,1853.915769228578,3336.7645366400757,92934.63397546919,89327.5,108455.90833333334,0.03539172511287818
acceptance-2,false,acceptance,zswap_memo_statement,129,5,7,4,,,,,,100,25250.0,93773.9080220044,322.56433339468725,93168.34713115828,94430.83392617825,93011.83800140745,1050.389147399842,3252.228654333656,94475.90123777154,87054.2,106400.45135135135,0.03468159451742705
acceptance-2,false,acceptance,zswap_memo_statement,130,5,7,4,,,,,,100,25250.0,92843.29446245437,194.4410486277898,92484.79196088112,93245.3345168084,92493.82999525391,894.8549841131468,1952.2669397477525,92735.99808659672,89223.19130434783,104458.4,0.021027549173594277
acceptance-2,false,acceptance,zswap_memo_statement,131,5,7,4,,,,,,100,25250.0,93133.1702689654,151.51854833387566,92854.32575374466,93447.96524169088,92986.93122222222,657.9097680326859,1524.197318845648,93179.49521737845,90358.61333333333,101208.4,0.016365783688494853
acceptance-2,false,acceptance,zswap_memo_statement,132,5,7,4,,,,,,100,25250.0,96037.97156270365,199.7622660552293,95661.78094799534,96443.78191511783,95459.53055555555,1192.694022158788,2007.7619339084386,95418.04375114526,92093.57142857143,103725.0,0.020905917745228108
acceptance-2,false,acceptance,zswap_memo_statement,133,5,7,4,,,,,,100,25250.0,92700.36319070835,140.98063944836315,92446.18291784733,92998.94832408507,92710.34381423678,615.200113737109,1409.2579910994875,92467.9132318605,89966.88205128205,102625.0,0.015202292014760326
acceptance-2,false,acceptance,zswap_memo_statement,134,5,7,4,,,,,,100,20200.0,102171.53497859857,378.71025356482363,101456.9796746201,102941.51912225092,102280.77783505154,3480.0234706627252,3805.2960193717345,102582.25404167283,93747.11111111111,119311.93181818182,0.037244189589290336
acceptance-2,false,acceptance,zswap_memo_statement,135,5,7,4,,,,,,100,20200.0,102380.88137030602,226.52256169210753,101939.52183616991,102829.36188880548,102382.13315217392,1354.795956902118,2283.788471365519,102278.47485813507,93335.52631578948,110552.25,0.02230678658747996
acceptance-2,false,acceptance,zswap_memo_statement,136,5,7,4,,,,,,100,20200.0,100399.10759604508,334.88683684044094,99749.89224618724,101059.46294031054,100866.00324675324,2051.6123968152397,3361.5931859197103,98662.98840919166,95001.31896551725,110031.25,0.03348230145077634
acceptance-2,false,acceptance,zswap_memo_statement,137,5,7,4,,,,,,100,25250.0,92657.92554362008,166.37932852074834,92356.3291718081,93010.93881768995,92636.86744186046,635.3168023020912,1672.4507184882784,92693.90352179695,87600.93333333333,104758.4,0.01804973194333978
acceptance-2,false,acceptance,zswap_memo_statement,138,5,7,4,,,,,,100,25250.0,94395.67312677564,381.99774864595497,93736.42254916774,95221.08875756188,93431.13982749873,871.0248834835855,3855.223047464402,93886.22408334565,90332.91139240506,120985.42,0.04084109917079298
acceptance-2,false,acceptance,zswap_memo_statement,139,5,7,4,,,,,,100,25250.0,94440.93139115958,447.32556073473773,93692.1861454877,95423.98453108058,93272.7932034632,1039.0525529605356,4496.9987182490295,93178.13444362346,90764.34426229508,129626.64,0.04761705175929665
acceptance-2,false,acceptance,zswap_memo_statement,140,5,7,4,,,,,,100,20200.0,103622.47948304193,202.13223335823955,103236.34970391856,104032.84545600666,103586.9996695506,1106.6402409060886,2025.876284491893,103400.93919092655,97571.625,113114.75,0.019550548245889376
acceptance-2,false,acceptance,zswap_memo_statement,141,5,7,4,,,,,,100,25250.0,92578.25214675922,224.85213805470926,92199.50419228498,93071.9919745929,92463.17987849779,631.2787395700491,2262.2525989121755,92223.66491857544,88106.81818181818,110233.4,0.02443611265555058
acceptance-2,false,acceptance,zswap_memo_statement,142,5,7,4,,,,,,100,25250.0,92405.9023757295,201.056237185081,92037.76369670329,92826.19212432641,92540.25935960592,601.5238313405075,2019.188510211821,92620.28896527264,87558.33333333333,103800.0,0.02185129367604296
acceptance-2,false,acceptance,zswap_memo_statement,143,5,7,4,,,,,,100,25250.0,92987.04215926236,189.03873115129846,92655.00360334742,93390.52006560302,92764.09722222222,541.5344862516487,1899.7791749157154,92974.25494369735,88305.725,106133.4,0.02043057968939256
acceptance-2,false,acceptance,zswap_memo_statement,144,5,7,4,,,,,,100,25250.0,93159.56130339806,241.81290355196376,92724.44477611437,93668.15659579237,92995.0846153846,757.9235129727397,2430.5205478635926,93073.34429968968,87152.05,107587.5,0.026089866824812298
acceptance-2,false,acceptance,zswap_memo_statement,145,5,7,4,,,,,,100,20200.0,102985.69288283616,206.7702465576311,102583.81230555462,103395.8820082575,102875.87662337662,1838.39256371056,2083.275408321526,102965.87416580463,98390.02777777778,109655.63725490196,0.020228784698196944
acceptance-2,false,acceptance,zswap_memo_statement,146,5,7,4,,,,,,100,25250.0,93657.68457934301,288.9951841404266,93138.04018683342,94265.60812126118,92915.6183894696,1008.9955942895465,2903.8557141881797,94647.95243741688,89242.39130434782,109144.332,0.031004991498889238
acceptance-2,false,acceptance,zswap_memo_statement,147,5,7,4,,,,,,100,25250.0,92497.23689126463,189.26499020722778,92162.12110136404,92902.58873107572,92488.45833333334,714.7205279436349,1908.3358790419777,92651.45201418649,88698.95,104850.0,0.020631274437801064
acceptance-2,false,acceptance,zswap_memo_statement,148,5,7,4,,,,,,100,20200.0,124119.3234751466,5664.1942475418655,113887.91472557135,135962.67526574578,103031.23893624908,2520.149376814217,56870.03047660291,103176.73002438304,96547.74305555556,366700.0,0.45818836974236693
acceptance-2,false,acceptance,zswap_memo_statement,149,5,7,4,,,,,,100,25250.0,93085.43662825212,228.52834988978404,92674.16723917374,93566.79893345108,92695.87223330009,813.328580464774,2296.0121892153684,93164.25731638835,89349.53333333334,104225.0,0.024665643438777314
acceptance-2,false,acceptance,zswap_memo_statement,150,5,7,4,,,,,,100,25250.0,93784.10319324855,173.64891208815976,93463.51131565525,94142.21524278457,93408.7943001443,867.8310481989759,1746.0369397746538,93890.23200354663,90677.77777777778,102383.70222222223,0.018617621540580553
acceptance-2,false,acceptance,zswap_memo_statement,151,5,7,4,,,,,,100,20200.0,98792.16659953307,560.4262765743223,97761.34088799231,99949.53417158237,96522.8762571839,2428.109087046254,5638.5341488221575,97163.99029850746,89979.16666666667,125583.5,0.0570747088853582
acceptance-2,false,acceptance,zswap_memo_statement,152,5,7,4,,,,,,100,20200.0,102860.65528652816,180.59068629660032,102508.22613170031,103218.48282142743,102876.15648148148,1289.2763258852792,1809.3900294575003,102766.95318013891,97614.625,109785.45,0.01759069125524499
acceptance-2,false,acceptance,zswap_memo_statement,153,5,7,4,,,,,,100,25250.0,92464.8905048051,126.53162181558167,92234.67443645583,92731.13469835323,92496.0786958686,741.3970297466705,1274.9297732135685,92374.01882665878,89200.6,101066.8,0.013788258075613194
acceptance-2,false,acceptance,zswap_memo_statement,154,5,7,4,,,,,,100,20200.0,103570.169644613,307.92441986950524,103039.4131467518,104239.59811738986,103443.68138606676,1311.831626711625,3084.0787721093634,103061.63888503029,97822.925,127021.0,0.029777674234694816
acceptance-2,false,acceptance,zswap_memo_statement,155,5,7,4,,,,,,100,25250.0,95720.83165490115,408.66474661958944,94965.64401463758,96564.76101487632,93689.88511488511,2706.595990509599,4109.902887003229,95495.58264518989,88718.64761904762,119340.3625,0.042936347459041235
acceptance-2,false,acceptance,zswap_memo_statement,156,6,8,4,,,,,,100,25250.0,92553.86182310958,169.3339515516002,92249.26595465316,92915.3562772897,92534.57553191489,588.2782050760926,1699.3720630081043,92356.05669395596,86953.78181818181,104366.8,0.018360898503143732
acceptance-2,false,acceptance,zswap_memo_statement,157,6,8,4,,,,,,100,25250.0,92991.8953572102,197.96925483739142,92630.34682421986,93403.6283671931,92785.53046218486,892.9625511467431,1994.8342733921058,92634.34017023792,88015.14545454546,102900.0,0.02145170034151191
acceptance-2,false,acceptance,zswap_memo_statement,158,6,8,4,,,,,,100,25250.0,95468.50678920312,408.6736210109439,94712.12883168946,96317.18385817189,94183.20175438597,2061.810065213738,4106.362262437786,95655.97728565095,89154.41176470589,115798.9575,0.043012742113006305
acceptance-2,false,acceptance,zswap_memo_statement,159,6,8,4,,,,,,100,20200.0,99994.04429075835,185.2319802898682,99621.67802243454,100347.8067897929,99911.86238220369,1785.3253666912383,1857.3903212138546,100186.35635806118,90999.26785714286,103805.42452830188,0.018575009485695123
acceptance-2,false,acceptance,zswap_memo_statement,160,6,8,4,,,,,,100,25250.0,95385.49317913318,183.81365726459,95026.45783320587,95748.13789446291,95245.17573015873,725.3049670016842,1853.065793048168,95567.31444244126,88158.4,101573.4375,0.019427123887362258
acceptance-2,false,acceptance,zswap_memo_statement,161,6,8,4,,,,,,100,20200.0,100481.7384619961,571.9877122665445,99461.77613963492,101703.27740463517,98942.98684210525,1825.6573718685918,5769.2934933771385,99433.69574774642,96318.41358024691,132448.0,0.05741633834847696
acceptance-2,false,acceptance,zswap_memo_statement,162,6,8,4,,,,,,100,25250.0,95431.47220029254,192.08619796681216,95076.90897713347,95829.94954037784,95195.29166666666,952.6860112496104,1929.9788921714382,94958.71380345795,89558.3,105616.6,0.020223714961881537
acceptance-2,false,acceptance,zswap_memo_statement,163,6,8,4,,,,,,100,20200.0,104796.46889175089,342.4457364532044,104156.68689929933,105503.6916717242,104763.88907145265,1830.9887327489055,3438.4176917477466,103952.73246490321,94937.5,125108.02777777778,0.032810434627329355
acceptance-2,false,acceptance,zswap_memo_statement,164,6,8,4,,,,,,100,20200.0,101080.44293787198,215.58600503602594,100660.78440298681,101506.03865573743,101262.56104651163,2317.9395546362216,2163.885243101912,102027.42707773016,96295.16666666667,107440.25735294117,0.02140755600400288
acceptance-2,false,acceptance,zswap_memo_statement,165,6,8,4,,,,,,100,25250.0,92399.51195548064,186.3268408824995,92071.4880806142,92800.45441838264,92263.04117647058,691.4826686188752,1874.3108235294956,92366.40843682578,87645.42,104966.6,0.020284856314312184
acceptance-2,false,acceptance,zswap_memo_statement,166,6,8,4,,,,,,100,25250.0,93235.19325614249,185.4888200012748,92901.08471253702,93625.03304493059,92905.63387888708,689.0288339211338,1868.3745941348407,93016.315863455,90115.5172413793,102408.4,0.02003937063767226
acceptance-2,false,acceptance,zswap_memo_statement,167,6,8,4,,,,,,100,25250.0,96742.59387544596,201.16741175852047,96365.51886639536,97153.42682562291,96175.25427807486,1401.1717229593028,2021.7896310298627,97563.34480271908,93300.28965517241,106416.6,0.02089865022259868
acceptance-2,false,acceptance,zswap_memo_statement,168,6,8,4,,,,,,100,25250.0,95963.0574124309,178.94533085394858,95636.67456928536,96339.34429842212,95442.6698941799,452.833625700475,1797.0153238412004,96194.85797310478,90863.36,105408.2,0.01872611578138837
acceptance-2,false,acceptance,zswap_memo_statement,169,6,8,4,,,,,,100,25250.0,93164.92443764808,213.2756502592528,92778.1534737777,93609.0205428202,92810.00333333333,898.3305974235386,2138.2178163490307,93201.83384424413,88709.85454545454,103625.0,0.022950888751915026
acceptance-2,false,acceptance,zswap_memo_statement,170,6,8,4,,,,,,100,25250.0,94227.8466531762,284.89943653654365,93708.6223049375,94821.22268685434,93653.07749887943,1088.9042008294437,2875.110175397114,93530.32435584454,89541.17647058824,106491.6,0.030512319632852405
acceptance-2,false,acceptance,zswap_memo_statement,171,6,8,4,,,,,,100,25250.0,92878.84747750047,194.66699576527134,92524.58779811121,93285.16018344242,92689.3307125307,698.4789135126921,1946.7500788142283,92911.85071907788,89955.725,102827.19298245614,0.020960101591331878
acceptance-2,false,acceptance,zswap_memo_statement,172,6,8,4,,,,,,100,25250.0,92980.76684117664,148.4896174736582,92720.21543523941,93299.95028482008,92908.92857142858,687.127359386403,1486.3607310653285,92888.63865819418,89953.25365853659,104025.0,0.015985679421253084
acceptance-2,false,acceptance,zswap_memo_statement,173,6,8,4,,,,,,100,20200.0,100894.82909736231,357.3995033167304,100221.349712223,101619.95025371792,100033.86551077789,2598.3911260059363,3586.7462557296953,99914.54626717896,96512.52127659574,116742.1875,0.03554935657077656
acceptance-2,false,acceptance,zswap_memo_statement,174,6,8,4,,,,,,100,25250.0,93528.4500825792,169.40449309715567,93224.60646035525,93888.155647697,93339.90740740742,547.3042653910267,1703.1324851583825,93655.72404965272,88561.9875,104883.4,0.018209779844043532
acceptance-2,false,acceptance,zswap_memo_statement,175,6,8,4,,,,,,100,25250.0,96275.93831030541,1099.7725206407608,94448.51714550103,98702.26095035799,93559.4577186964,1589.8227221849552,11004.849496163595,93237.30990985666,91048.68421052632,175825.0,0.11430529464895002
acceptance-2,false,acceptance,zswap_memo_statement,176,6,8,4,,,,,,100,20200.0,102419.0145027903,203.75036711461536,102020.5942212618,102818.56718679122,102541.85519480519,1840.2629351301994,2050.405016708812,102514.68617334121,96808.325,109955.835,0.020019769050335385
acceptance-2,false,acceptance,zswap_memo_statement,177,6,8,4,,,,,,100,25250.0,92044.9059979167,151.9330159792263,91778.74758663504,92373.0713358929,92115.43005565862,642.6774963310407,1527.9298336207846,92083.3780694547,88786.0193548387,103475.0,0.016599830452924434
acceptance-2,false,acceptance,zswap_memo_statement,178,6,8,4,,,,,,100,25250.0,93816.21754327604,179.3052925724333,93494.30161896904,94197.79824438653,93567.74032258065,859.0629091862722,1800.7803636503634,93487.49950406385,89614.58333333333,106533.4,0.019194766222798205
acceptance-2,false,acceptance,zswap_memo_statement,179,6,8,4,,,,,,100,25250.0,94623.55790541749,212.7908362748381,94221.37817749754,95055.82443797338,93970.15622377623,1310.9806040960784,2144.31628724796,94042.0666008571,89750.98823529412,103506.57894736843,0.022661547871528423
acceptance-2,false,acceptance,zswap_memo_statement,180,6,8,4,,,,,,100,20200.0,102907.35117461963,223.5510842984857,102468.70954415743,103346.88413876033,103304.97963800904,1238.7066244823673,2246.797928874993,102102.30036796218,97036.07368421053,111104.28296703297,0.021833211167416853
acceptance-2,false,acceptance,zswap_memo_statement,181,6,8,4,,,,,,100,25250.0,98224.80285781663,333.62003001646974,97627.82806353018,98926.48968195428,97275.50785440614,1233.0103533022302,3360.456756918368,98399.78038480863,93855.64516129032,118628.59310344828,0.03421189617232147
acceptance-2,false,acceptance,zswap_memo_statement,182,6,8,4,,,,,,100,20200.0,102957.21687297215,904.4116060955805,101556.02487979953,105015.0886302358,101059.79861111111,1860.2754692462406,9115.473853249285,102393.84085414512,97589.575,183624.63596491228,0.08853652157765579
acceptance-2,false,acceptance,zswap_memo_statement,183,6,8,4,,,,,,100,25250.0,92631.72614717703,185.5188744310517,92310.5290735254,93034.45928267905,92552.34615384616,658.0302660554704,1861.2629778244468,92541.56207891236,88182.91,105833.4,0.02009314794444397
acceptance-2,false,acceptance,zswap_memo_statement,184,6,8,4,,,,,,100,20200.0,103610.27194732506,171.28133084773535,103274.8584440143,103947.89059672209,103687.12395833334,1247.2072190537594,1712.6897561312257,103465.39826215457,98204.56914893616,110302.25,0.01653011544069635
acceptance-2,false,acceptance,zswap_memo_statement,185,6,8,4,,,,,,100,25250.0,95223.13229915965,152.86244192020123,94932.18774782514,95529.84577138539,95058.9152173913,911.3058598667328,1530.4695194533388,95424.37904654942,89895.83333333333,102178.03181818181,0.016072455111486028
acceptance-2,false,acceptance,zswap_memo_statement,186,6,8,4,,,,,,100,20200.0,102849.82616178403,196.04050080722502,102459.4281199444,103227.65313356572,103128.51106676343,1698.841726633007,1971.3220495634444,102897.83392566869,95718.75,108350.0,0.019166994472723083
acceptance-2,false,acceptance,zswap_memo_statement,187,7,9,5,,,,,,100,20200.0,103394.60008707135,209.4898274082755,103013.43059781767,103833.78268945399,103315.17460317462,799.6009356066166,2108.5720282595503,103260.81978203045,99214.01136363637,114509.25694444444,0.020393444401195667
acceptance-2,false,acceptance,zswap_memo_statement,188,7,9,5,,,,,,100,20200.0,113685.00468854573,356.36129439269916,112947.26861656878,114340.27101581395,114229.31274801587,1448.727594529946,3596.527542934194,113767.19230234963,93708.5,124286.45833333333,0.03163590090696069
acceptance-2,false,acceptance,zswap_memo_statement,189,7,9,5,,,,,,100,20200.0,103242.96663442376,249.12993391392357,102791.12334733894,103764.27584904722,102932.74014336918,1120.4857733973165,2495.8304869121553,103330.91635215015,98365.26666666666,117031.25,0.02417433911745019
acceptance-2,false,acceptance,zswap_memo_statement,190,7,9,5,,,,,,100,20200.0,113353.30939319007,227.80518405432989,112908.96219186235,113802.23449956816,113543.02178030304,1749.1992502657047,2291.044533218807,113544.97310846756,104796.875,122178.75,0.020211536350225396
acceptance-2,false,acceptance,zswap_memo_statement,191,7,9,5,,,,,,100,20200.0,105536.42688597256,167.27505330907738,105226.61827669333,105882.50587057369,105519.60487987989,633.5884300952979,1679.293553272976,105716.61385251959,100143.21875,115500.0,0.015911980373254236
acceptance-2,false,acceptance,zswap_memo_statement,192,7,9,5,,,,,,100,20200.0,107058.024728203,285.8323950367246,106499.44338611019,107612.60664577127,107893.78676286856,3175.9136926638007,2878.7061574703253,108725.47127308999,100160.71428571429,113687.5,0.026889214188088498
acceptance-2,false,acceptance,zswap_memo_statement,193,7,9,5,,,,,,100,20200.0,111070.53115189968,176.1222193377897,110727.24877077556,111415.38958926528,110960.94581736035,1593.0032763238037,1774.1412142314064,111411.5540645781,105708.375,116353.71195652174,0.015973104619488105
acceptance-2,false,acceptance,zswap_memo_statement,194,7,9,5,,,,,,100,20200.0,103207.87650641953,209.39802686597304,102863.8053563355,103671.97382306875,103029.78158049352,708.0047645580589,2110.591340020876,102904.59244938674,100063.15789473684,120958.25,0.020449905680305292
acceptance-2,false,acceptance,zswap_memo_statement,195,7,9,5,,,,,,100,20200.0,104890.08044073277,280.3505084690144,104345.9571570637,105440.93054889448,104043.05291516994,2339.728083461523,2818.605885559651,103571.88501921088,95904.5,111802.0,0.026871996605553946
acceptance-2,false,acceptance,zswap_memo_statement,196,7,9,5,,,,,,100,20200.0,108134.77719711226,177.23403583270064,107804.57891361833,108499.639842127,107545.8984375,781.1876659355249,1783.2316258209241,108151.67481749668,106106.25,115677.0,0.016490824432646496
acceptance-2,false,acceptance,zswap_memo_statement,197,7,9,5,,,,,,100,20200.0,103766.24981062752,246.82970533043127,103319.86868268783,104284.83673077587,103238.22266214178,1047.4171689046218,2475.5410299365426,103260.95852371804,99618.75,117282.73809523809,0.023856899853800084
acceptance-2,false,acceptance,zswap_memo_statement,198,7,9,5,,,,,,100,20200.0,102817.71400643047,241.82264518501793,102375.85600035814,103322.9684478924,102472.28883861237,751.4328267018184,2435.1629823393764,102583.64277818827,96843.75,114969.61805555556,0.023684274697909305
acceptance-2,false,acceptance,zswap_memo_statement,199,7,9,5,,,,,,100,20200.0,103299.90888888316,139.03424880106792,103043.20806909358,103589.90303431332,103269.275,679.3951712494944,1401.5241492547052,103296.57765996749,99063.33,112520.75,0.01356752551216948
acceptance-2,false,acceptance,zswap_memo_statement,200,7,9,5,,,,,,100,20200.0,104101.45831837234,315.17833147417116,103523.4486398662,104757.9902628662,103333.33388157895,1762.854210207472,3164.217030537581,103153.33525269691,98458.328125,118635.5,0.030395511087467103
acceptance-2,false,acceptance,zswap_memo_statement,201,7,9,5,,,,,,100,20200.0,103715.25115657951,369.8813665340958,103063.97781900899,104504.61624838004,103190.90987897238,766.7812913869203,3719.453776560534,103432.54206443032,97610.65625,127096.92391304347,0.035862168148686764
acceptance-2,false,acceptance,zswap_memo_statement,202,7,9,5,,,,,,100,20200.0,117452.62545874142,424.3592503646284,116682.79801609293,118341.40233814804,116936.31467770034,2970.199666266133,4250.384074917931,115941.03076178514,110318.72826086957,142354.25,0.036188072070053465
acceptance-2,false,acceptance,zswap_memo_statement,203,7,9,5,,,,,,100,20200.0,103103.75360658138,234.39472105799908,102689.29354021019,103603.21718986794,102908.9436936937,673.3730296317725,2355.161674147744,103205.81609797548,97675.86764705883,118604.25,0.022842637554540093
acceptance-2,false,acceptance,zswap_memo_statement,204,7,9,5,,,,,,100,20200.0,114950.74777225204,198.57177274822558,114554.91804040033,115334.55327190974,114995.17867647059,1298.0781825570443,1997.850667280729,114879.66126717896,106862.5,121721.3125,0.017380058033541475
acceptance-2,false,acceptance,zswap_memo_statement,205,7,9,5,,,,,,100,20200.0,111771.38883980445,351.89889220859595,111115.71010128938,112497.93783798342,110917.84523809524,3188.8934758904466,3541.6955553354474,112354.51988769026,107308.35,130722.97826086957,0.03168696025072711
acceptance-2,false,acceptance,zswap_memo_statement,206,7,9,5,,,,,,100,20200.0,104490.34614239173,287.4705468119195,103940.0847180836,105068.22170253856,103536.98628691983,1262.2943571865678,2874.1192322943534,103307.34495123393,97276.03571428571,112811.625,0.027506074373394418
acceptance-2,false,acceptance,zswap_memo_statement,207,7,9,5,,,,,,100,20200.0,122599.12639321684,2029.7068719572746,119805.24315422786,127193.8887173846,119746.36379076086,4410.772901878313,20477.550469017846,120207.54016255357,108031.25,317546.67,0.16702851864816246
acceptance-2,false,acceptance,zswap_memo_statement,208,7,9,5,,,,,,100,20200.0,117850.95522864358,295.4018231529514,117265.81891330169,118428.71031938237,117984.32794117647,2738.1979573054887,2966.2885047932623,117630.99302423526,110960.04452054795,125455.26282051283,0.02516982996903455
acceptance-2,false,acceptance,zswap_memo_statement,209,7,9,5,,,,,,100,20200.0,103295.5165835484,223.42988832810212,102896.83220172061,103771.39791808027,103034.55368589744,839.6395911638909,2247.9167881637427,103318.19729939412,99292.93181818182,118604.25,0.021761997640483872
acceptance-2,false,acceptance,zswap_memo_statement,210,7,9,5,,,,,,100,20200.0,103693.60245168902,319.41687712558337,103129.20781399998,104374.64642402268,103034.78795206055,968.0778247249509,3223.4061068324636,102522.75194768731,99502.2734375,124481.14285714286,0.031085872518839847
acceptance-2,false,acceptance,zswap_memo_statement,211,7,9,5,,,,,,100,20200.0,108395.31080227032,667.9777151852678,107117.56337850579,109737.02027498363,105479.30641945775,4616.465524291357,6721.963244314879,111543.88050539383,96447.91666666667,131865.71467391305,0.062013413629827326
acceptance-2,false,acceptance,zswap_memo_statement,212,7,9,5,,,,,,100,20200.0,115175.45902505895,244.08089129347658,114696.32214014987,115651.78704715568,115243.50489596082,1566.5065059404644,2457.2906862921454,115058.26691443771,103906.25,126614.5,0.021335193339733143
acceptance-2,false,acceptance,zswap_memo_statement,213,7,9,5,,,,,,100,20200.0,103182.17682558928,193.00231244756637,102819.63876049235,103575.53814180403,103094.30094537814,645.5421839245089,1941.9956235462653,103207.65307595686,97208.33333333333,112143.67672413793,0.01882103754051299
acceptance-2,false,acceptance,zswap_memo_statement,214,7,9,5,,,,,,100,20200.0,113828.87482406717,194.91012103981333,113450.72960014401,114216.50318981947,113773.36233075435,1609.9365634237229,1954.2527164888818,113621.76139943844,106615.5303030303,122718.75,0.01716833904850027
acceptance-2,false,acceptance,zswap_memo_statement,215,7,9,5,,,,,,100,20200.0,103086.68152936669,208.6236252052299,102709.63479402602,103531.49605861497,103112.70251594613,687.230777657472,2087.776462205669,102999.9782096941,96140.625,118239.5,0.02025263041968148
acceptance-2,false,acceptance,zswap_memo_statement,216,7,9,5,,,,,,100,20200.0,103836.89143850999,210.57680594256826,103461.10168835295,104280.67298466503,103602.83134674923,774.0637364480269,2118.508328040169,103410.95423599823,99992.42613636363,116214.98611111111,0.02040227031733423
acceptance-2,false,acceptance,zswap_memo_statement,217,7,9,5,,,,,,100,20200.0,109847.5184740291,443.8005666298737,109032.30609965399,110766.01755699537,107828.90283778476,1001.6019461683312,4453.974941433618,108428.07459731048,106144.28191489361,129224.3,0.04054688720607428
acceptance-2,false,acceptance,zswap_memo_statement,218,8,10,5,,,,,,100,20200.0,111805.9356787403,184.81732527649453,111444.50276498574,112170.50538087309,111778.59375,2182.788087411773,1857.4058476459493,112173.47729200532,107345.32575757576,117881.045,0.0166127660071909
acceptance-2,false,acceptance,zswap_memo_statement,219,8,10,5,,,,,,100,20200.0,103037.38052376847,289.2417112382574,102519.17320925284,103647.36640644609,102628.62795209177,1113.7200778262086,2906.626777768657,103212.36408896114,96584.71666666666,119945.42253521127,0.028209439748889596
acceptance-2,false,acceptance,zswap_memo_statement,220,8,10,5,,,,,,100,20200.0,106314.42361983917,451.0397732395553,105455.2863455646,107225.96490423912,104216.75958333333,2359.1513295413365,4535.047290366536,103845.400627309,100926.49056603774,120489.19444444444,0.042656933424038784
acceptance-2,false,acceptance,zswap_memo_statement,221,8,10,5,,,,,,100,20200.0,111532.31687329631,1462.0695957854878,108897.11392978167,114598.32489570403,107001.75178719132,3472.0409786714526,14669.109671037131,106471.48335082016,99840.29166666667,189207.7894736842,0.13152340130889267
acceptance-2,false,acceptance,zswap_memo_statement,222,8,10,5,,,,,,100,20200.0,103521.93177069513,256.3370564568608,103065.41085678646,104065.52687381872,103051.07720588235,868.0070122213829,2583.152027486613,103187.18785872617,99252.75735294117,118745.68292682926,0.024952703096850912
acceptance-2,false,acceptance,zswap_memo_statement,223,8,10,5,,,,,,100,20200.0,106765.90295487345,903.5940988741847,105337.36570046903,108800.65033391758,104243.78084935897,1635.4903267401041,9041.391383441072,104553.07681099453,100554.63265306123,184767.375,0.0846842590490953
acceptance-2,false,acceptance,zswap_memo_statement,224,8,10,5,,,,,,100,20200.0,109515.02947568476,274.5751637641151,109003.5463119968,110080.48974130278,108960.0669522526,2210.7131571466584,2767.826210008775,110689.00719077878,106034.75,121560.17287234042,0.025273482765425414
acceptance-2,false,acceptance,zswap_memo_statement,225,8,10,5,,,,,,100,20200.0,104539.85234181158,218.78325161923254,104134.10232222124,104992.16543207475,104155.69806034482,683.2903871364013,2206.440562721676,104189.56870696024,99631.79347826086,115687.5,0.02110621464728425
acceptance-2,false,acceptance,zswap_memo_statement,226,8,10,5,,,,,,100,20200.0,108141.48009691745,345.4866955728705,107498.15090921552,108852.11152064575,106572.04727272727,1097.3251667992115,3472.065659945538,107626.63971996453,105326.38095238095,122083.25,0.03210669630962919
acceptance-2,false,acceptance,zswap_memo_statement,227,8,10,5,,,,,,100,20200.0,102872.9737758179,150.48653143602274,102601.16390162295,103192.88806185526,103014.35623832868,519.8596971570031,1511.6965544713225,102840.81624131816,99036.375,113739.5,0.014694788135177574
acceptance-2,false,acceptance,zswap_memo_statement,228,8,10,5,,,,,,100,20200.0,104487.82508008933,288.10137702854365,103943.68544519407,105070.9522621726,103660.34343693078,1322.2549575723365,2896.9312786637943,103793.2428136545,97152.58823529411,119229.0,0.02772506056512625
acceptance-2,false,acceptance,zswap_memo_statement,229,8,10,5,,,,,,100,20200.0,103632.13960777689,228.45246270375594,103236.34237272207,104127.18598421673,103253.57713541666,768.3692665497558,2289.129053096909,103733.48244569232,99885.97972972973,117247.24264705883,0.022088987661170758
acceptance-2,false,acceptance,zswap_memo_statement,230,8,10,5,,,,,,100,20200.0,103652.8411684245,238.2109219315832,103227.75380200443,104158.60947530175,103328.21810807657,697.6474043366411,2400.917367683632,103706.16142825477,99508.52272727272,120093.75,0.023163063748367543
acceptance-2,false,acceptance,zswap_memo_statement,231,8,10,5,,,,,,100,20200.0,105616.18364563193,318.42322816132656,105042.38771289533,106280.06185294793,104807.49131513649,791.1890032470465,3202.7339864153923,104778.43341879711,101583.59146341463,120666.65,0.030324273003097202
acceptance-2,false,acceptance,zswap_memo_statement,232,8,10,5,,,,,,100,20200.0,103705.7703310253,281.80825439880545,103199.0455587361,104298.42091519393,103262.23125,963.478009855633,2838.840139072064,103638.29590660559,96790.07692307692,118262.84583333334,0.02737398439846291
acceptance-2,false,acceptance,zswap_memo_statement,233,8,10,5,,,,,,100,20200.0,113506.62226042613,277.11074432357105,112993.46653085436,114079.53101605475,113519.74357902736,1594.9094900341202,2791.0555173121443,114132.77680582237,107356.78125,131057.34595959596,0.024589362820685755
acceptance-2,false,acceptance,zswap_memo_statement,234,8,10,5,,,,,,100,20200.0,102908.73359490436,246.7612108030794,102528.11481957152,103470.04593417633,102839.15726495726,778.6303378810946,2478.603058578328,102613.47135288901,99213.5,125229.25,0.024085449038127687
acceptance-2,false,acceptance,zswap_memo_statement,235,8,10,5,,,,,,100,20200.0,103707.25708186785,190.8405560897594,103358.91767173664,104110.97293562298,103646.7167522831,784.1092609552483,1908.8318639925042,103592.3118523718,99074.06944444444,116020.75,0.018405962299105526
acceptance-2,false,acceptance,zswap_memo_statement,236,8,10,5,,,,,,100,20200.0,103278.19666584929,213.34248638731702,102892.57250349913,103730.29351589753,103137.83846153846,628.6292309980585,2145.318440808087,103123.77711171863,98947.46739130435,115958.5,0.02077222986134375
acceptance-2,false,acceptance,zswap_memo_statement,237,8,10,5,,,,,,100,20200.0,103161.82228961276,214.15844518080132,102782.92469194724,103618.90470974005,103002.3011904762,774.6743957606666,2153.9561013706157,102977.89218782326,100127.55102040817,117760.5,0.020879391751375594
acceptance-2,false,acceptance,zswap_memo_statement,238,8,10,5,,,,,,100,20200.0,103243.63744012048,177.47608495445297,102909.29380569975,103609.19350452225,103082.38557747284,721.4227509116971,1782.5586189627488,103337.38548027191,97523.82142857143,113479.0,0.01726555420905818
acceptance-2,false,acceptance,zswap_memo_statement,239,8,10,5,,,,,,100,20200.0,104285.67275136351,273.81181700913186,103782.37121443091,104855.1810979985,103509.79366028708,1052.7041224872446,2756.9128358888156,105113.70284542633,99174.94871794872,119448.0,0.026436161009976988
acceptance-2,false,acceptance,zswap_memo_statement,240,8,10,5,,,,,,100,20200.0,111957.38389935315,1327.195399305818,110084.67518338842,114977.2639361069,110605.12112713675,2789.8643644114886,13371.03487941379,113405.58562139796,102103.46666666666,237796.41666666666,0.1194296830965076
acceptance-2,false,acceptance,zswap_memo_statement,241,8,10,5,,,,,,100,20200.0,104389.26663191579,745.9421312181956,103312.98685172794,106102.74703158418,103358.0399928264,1082.6084987319794,7497.755902001524,103595.26490025122,96729.16666666667,173770.75,0.07182496959614787
acceptance-2,false,acceptance,zswap_memo_statement,242,8,10,5,,,,,,100,20200.0,102693.45867478788,177.91327813276658,102380.95839211,103075.74575673495,102732.08534356725,657.8138386378558,1789.3637219875486,102687.91634697797,98369.35416666667,116020.75,0.017424320351836126
acceptance-2,false,acceptance,zswap_memo_statement,243,8,10,5,,,,,,100,20200.0,103823.22672082795,288.687751627709,103306.32860836752,104431.53682486776,103236.46531397369,842.9956211425083,2914.0127055519083,103366.84225506133,98720.72619047618,118312.5,0.028067059728238333
acceptance-2,false,acceptance,zswap_memo_statement,244,8,10,5,,,,,,100,20200.0,103085.75776679075,194.11067646603863,102734.17932879349,103491.50115138895,103013.24529569893,820.1794636146834,1958.3276321687515,103004.38916211024,98380.75,116270.75,0.018997072676121222
acceptance-2,false,acceptance,zswap_memo_statement,245,8,10,5,,,,,,100,20200.0,102775.33377346219,153.09946380703235,102492.02948941092,103096.62105323965,102893.76307957392,631.692889876492,1535.7980722900852,102546.59501403871,97398.72222222222,113125.0,0.014943255505988408
acceptance-2,false,acceptance,zswap_memo_statement,246,8,10,5,,,,,,100,20200.0,103065.5976672359,186.65525138417456,102738.85501376196,103467.81849594075,102981.09931818182,644.1801809812063,1875.3106725284672,102679.94102187085,99349.43181818182,116468.75,0.01819531167502869
acceptance-2,false,acceptance,zswap_memo_statement,247,8,10,5,,,,,,100,20200.0,103348.62974688834,173.00900472401906,103038.27004395665,103713.20761149174,103280.159375,881.2392700691621,1742.6545549843866,103182.25212945175,100593.421875,114698.0,0.016861902854951545
acceptance-2,false,acceptance,zswap_memo_statement,248,8,10,5,,,,,,100,20200.0,105871.64845464836,224.93132951656764,105443.29613721365,106321.7703693488,105370.26704545454,1733.9497258338852,2271.7109478883726,105929.24417245456,100820.63109756098,115166.75,0.02145721712136647
acceptance-2,false,acceptance,zswap_memo_statement,249,9,11,6,,,,,,100,20200.0,112956.19197750269,257.7265175098161,112528.68430946372,113529.80607250058,112894.88333333333,702.0948269797657,2579.699776913695,112769.09014629821,108843.75,133250.0,0.022838055459832515
acceptance-2,false,acceptance,zswap_memo_statement,250,9,11,6,,,,,,100,20200.0,115850.84519276617,385.9610719758473,115139.36622688864,116647.69670484225,114698.88948754789,1191.5115729619238,3885.6387189506154,116461.16442662923,107035.15625,132716.925,0.03354001183578105
acceptance-2,false,acceptance,zswap_memo_statement,251,9,11,6,,,,,,100,20200.0,123377.66153365329,181.7488365948263,123017.5934172363,123730.33328964855,123477.66643034384,1955.1459206032973,1826.8773017079604,124007.27297546918,116179.09677419355,128079.4375,0.014807196691839143
acceptance-2,false,acceptance,zswap_memo_statement,252,9,11,6,,,,,,100,20200.0,129050.50686769857,2832.0889772016894,124810.18717598236,135554.36815673343,124251.13863727858,2545.1397293400514,28391.738810390634,124302.67775823851,117853.61842105263,382963.5625,0.22000486088363522
acceptance-2,false,acceptance,zswap_memo_statement,253,9,11,6,,,,,,100,20200.0,125292.61185823294,183.94012491123553,124933.78593147665,125653.51266413665,125082.7310090703,1323.450416781834,1850.3088419865112,125062.67735259347,120414.36111111111,131601.5625,0.014767900633120435
acceptance-2,false,acceptance,zswap_memo_statement,254,9,11,6,,,,,,100,20200.0,113099.83055515634,219.58966458938866,112707.62658821192,113566.8805746923,112962.30216995842,762.0072472671243,2204.2150762706315,112834.31546992759,107195.4705882353,126447.75,0.019489110332448142
acceptance-2,false,acceptance,zswap_memo_statement,255,9,11,6,,,,,,100,20200.0,117485.62063727448,237.63597859500774,117042.46737013101,117972.94622957282,116713.29910714286,766.621309487569,2386.86053528785,117846.9767533619,111922.60714285714,128782.01842105263,0.0203161929293207
acceptance-2,false,acceptance,zswap_memo_statement,256,9,11,6,,,,,,100,20200.0,125812.97634863244,246.1457552584013,125344.97343017312,126309.03960426831,125824.37381291547,1340.9454886934557,2467.3605143242094,125373.27743682577,120289.28571428571,135659.66666666666,0.019611335697893844
acceptance-2,false,acceptance,zswap_memo_statement,257,9,11,6,,,,,,100,20200.0,117065.79796409194,165.7510311582588,116773.90447851231,117419.06408113775,116693.82073529411,678.942195457707,1661.9176320834254,116817.82841658047,115143.97321428571,127271.9051724138,0.014196440471820745
acceptance-2,false,acceptance,zswap_memo_statement,258,9,11,6,,,,,,100,20200.0,125247.86988079909,300.31777914864665,124663.24382560166,125841.25479837973,125416.59984080843,1786.538735512197,3007.520436356097,125246.49180951677,116965.90909090909,135620.49166666667,0.024012547592373545
acceptance-2,false,acceptance,zswap_memo_statement,259,9,11,6,,,,,,100,20200.0,128812.02987155663,1731.2895798223815,125764.70923848833,132491.80622909803,123138.81687565308,1972.5000264327412,17398.542181653775,136296.25032584602,120304.82236842105,225092.0698924731,0.1350692338208048
acceptance-2,false,acceptance,zswap_memo_statement,260,9,11,6,,,,,,100,20200.0,113325.9050255706,223.85712432587968,112930.35500926923,113807.80594768227,113214.88233544806,696.6190126325351,2243.431717547035,113386.61959139945,107521.51666666666,129510.5,0.019796283268515104
acceptance-2,false,acceptance,zswap_memo_statement,261,9,11,6,,,,,,100,20200.0,112807.8406556498,181.75102908604202,112484.39373681125,113193.5605868457,112807.01622596153,695.9872080141306,1817.3845962704995,112748.01944805674,108666.66666666667,125583.25,0.016110445743023616
acceptance-2,false,acceptance,zswap_memo_statement,262,9,11,6,,,,,,100,20200.0,119750.73997290633,219.91130356196516,119342.52738351791,120203.97197458208,119128.52083333334,1585.4294616213087,2207.920561823976,120556.98069454706,117291.15,130223.16576086957,0.018437636062403617
acceptance-2,false,acceptance,zswap_memo_statement,263,9,11,6,,,,,,100,20200.0,114775.74797634268,881.0513594651766,113429.23934601777,116771.61791961333,113181.61795190713,1153.6712403290544,8868.459266146558,114056.20707181912,107874.14583333333,194152.13815789475,0.07726771049206758
acceptance-2,false,acceptance,zswap_memo_statement,264,9,11,6,,,,,,100,20200.0,113964.55746547849,220.38842433178894,113553.73745990003,114416.7669109656,113496.24412393162,1022.1931131024461,2225.8214290865417,113969.4656494754,109614.19444444444,126218.75,0.01953082149913823
acceptance-2,false,acceptance,zswap_memo_statement,265,9,11,6,,,,,,100,20200.0,125474.7456805364,268.42923805613003,124952.33839520493,126003.2493674123,125542.49880952381,2019.4839442632801,2699.9749963878626,125383.04796364711,118138.88541666667,135392.7,0.021518075065576178
acceptance-2,false,acceptance,zswap_memo_statement,266,9,11,6,,,,,,100,20200.0,113676.1891033635,190.05687939058652,113325.70559387708,114073.25268908951,113436.98852040817,872.8266951929573,1908.7875165337102,113513.67075291858,107968.25,125760.5,0.01679144534655439
acceptance-2,false,acceptance,zswap_memo_statement,267,9,11,6,,,,,,100,20200.0,124986.48958290115,243.99702226138123,124500.0503271761,125453.92616880043,125524.21637228261,1635.1883263928053,2450.868771255388,125539.41860277818,115275.47222222222,130891.98809523809,0.019609069583715073
acceptance-2,false,acceptance,zswap_memo_statement,268,9,11,6,,,,,,100,20200.0,113491.54861303061,397.9826478185614,112813.29928955884,114362.53294615973,113105.0953525641,847.584157042361,4001.7217410381495,113241.72550022167,107401.04545454546,142752.47619047618,0.03526008579442971
acceptance-2,false,acceptance,zswap_memo_statement,269,9,11,6,,,,,,100,20200.0,121412.90409795362,388.0163469552973,120691.33145466138,122213.98944245718,120613.96879535558,2202.4205692157557,3901.1558719571576,120894.489526378,112790.89814814815,142771.46464646465,0.03213131174928308
acceptance-2,false,acceptance,zswap_memo_statement,270,9,11,6,,,,,,100,20200.0,117257.3352679982,286.96748020438775,116719.03412894436,117843.78075585331,116514.01290322581,1525.9392174924233,2889.4565066812575,116243.99559553717,113335.42,128375.0,0.024642010668903935
acceptance-2,false,acceptance,zswap_memo_statement,271,9,11,6,,,,,,100,20200.0,120469.56340513116,262.11422455143736,119993.5178804049,121017.69121591379,119875.03055555555,1568.5609610350432,2630.2083296369797,120482.09694990395,116215.25,136395.75,0.021832969716938072
acceptance-2,false,acceptance,zswap_memo_statement,272,9,11,6,,,,,,100,20200.0,115370.36914738914,414.55675315749255,114679.30667147627,116289.6045652044,114715.18181818182,962.219995313017,4154.3299065562815,116326.94919757647,107953.51923076923,148961.84239130435,0.03600863841606504
acceptance-2,false,acceptance,zswap_memo_statement,273,9,11,6,,,,,,100,20200.0,113286.31719231069,143.6759601461902,113014.49451042573,113577.79020573238,113405.6134669152,672.0967054300402,1446.1548212983432,113281.23157455298,109691.79411764706,119979.25,0.012765485339623179
acceptance-2,false,acceptance,zswap_memo_statement,274,9,11,6,,,,,,100,20200.0,114272.34654180208,226.56979942630159,113862.01116026836,114748.2460340136,113987.81907051282,1052.7315375253208,2269.82641530948,114378.3920474361,108919.275,127421.05263157895,0.019863304500176277
acceptance-2,false,acceptance,zswap_memo_statement,275,9,11,6,,,,,,100,20200.0,126543.66686091966,174.08113852496268,126198.55613461626,126882.86365274928,126708.46466973887,1481.2641344938036,1750.4514930110486,126491.91294813063,121349.57627118644,130523.95,0.013832786234453892
acceptance-2,false,acceptance,zswap_memo_statement,276,9,11,6,,,,,,100,20200.0,115497.54532489527,186.05713839132775,115146.31959105883,115874.02361198152,115272.39568214805,836.6575803280645,1865.547828655319,115813.76850302941,109916.65625,124562.5,0.016152272530186872
acceptance-2,false,acceptance,zswap_memo_statement,277,9,11,6,,,,,,100,20200.0,114770.24735952886,189.59419252090925,114403.11315917953,115148.91525992149,114711.71535071268,796.4426358269296,1902.113519394215,114576.1254034284,106830.75,121561.23484848485,0.016573228368460872
acceptance-2,false,acceptance,zswap_memo_statement,278,9,11,6,,,,,,100,15150.0,133042.5729339306,2524.616785740696,128800.28921495014,138564.47599754532,126149.59007414897,3635.1140871832854,25426.139985843845,128034.97010492094,120896.89743589744,318153.67741935485,0.19111281017145204
acceptance-2,false,acceptance,zswap_memo_statement,279,9,11,6,,,,,,100,20200.0,112926.178405168,196.58748895224392,112582.58369143972,113348.97018529897,112845.33487025023,793.6938651475277,1978.8497593460847,112542.19813802275,108126.54629629629,127562.5,0.01752339260296374
acceptance-2,false,acceptance,zswap_memo_statement,280,10,12,6,,,,,,100,15150.0,128334.19921701647,481.31743386648026,127412.63117129562,129297.51842821526,127531.4714061888,3510.1436876824855,4849.672218354696,126786.60918378405,118890.15151515152,145229.16666666666,0.03778939867894274
acceptance-2,false,acceptance,zswap_memo_statement,281,10,12,6,,,,,,100,20200.0,122167.5613899545,206.9825934059883,121766.34796758332,122575.7071730463,121993.92091523341,1719.4082544743994,2084.0460995483886,122046.26500591105,115908.54779411765,129661.4375,0.01705891544234224
acceptance-2,false,acceptance,zswap_memo_statement,282,10,12,6,,,,,,100,20200.0,125694.90864104718,226.70323748562134,125249.61390076211,126137.66458577325,126186.47814542483,2272.1582464666826,2278.264082172655,125662.91559701493,120134.3085106383,131677.0,0.018125348964442147
acceptance-2,false,acceptance,zswap_memo_statement,283,10,12,6,,,,,,100,20200.0,113441.461510966,221.47127264436722,113035.49268064377,113903.2381365911,113282.43214285714,1073.57135373442,2219.7130093548153,113259.68752992463,108999.39705882352,125916.66847826086,0.019567034660781794
acceptance-2,false,acceptance,zswap_memo_statement,284,10,12,6,,,,,,100,20200.0,114579.66412336758,214.04786602029685,114179.07965371638,115019.24980023484,114200.55803571429,987.3634962492046,2153.326319849698,114235.41580242352,110201.11538461539,126448.0,0.018793267865851115
acceptance-2,false,acceptance,zswap_memo_statement,285,10,12,6,,,,,,100,20200.0,114035.35824345975,292.817642978921,113516.96438181787,114662.2675585512,113510.3115712597,1045.1222808957327,2954.5587111072405,113603.18427959214,108559.89583333333,133350.90625,0.025909145694964244
acceptance-2,false,acceptance,zswap_memo_statement,286,10,12,6,,,,,,100,20200.0,113046.61158199614,213.1673384212924,112668.95002727813,113501.06448741318,112909.51596320346,886.432456637661,2145.338746308667,112941.50075291858,107930.725,128864.5,0.018977470587453988
acceptance-2,false,acceptance,zswap_memo_statement,287,10,12,6,,,,,,100,20200.0,113838.48390402285,241.31323286162723,113436.29065365953,114372.26841837978,113673.5742311771,1064.195466744433,2432.253861014701,113567.66854883995,110742.05412371134,133666.75,0.021365831462278898
acceptance-2,false,acceptance,zswap_memo_statement,288,10,12,6,,,,,,100,20200.0,113980.4748047655,298.2681741679454,113469.96437505061,114630.36185043723,113881.4407523511,889.1165279650294,3000.750208867506,114142.33444140683,108046.875,135604.0,0.026326879353743886
acceptance-2,false,acceptance,zswap_memo_statement,289,10,12,6,,,,,,100,20200.0,113599.65525509379,252.01657329087143,113150.31693483019,114134.86688363418,113287.22595799557,591.5117359813308,2531.4934072492765,113361.41698758682,109141.12903225806,127895.75,0.022284340578012138
acceptance-2,false,acceptance,zswap_memo_statement,290,10,12,6,,,,,,100,20200.0,124637.16211396111,273.25476807425486,124105.48299578803,125178.84023142647,125079.32692307692,2359.5122057064414,2737.461164120611,124817.76616225802,117692.82558139534,133711.34868421053,0.021963442665820912
acceptance-2,false,acceptance,zswap_memo_statement,291,10,12,6,,,,,,100,20200.0,113353.71065735178,207.72074936138688,112996.04713424221,113805.608590726,113231.11328125,689.8185229095246,2092.827148511659,113223.9864304714,109803.07142857143,129625.0,0.01846280228829831
acceptance-2,false,acceptance,zswap_memo_statement,292,10,12,6,,,,,,100,20200.0,116821.74000432681,198.94631229253704,116464.37469162744,117240.969095089,116521.92708333333,907.0054814935893,1996.6641472507722,117016.52482488548,113589.77205882352,129343.75,0.01709154603566785
acceptance-2,false,acceptance,zswap_memo_statement,293,10,12,6,,,,,,100,20200.0,122790.50831961354,387.14980804596723,122060.85448946746,123579.4365404363,121687.23629127358,2647.8661904909777,3899.4297325382636,122651.57663588,117681.36764705883,139592.47448979592,0.0317567683846407
acceptance-2,false,acceptance,zswap_memo_statement,294,10,12,6,,,,,,100,20200.0,113659.17032784449,270.73875534689853,113173.69637940575,114234.25250548153,113389.80625,1324.2250777415509,2734.3902392212717,113272.69842766366,108069.44444444444,132312.5,0.0240578057303608
acceptance-2,false,acceptance,zswap_memo_statement,295,10,12,6,,,,,,100,20200.0,114783.68861184215,185.62335049132793,114425.81324131056,115155.09779427148,114539.0306122449,1029.1728248928775,1860.5524479509857,115214.5043320526,109171.29166666667,121604.0,0.016209205946000883
acceptance-2,false,acceptance,zswap_memo_statement,296,10,12,6,,,,,,100,20200.0,114394.64290664317,216.12433371702807,113984.96048419179,114833.010163294,114040.57606837607,1147.4908848748757,2175.456461856212,114029.5740756613,109866.11029411765,123739.5,0.019017118342085214
acceptance-2,false,acceptance,zswap_memo_statement,297,10,12,6,,,,,,100,20200.0,134366.93850946557,2550.1131919373306,129789.79788684747,139691.77884639928,125900.96212121213,4546.8307204242765,25610.685310139528,146550.53698315355,119290.52777777778,268553.93611111114,0.1906025812170705
acceptance-2,false,acceptance,zswap_memo_statement,298,10,12,6,,,,,,100,20200.0,122709.16980179766,206.95141630542216,122295.30004675864,123109.51558727998,122938.19465011614,1921.6393401497203,2078.443222117881,123252.84532880153,115362.44871794872,126808.59375,0.016937961730773866
acceptance-2,false,acceptance,zswap_memo_statement,299,10,12,6,,,,,,100,20200.0,116060.03998156129,280.5429954256536,115524.9448791693,116622.89071738653,115252.65384870165,2053.1904571336454,2822.841244907774,116544.94644820452,110388.25,124364.5,0.024322249461194784
acceptance-2,false,acceptance,zswap_memo_statement,300,10,12,6,,,,,,100,20200.0,124489.28270868823,190.59921101182513,124111.2055321566,124858.98098364541,124701.715625,1737.8007891929751,1918.3570600062458,125031.05532067386,120697.91666666667,128213.73734177215,0.0154098169598688
acceptance-2,false,acceptance,zswap_memo_statement,301,10,12,6,,,,,,100,20200.0,125964.7334598782,265.6880411503636,125422.87528814908,126464.27891397783,126678.67318181819,1264.7733468506176,2678.9404442905798,126395.9717681395,114447.75,131723.4375,0.02126738469338218
acceptance-2,false,acceptance,zswap_memo_statement,302,10,12,6,,,,,,100,20200.0,113988.69999520972,287.21080887080876,113476.75767765891,114595.01079648426,113438.16616161616,641.7266392652172,2891.284383352054,113606.61382518102,109628.47916666667,130968.75,0.02536465793077347
acceptance-2,false,acceptance,zswap_memo_statement,303,10,12,6,,,,,,100,20200.0,124134.44911138454,489.5589419149871,123279.2407637467,125189.45345227153,123922.74166666667,2920.743839067196,4911.594655126166,124377.67832939264,114364.57142857143,161859.6838235294,0.03956673341111816
acceptance-2,false,acceptance,zswap_memo_statement,304,10,12,6,,,,,,100,20200.0,112773.3294001108,224.23533829565628,112397.76239717746,113271.88875430769,112727.1818986569,798.7731623752558,2256.206024046528,112672.5198972957,107812.5,131479.25,0.020006556834388463
acceptance-2,false,acceptance,zswap_memo_statement,305,10,12,6,,,,,,100,20200.0,114774.58751432577,263.4330104705498,114305.45187535443,115335.38569350666,114250.47802325583,1399.7662761975641,2646.4441311309956,114058.19660928033,110643.56521739131,133458.25,0.023057753362003375
acceptance-2,false,acceptance,zswap_memo_statement,306,10,12,6,,,,,,100,20200.0,114403.16601222372,156.41547263818606,114114.48864918116,114727.92517876517,114191.86032608696,879.9440522619651,1571.8535790317696,114212.79146667651,109947.91666666667,124062.5,0.013739598595233113
acceptance-2,false,acceptance,zswap_memo_statement,307,10,12,6,,,,,,100,20200.0,113318.52905244315,180.96068652147713,112991.88395465429,113703.21245816158,113336.87279929577,719.8766947771791,1820.6154307666388,113227.92833382593,107475.70238095238,126427.0,0.016066352484367923
acceptance-2,false,acceptance,zswap_memo_statement,308,10,12,6,,,,,,100,20200.0,116963.5057854332,367.03805058592815,116272.67450960194,117710.14930804835,115691.92927631579,1660.754437959124,3701.281723029422,118833.4576230235,112047.99107142857,129643.84550561798,0.03164475703916858
acceptance-2,false,acceptance,zswap_memo_statement,309,10,12,6,,,,,,100,20200.0,125164.37642124151,291.6624385902671,124583.95905885143,125728.81776737931,125578.8142570281,1746.227131742306,2929.407340956736,125302.1265701197,114068.86111111111,137395.75,0.023404481568284227
acceptance-2,false,acceptance,zswap_memo_statement,310,10,12,6,,,,,,100,20200.0,112959.65036691185,227.00572663919326,112551.04847610487,113446.50119936526,113161.12126068375,645.3740537179051,2280.3378203120183,112941.02860056155,103639.55,130510.5,0.020187189079508474
acceptance-2,false,acceptance,zswap_memo_statement,311,11,13,7,,,,,,100,20200.0,123892.03065659413,283.9731971063525,123384.63650630631,124493.10092070351,123540.96423065063,1013.3552823482789,2859.5916579205127,123774.47467932614,119313.59210526316,140645.75,0.023081320426870503
acceptance-2,false,acceptance,zswap_memo_statement,312,11,13,7,,,,,,100,20200.0,124564.69504890418,230.98070448626575,124149.28351895996,125051.15979010712,124134.18119747899,899.610316207423,2322.3520675434215,124578.30918427663,120779.82954545454,137750.0,0.018643742246803274
acceptance-2,false,acceptance,zswap_memo_statement,313,11,13,7,,,,,,100,20200.0,124022.39753702155,262.77176083781495,123537.89412284798,124564.60309749276,123466.83799342105,1151.388480726522,2639.7305589848884,124377.87264666765,119965.1551724138,135656.25,0.021284305185254225
acceptance-2,false,acceptance,zswap_memo_statement,314,11,13,7,,,,,,100,20200.0,126786.00864730582,400.11238530227325,126078.09762588542,127638.92822201941,125733.57211538462,1378.5812161427348,4038.9409307527158,126725.96730234964,122873.5142857143,152446.84615384616,0.03185636154844396
acceptance-2,false,acceptance,zswap_memo_statement,315,11,13,7,,,,,,100,20200.0,123994.40777232796,365.06162479406805,123338.02109937274,124767.26493100225,123298.16102941177,1079.4990688521189,3657.0004768500794,123582.23419388208,115997.375,142791.75,0.029493269434899615
acceptance-2,false,acceptance,zswap_memo_statement,316,11,13,7,,,,,,100,15150.0,137842.3098235752,187.13098368034795,137470.0229394636,138204.79705257798,137874.36813813815,1459.760874084062,1880.0266240596395,137822.82391113738,129402.77777777778,143295.125,0.013638966341074026
acceptance-2,false,acceptance,zswap_memo_statement,317,11,13,7,,,,,,100,15150.0,144843.1748283287,540.9583752007815,143837.6899934414,145955.34020780682,144331.33159582998,2739.688599952719,5429.245308565118,145055.76104723907,132236.0,174452.8201058201,0.03748361160268669
acceptance-2,false,acceptance,zswap_memo_statement,318,11,13,7,,,,,,100,15150.0,137900.88474155613,206.79278754856398,137495.82146397606,138307.90463335576,138188.85446599618,1579.4290739496998,2083.1563051578596,137901.33243879612,132163.86666666667,144196.12626262626,0.015106185207310023
acceptance-2,false,acceptance,zswap_memo_statement,319,11,13,7,,,,,,100,20200.0,124899.06837449182,192.99170850907518,124544.93108067065,125299.34807849264,124807.24321428571,798.4263801628343,1931.6355477769964,124825.4996113492,118941.40625,135010.5,0.015465572104871641
acceptance-2,false,acceptance,zswap_memo_statement,320,11,13,7,,,,,,100,20200.0,125518.18552494123,209.4400077799363,125120.98132510154,125942.51206078393,125199.68790849674,1447.8808030036146,2107.9994536434306,125016.70526156347,121875.65625,134041.75,0.016794374813716203
acceptance-2,false,acceptance,zswap_memo_statement,321,11,13,7,,,,,,100,15150.0,138177.2250787098,415.12030902427904,137434.98918633137,139063.500393841,137857.4879419019,1729.4954312489167,4179.634641415965,137846.2918299591,125529.66666666667,167711.6507936508,0.030248361399898737
acceptance-2,false,acceptance,zswap_memo_statement,322,11,13,7,,,,,,100,20200.0,129035.86216696612,710.7111466949095,127753.78083261082,130537.08650090916,127449.81575781877,2619.1066429779085,7145.4691074945895,127624.84297916359,118018.75,169291.75,0.0553758388365608
acceptance-2,false,acceptance,zswap_memo_statement,323,11,13,7,,,,,,100,20200.0,128096.08695895257,495.33144280683774,127140.30345802018,129084.86336466674,126279.49127121913,3324.8666637056867,4987.660742494308,128435.55664548544,116916.625,139696.2572463768,0.03893687044548493
acceptance-2,false,acceptance,zswap_memo_statement,324,11,13,7,,,,,,100,20200.0,127025.16563802617,476.14342056536185,126142.22370046622,128011.66049402625,125441.3629032258,1756.0533971881202,4796.572751719438,125644.0379052756,120084.13461538461,144281.25,0.03776080690489208
acceptance-2,false,acceptance,zswap_memo_statement,325,11,13,7,,,,,,100,15150.0,136549.27495339533,1051.239756233929,134583.90056976257,138702.46050618272,132661.96363636362,2187.3365530473534,10540.123954579758,134838.04470124625,119180.55555555556,169314.20833333334,0.07718916089578018
acceptance-2,false,acceptance,zswap_memo_statement,326,11,13,7,,,,,,100,15150.0,132569.12826040565,389.75037589275223,131883.6535493506,133406.40191938443,131604.1530612245,1971.0678931377022,3915.0688311061685,131661.81209595586,128773.83539094651,158589.3432835821,0.02953228162906673
acceptance-2,false,acceptance,zswap_memo_statement,327,11,13,7,,,,,,100,20200.0,123687.27817862839,180.943876517434,123337.0425436693,124049.32340339148,123741.71765734266,713.765016578139,1817.8490091403646,123489.32518176445,117436.2794117647,132093.75,0.014697138104333079
acceptance-2,false,acceptance,zswap_memo_statement,328,11,13,7,,,,,,100,15150.0,136591.23824461826,232.60789273286437,136144.92312686838,137059.47969374395,136610.35033514872,1717.6641403386966,2332.291457203721,136217.1831476282,131048.625,147907.38888888888,0.017074971185390905
acceptance-2,false,acceptance,zswap_memo_statement,329,11,13,7,,,,,,100,20200.0,124035.87080197604,148.43773667911447,123754.79162986929,124338.28888811568,124061.0125,795.1385862249987,1496.0951347335138,123872.80309073445,119668.93478260869,132458.5,0.012061794100853599
acceptance-2,false,acceptance,zswap_memo_statement,330,11,13,7,,,,,,100,15150.0,135670.66206255765,228.56561293963955,135225.17942224586,136118.78652047404,135749.772875817,2478.127700857389,2294.3842669179135,135457.67430963993,129473.21428571429,141951.38888888888,0.016911425300334824
acceptance-2,false,acceptance,zswap_memo_statement,331,11,13,7,,,,,,100,20200.0,124207.17713131149,227.38596143229094,123779.96445903894,124672.45190349536,123943.96965042374,1279.266982005447,2283.7837652299836,123778.88397369588,117015.15909090909,136229.25,0.018386890500019768
acceptance-2,false,acceptance,zswap_memo_statement,332,11,13,7,,,,,,100,15150.0,132580.22606142642,380.7973148925869,131869.37216479707,133361.93185287918,131353.8014905149,2178.141605568719,3818.9248174362974,131556.778173489,128555.5,148506.65217391305,0.0288046334727694
acceptance-2,false,acceptance,zswap_memo_statement,333,11,13,7,,,,,,100,20200.0,127179.86380031753,572.5996626754827,126146.26920966219,128385.98286222544,125374.34340277777,1637.2068373920893,5784.389641775721,129560.53276414955,117986.97916666667,159548.04591836734,0.04548196128640043
acceptance-2,false,acceptance,zswap_memo_statement,334,11,13,7,,,,,,100,20200.0,131037.84067862514,155.1168784940245,130739.78919672915,131349.3564809027,130874.54342532468,1083.7772234221538,1563.057795109979,131327.96923895375,127759.47159090909,136840.87931034484,0.011928293285474938
acceptance-2,false,acceptance,zswap_memo_statement,335,11,13,7,,,,,,100,20200.0,124346.92753973672,267.6983553255521,123856.2439491407,124905.61795838809,123733.60845963276,1102.5366790673665,2690.7222626850735,124249.02021796956,118145.33333333333,140572.75,0.021638831902985437
acceptance-2,false,acceptance,zswap_memo_statement,336,11,13,7,,,,,,100,20200.0,123650.13360011957,320.2135114877952,123088.7572364565,124338.54825348168,123397.19742063493,1357.5126125431743,3228.76830220354,123222.56141421605,115614.625,147552.25,0.026112129507641853
acceptance-2,false,acceptance,zswap_memo_statement,337,11,13,7,,,,,,100,15150.0,136063.91075344087,557.155390428679,135132.10182713292,137284.30874669694,134670.52010849235,1824.1641018226746,5609.259295365833,137114.25753312645,128952.0303030303,179042.78544061302,0.041225180610384465
acceptance-2,false,acceptance,zswap_memo_statement,338,11,13,7,,,,,,100,20200.0,123834.0331593396,193.19847512965185,123493.86331568006,124250.96609080171,123863.04517879948,832.7758760533924,1934.2954931248532,123671.30929806414,119309.51785714286,138333.25,0.01562006375610781
acceptance-2,false,acceptance,zswap_memo_statement,339,11,13,7,,,,,,100,20200.0,123569.40676626787,194.09037092352838,123228.17486256344,123986.17827079764,123422.39200367648,741.2447144718527,1945.2533577289462,123326.60260011822,120296.875,136875.0,0.015742192251585397
acceptance-2,false,acceptance,zswap_memo_statement,340,11,13,7,,,,,,100,20200.0,128344.19106963491,216.2113215370064,127935.8081877514,128782.49190908622,127467.74930445151,1208.3825704586925,2168.9513375480365,129164.52756317423,124266.42307692308,135604.25,0.016899489719571663
acceptance-2,false,acceptance,zswap_memo_statement,341,11,13,7,,,,,,100,20200.0,128918.46255097126,332.39237174550067,128324.9385351683,129624.15304845409,128367.07200604121,1949.5838850146622,3338.525051564964,128421.90662184129,123889.328125,150182.6923076923,0.02589640758588004
acceptance-2,false,acceptance,zswap_memo_statement,342,12,14,7,,,,,,100,15150.0,134728.20071882725,507.31591129548343,133761.47677034253,135759.37305525914,133784.3158378136,4319.644848162264,5112.264175325023,136468.69294813063,128449.07070707071,152237.60119047618,0.03794501929105494
acceptance-2,false,acceptance,zswap_memo_statement,343,12,14,7,,,,,,100,15150.0,134280.72109721164,348.05612728447346,133656.62702884115,135016.78604694977,133945.4711111111,2411.520136033115,3497.0565681872677,134232.57508694154,128594.1511627907,157877.93333333332,0.02604287897482764
acceptance-2,false,acceptance,zswap_memo_statement,344,12,14,7,,,,,,100,20200.0,123631.6058039439,257.7639749284377,123131.79255855565,124142.40371656757,123457.53752535497,1215.9936311762235,2593.0010356351236,123991.15589182799,113833.33333333333,132589.95454545456,0.020973609610370408
acceptance-2,false,acceptance,zswap_memo_statement,345,12,14,7,,,,,,100,15150.0,131837.77016641485,213.13932758364678,131441.38730081244,132274.8741903291,131683.13097155126,1764.3221802551325,2136.501206403622,131549.30461750654,128013.9,142347.33333333334,0.016205532023992674
acceptance-2,false,acceptance,zswap_memo_statement,346,12,14,7,,,,,,100,15150.0,145329.4333031255,537.9573379825274,144304.41301482488,146416.49483407562,145211.45079695078,2389.523828704219,5396.179473852773,145151.88529826116,130072.2,173527.66666666666,0.03713067168298606
acceptance-2,false,acceptance,zswap_memo_statement,347,12,14,7,,,,,,100,20200.0,124325.06611175094,218.17805946644654,123914.63657268179,124771.79359507465,124330.55013318112,900.7772859623493,2191.0186451998425,124241.43441259052,115433.35,136927.0,0.017623305691471913
acceptance-2,false,acceptance,zswap_memo_statement,348,12,14,7,,,,,,100,15150.0,137597.40634437313,260.4026544984044,137069.46958311697,138086.64714167512,138156.4127936032,1426.1595891250572,2610.118874779518,138270.52246391802,128521.48484848485,141036.96045197741,0.01896924472723723
acceptance-2,false,acceptance,zswap_memo_statement,349,12,14,7,,,,,,100,20200.0,134290.68487214213,825.2208933559208,132777.82989535062,136003.32667654264,130924.4537257131,1277.9230672084154,8293.577188230276,139055.43537387322,127807.56578947368,171446.0134408602,0.06175839520162231
acceptance-2,false,acceptance,zswap_memo_statement,350,12,14,7,,,,,,100,15150.0,135750.90552975837,795.0247136389737,134399.91975369334,137488.5823562361,135085.3248248248,3996.5896519429007,7995.34812924801,135308.82255553914,123106.55555555556,198592.03954802259,0.05889719923448559
acceptance-2,false,acceptance,zswap_memo_statement,351,12,14,7,,,,,,100,20200.0,123487.98139303431,248.8784369252769,123064.55675325006,124033.89319531928,123447.09093364197,928.5829580418738,2503.257055787175,123343.63017215901,118359.01666666666,143927.0,0.02027126063240012
acceptance-2,false,acceptance,zswap_memo_statement,352,12,14,7,,,,,,100,20200.0,123985.24463675742,216.2533162815838,123581.26070072217,124430.03243311487,123745.96947496948,1176.5725577014007,2172.193078967892,123703.70696689819,119261.45,134021.0,0.017519770883477455
acceptance-2,false,acceptance,zswap_memo_statement,353,12,14,7,,,,,,100,15150.0,139025.96837094316,1464.8552200176032,136693.4096736536,142322.0107515537,137817.4211501555,6132.999800146913,14791.08867487548,142390.58677700607,125395.83333333333,266242.4388185654,0.10639083365641826
acceptance-2,false,acceptance,zswap_memo_statement,354,12,14,7,,,,,,100,20200.0,133147.27142276597,449.46501880261087,132273.3890744483,134040.70535710978,132230.74290752353,5113.746768548324,4513.460318928976,136142.31631816167,123666.75,143113.01369863015,0.033898256199317425
acceptance-2,false,acceptance,zswap_memo_statement,355,12,14,7,,,,,,100,20200.0,124965.20515284341,189.19882273060415,124632.51980275221,125372.59269387662,124955.69848484849,805.4317536762118,1898.2854958225162,124530.76476429733,121216.66666666667,138906.25,0.015190512379031799
acceptance-2,false,acceptance,zswap_memo_statement,356,12,14,7,,,,,,100,15150.0,138063.76169659488,235.63089975532358,137584.73617660158,138508.25141633296,138314.72115384616,1440.77004073139,2381.8396925387365,138336.50734545095,127265.43209876544,143458.33333333334,0.01725173690235242
acceptance-2,false,acceptance,zswap_memo_statement,357,12,14,7,,,,,,100,20200.0,124786.29923729268,276.8007891471874,124293.61713722745,125380.65505548305,124283.71397569444,857.5237276601625,2780.7475005026627,124574.13307374022,119965.0,143224.95744680852,0.022284076998026956
acceptance-2,false,acceptance,zswap_memo_statement,358,12,14,7,,,,,,100,20200.0,124521.94274861766,432.45163627760246,123765.05807481684,125448.1920460828,123750.0441919192,1470.5072190749217,4341.038232125293,125666.35685902172,118223.21428571429,152506.25,0.034861632707489085
acceptance-2,false,acceptance,zswap_memo_statement,359,12,14,7,,,,,,100,20200.0,124845.00936228219,346.90889402741055,124215.39308712205,125573.21649539158,124183.86695075757,1168.6097706615321,3484.7587014667934,124358.40826363233,116208.80681818182,141666.75,0.027912679243385106
acceptance-2,false,acceptance,zswap_memo_statement,360,12,14,7,,,,,,100,15150.0,143919.98692742598,1026.258307436129,141975.07560477508,146002.89293305503,142445.3722222222,8677.32382722524,10263.0354011062,138432.08059208907,131856.6398467433,177297.75,0.0713107027051184
acceptance-2,false,acceptance,zswap_memo_statement,361,12,14,7,,,,,,100,15150.0,133176.28330265687,348.8800239628464,132515.71592829018,133884.78402808678,132960.87958462216,3777.563614354577,3490.7518076652923,131292.90765775085,128840.27551020408,147402.0975609756,0.02621151244874583
acceptance-2,false,acceptance,zswap_memo_statement,362,12,14,7,,,,,,100,15150.0,136361.66101935145,273.33331137806545,135837.1042114409,136914.6711817956,136403.15148809523,2271.490390089656,2748.673903490655,136089.65197576475,129351.19047619047,148111.08333333334,0.020157233953762
acceptance-2,false,acceptance,zswap_memo_statement,363,12,14,7,,,,,,100,20200.0,125708.4843157921,413.1266214463396,124926.77925503769,126543.50215302562,124824.9912342216,2425.9991294908837,4159.505351372089,126912.93977020837,116288.67857142857,144625.0,0.033088501337133314
acceptance-2,false,acceptance,zswap_memo_statement,364,12,14,7,,,,,,100,15150.0,137431.56737887685,220.58026179418957,136995.14120149286,137861.46367743428,137377.75828642902,1768.7549775831121,2225.7586967026245,137300.8333057485,130828.52564102564,144736.33333333334,0.01619539629178909
acceptance-2,false,acceptance,zswap_memo_statement,365,12,14,7,,,,,,100,20200.0,124452.53840378457,271.7744131583052,124005.39377476591,125055.15429580817,124421.49471393035,912.3304017224349,2733.602870050442,124307.69665878528,119316.96428571429,147604.25,0.021965023012879857
acceptance-2,false,acceptance,zswap_memo_statement,366,12,14,7,,,,,,100,15150.0,133927.27768919314,470.2483740250874,133032.69370326106,134878.70343557934,133265.03656200354,2835.6051009288444,4728.035053729472,134104.85181419636,118710.66666666667,160815.62637362638,0.0353030027587202
acceptance-2,false,acceptance,zswap_memo_statement,367,12,14,7,,,,,,100,20200.0,124256.69395146109,278.7165928967895,123722.87458338852,124819.8867042543,124065.16703667954,1545.696849379196,2794.348912218136,124707.1997140535,114991.7,138281.25,0.0224885181100159
acceptance-2,false,acceptance,zswap_memo_statement,368,12,14,7,,,,,,100,15150.0,136587.81100468745,269.6446289499352,136067.42951722472,137124.37205988725,136637.99178110695,2032.8456042406015,2705.3037831052798,136485.58408157233,130511.52482269504,145038.19444444444,0.01980633383906005
acceptance-2,false,acceptance,zswap_memo_statement,369,12,14,7,,,,,,100,15150.0,130552.42761769451,204.54183046416716,130173.76215041235,130972.79848937626,129792.57228453648,1142.499590609011,2055.4007191395253,130558.52029358159,128555.55303030302,140166.66666666666,0.015743872072287265
acceptance-2,false,acceptance,zswap_memo_statement,370,12,14,7,,,,,,100,15150.0,136646.97438449273,299.53595581445137,136074.29557483183,137243.91552338187,136494.2136752137,2757.8296599804885,3016.119063844458,136072.27416974533,131084.57575757575,145912.1472868217,0.02207234428299746
acceptance-2,false,acceptance,zswap_memo_statement,371,12,14,7,,,,,,100,20200.0,123625.88629678744,237.07199771846953,123212.53048456287,124136.54016413042,123455.84918604651,977.1737001516956,2380.208608896459,123458.56746638096,119929.7824074074,140187.5,0.019253318865454404
acceptance-2,false,acceptance,zswap_memo_statement,372,12,14,7,,,,,,100,20200.0,123863.9274463935,238.66102142446422,123435.06082586784,124369.97506168898,123828.71676788124,789.1127515179592,2396.2678077571773,124095.46211836855,117002.84090909091,139781.25,0.01934596986515099
acceptance-2,false,acceptance,zswap_memo_statement,373,13,15,8,,,,,,100,15150.0,148966.77348018117,253.26622933828716,148453.46373301736,149442.74117337907,149567.68409090908,1753.6219969614908,2549.841970636371,149571.54848234076,138836.10476190477,152492.42424242425,0.017116850362444126
acceptance-2,false,acceptance,zswap_memo_statement,374,13,15,8,,,,,,100,15150.0,133422.74125369947,247.46707785387886,132983.14138781125,133954.69041376698,133615.47364672367,792.6254110834392,2488.9308230361457,133245.7707334614,125359.84848484848,152277.66666666666,0.018654472241006623
acceptance-2,false,acceptance,zswap_memo_statement,375,13,15,8,,,,,,100,15150.0,148311.03207962232,276.101417586283,147760.22111757877,148842.6524650437,148686.60900880728,2549.3992936279974,2775.6942648694453,149017.1567174031,139555.56,153878.5,0.01871535937649793
acceptance-2,false,acceptance,zswap_memo_statement,376,13,15,8,,,,,,100,15150.0,149599.44212577015,218.1379950324687,149159.38237197924,150015.9080914652,149761.31994301995,1293.9337079158204,2193.7203050625417,149445.24912762918,139304.07142857142,155946.42857142858,0.014663960465963858
acceptance-2,false,acceptance,zswap_memo_statement,377,13,15,8,,,,,,100,15150.0,133763.1682539246,311.0168015697001,133191.6428208171,134408.9776860236,133470.66756513924,943.5300773350195,3130.393205819837,134066.3963105266,126404.0303030303,151319.33333333334,0.023402504939755653
acceptance-2,false,acceptance,zswap_memo_statement,378,13,15,8,,,,,,100,15150.0,134369.19308103633,225.5564435669509,133957.87806459048,134839.70458382714,134088.91507177032,1059.7211195095167,2275.720042185184,134054.6208334565,129534.52380952382,146531.2893772894,0.016936322902621932
acceptance-2,false,acceptance,zswap_memo_statement,379,13,15,8,,,,,,100,15150.0,134369.58991009288,394.43675283664254,133684.20864252574,135220.07577450725,133691.8083664021,1057.9537088786092,3964.3593191065515,134116.56368553275,127256.30303030302,162375.0,0.029503396726589082
acceptance-2,false,acceptance,zswap_memo_statement,380,13,15,8,,,,,,100,15150.0,148631.93826036333,297.72410062520953,148046.7763938074,149212.88225597865,149338.59806527838,2554.2726546525882,2991.886986095439,149187.31420225604,141608.33333333334,156730.53333333333,0.020129502589507076
acceptance-2,false,acceptance,zswap_memo_statement,381,13,15,8,,,,,,100,15150.0,133425.73366276518,241.82368799585026,133012.01083304346,133955.6084753273,133503.9413580247,902.8074444399424,2426.2863823650428,133315.6900694547,127773.15873015873,152708.33333333334,0.01818454593247735
acceptance-2,false,acceptance,zswap_memo_statement,382,13,15,8,,,,,,100,15150.0,142473.67352187377,546.2726549503168,141518.78301585905,143645.2168502988,140876.70967741933,1806.5715348355156,5479.737193487914,142608.09315994286,137381.2688172043,176802.3381642512,0.03846140173150388
acceptance-2,false,acceptance,zswap_memo_statement,383,13,15,8,,,,,,100,15150.0,141922.13853363288,349.6229804117866,141268.3938785355,142638.37449305554,140372.2125199362,1593.110792235579,3510.345372090141,142006.92043249102,137898.80952380953,154260.41666666666,0.024734304375340674
acceptance-2,false,acceptance,zswap_memo_statement,384,13,15,8,,,,,,100,15150.0,133504.1635252168,272.35528263413806,133016.23283352316,134083.6663010156,133565.8035483871,978.7721091073253,2731.504643261517,133547.3441791045,123430.5,153986.33333333334,0.02046007084075381
acceptance-2,false,acceptance,zswap_memo_statement,385,13,15,8,,,,,,100,15150.0,133995.45816968617,313.5135412086499,133424.3799874421,134654.05328300802,133841.0642006803,1547.1781134411958,3148.805617541429,133808.97003891433,126213.54166666667,152861.0,0.023499345877484257
acceptance-2,false,acceptance,zswap_memo_statement,386,13,15,8,,,,,,100,15150.0,152395.8051255121,856.9251592858433,150779.82368977106,154136.71643910828,150682.05230654764,7340.919071443503,8629.638190324731,150215.53880991085,141720.83333333334,188127.5303030303,0.05662648117654828
acceptance-2,false,acceptance,zswap_memo_statement,387,13,15,8,,,,,,100,15150.0,133451.53906444288,248.42707820468814,133022.84295260135,133993.0800147722,133568.17424242425,866.3774063292435,2493.5291763385994,133458.9571232944,127979.50793650794,153014.0,0.018684903852135344
acceptance-2,false,acceptance,zswap_memo_statement,388,13,15,8,,,,,,100,15150.0,147302.16900185385,1240.5331638705684,145110.3067848748,149942.49884623988,144673.69122807018,2992.5707919931965,12448.859561829873,145287.89845721886,132750.0,220032.58974358975,0.08451239819607273
acceptance-2,false,acceptance,zswap_memo_statement,389,13,15,8,,,,,,100,15150.0,138132.65174786877,474.5572038092289,137238.1137275943,139092.16968692135,137172.0575373993,2317.121482687768,4769.416668804714,136710.04291020148,126291.66666666667,154708.33333333334,0.03452780069342512
acceptance-2,false,acceptance,zswap_memo_statement,390,13,15,8,,,,,,100,15150.0,134727.77275527958,473.7071847573424,133911.8379823254,135757.37355995833,133654.3452718676,1171.2071617968086,4750.968309673481,134662.43301315207,128434.21052631579,168944.33333333334,0.03526346656307583
acceptance-2,false,acceptance,zswap_memo_statement,391,13,15,8,,,,,,100,15150.0,148440.3326006949,237.84231669776258,147968.26069492195,148902.85351904004,148636.77122807017,1783.0559394190645,2390.1801198008657,148381.45001034433,141125.0,156131.91666666666,0.01610195880004163
acceptance-2,false,acceptance,zswap_memo_statement,392,13,15,8,,,,,,100,15150.0,135577.82334953145,569.5317189801533,134570.84286934772,136794.11097334384,134020.28772802654,2000.7983168987078,5718.1595879480965,134606.41618935028,126475.70833333333,174274.8282828283,0.04217621618844095
acceptance-2,false,acceptance,zswap_memo_statement,393,13,15,8,,,,,,100,15150.0,141845.97086279286,325.597341416256,141242.048087148,142515.89179304213,140626.36352855316,1566.771107352206,3273.8622829987953,141814.48110240875,137805.5,154293.33333333334,0.023080403786481827
acceptance-2,false,acceptance,zswap_memo_statement,394,13,15,8,,,,,,100,15150.0,144029.6756795601,161.84381645693549,143726.54660155094,144361.37012185736,143730.97868217056,1226.2373487427485,1624.2313384786319,143808.13372444708,141385.8148148148,151533.61835748793,0.01127706030590704
acceptance-2,false,acceptance,zswap_memo_statement,395,13,15,8,,,,,,100,15150.0,134731.02752343513,505.69592013483344,133894.1877907941,135847.09901263748,133954.61010101013,1032.4901888535483,5092.953140566552,135186.75732722526,130234.5,175968.06872852234,0.03780089289143648
acceptance-2,false,acceptance,zswap_memo_statement,396,13,15,8,,,,,,100,15150.0,135300.9442760945,284.9511105022117,134824.34312388106,135927.88026787134,135263.1618819777,787.7352181881288,2860.623444981352,135237.82380178318,128511.7435897436,158611.0,0.02114267169594897
acceptance-2,false,acceptance,zswap_memo_statement,397,13,15,8,,,,,,100,15150.0,149082.361996408,294.6262823804666,148498.90477717735,149657.49198191235,149181.002413273,1747.7411936844137,2956.7458863366,148660.79144771193,135848.03921568627,158562.5,0.019832969150353548
acceptance-2,false,acceptance,zswap_memo_statement,398,13,15,8,,,,,,100,15150.0,133983.47565351636,380.0088180700062,133314.20086396078,134801.21525114006,133584.80555555556,1413.9509920542043,3822.3344884321873,133952.0270981725,125967.26190476191,156236.33333333334,0.028528402251011997
acceptance-2,false,acceptance,zswap_memo_statement,399,13,15,8,,,,,,100,15150.0,157973.22930647086,1158.8558035228991,156092.78890426087,160573.43162321788,156226.0962663068,2412.1627016200073,11664.881422138036,156933.39953598345,142545.9358974359,254249.43055555556,0.07384087464280394
acceptance-2,false,acceptance,zswap_memo_statement,400,13,15,8,,,,,,100,15150.0,136363.2831819286,277.87323096466554,135840.60143966522,136929.26979033937,135656.08394447353,1162.379320041604,2791.7594536149227,136817.33279641398,128852.33333333333,148027.66666666666,0.020472955684781413
acceptance-2,false,acceptance,zswap_memo_statement,401,13,15,8,,,,,,100,15150.0,142002.1712531884,291.4103934771923,141468.97765304186,142609.5500343882,141340.13324142894,1614.0290304211305,2943.4778135509264,142130.74506674547,139188.69023569024,155665.9356725146,0.02072840004891711
acceptance-2,false,acceptance,zswap_memo_statement,402,13,15,8,,,,,,100,15150.0,135523.38499020576,724.6365798400008,134337.80976485575,137135.71397668275,133963.08775510202,1682.1438942670559,7273.620717637395,133787.57624944585,127903.29629629629,194085.4871794872,0.053670595064925934
acceptance-2,false,acceptance,zswap_memo_statement,403,13,15,8,,,,,,100,15150.0,135253.66267090043,321.54353354728465,134626.04174678176,135888.26079628512,134854.44877999596,1844.9611134307954,3227.1254317236817,136629.42105216492,122222.33333333333,146307.03555555554,0.023859800673760177
acceptance-2,false,acceptance,zswap_memo_statement,404,14,16,8,,,,,,100,15150.0,149544.10682813026,240.97338885487216,149065.91013185875,150016.73917272582,149587.11616161617,1594.444314639665,2430.67195833079,149387.44257327224,140958.33333333334,156652.66666666666,0.016253879941416482
acceptance-2,false,acceptance,zswap_memo_statement,405,14,16,8,,,,,,100,15150.0,136253.24584716748,282.59746859595356,135720.33836194457,136827.67837543375,135616.67828222486,2092.692108316303,2839.5266224058387,135509.62004630314,127715.26666666666,151703.16666666666,0.02084006589898694
acceptance-2,false,acceptance,zswap_memo_statement,406,14,16,8,,,,,,100,15150.0,133470.1759774183,230.85500918718745,133035.44490263876,133946.06811332726,133624.47655027386,1007.5508832150954,2317.395923892625,133399.2636540072,124585.04166666667,148000.0,0.017362649797395213
acceptance-2,false,acceptance,zswap_memo_statement,407,14,16,8,,,,,,100,15150.0,134821.36604406618,264.3736957524599,134373.2333647764,135401.9866029315,134513.45475977764,995.9912751288759,2655.2307767960365,134927.5112477218,130091.66666666667,155972.0,0.019694436087587024
acceptance-2,false,acceptance,zswap_memo_statement,408,14,16,8,,,,,,100,15150.0,134029.8350990587,287.8922017533247,133526.45371996862,134650.00772023082,133762.20944678856,797.1026990229203,2898.7850746653735,133671.65586916902,128105.42424242424,151166.66666666666,0.02162790898401793
acceptance-2,false,acceptance,zswap_memo_statement,409,14,16,8,,,,,,100,15150.0,134834.00084526394,439.9517786523466,134035.17020927262,135753.27860019088,133732.3382352941,1445.7686626548373,4430.415077662495,134805.32552682134,128208.33333333333,158045.31147540984,0.032858292788825995
acceptance-2,false,acceptance,zswap_memo_statement,410,14,16,8,,,,,,100,15150.0,134712.41048841598,352.87673233900716,134102.52772823116,135476.87265327122,134219.061827957,1084.4718777522055,3535.541016987352,134928.0910960051,130186.48039215687,159819.33333333334,0.026245102468056395
acceptance-2,false,acceptance,zswap_memo_statement,411,14,16,8,,,,,,100,15150.0,149716.14229941982,655.8067206941937,148551.31467452325,151103.43855941852,149202.3106060606,3341.7995188097275,6608.267510245321,152129.480762524,139289.21568627452,196121.11333333334,0.044138644028306154
acceptance-2,false,acceptance,zswap_memo_statement,412,14,16,8,,,,,,100,15150.0,149729.3654220068,227.21962863119526,149291.31441074243,150185.80341220277,149827.83357558138,1652.2337615100405,2290.673924443306,149244.98305502193,143199.05555555556,160361.33333333334,0.015298761989587843
acceptance-2,false,acceptance,zswap_memo_statement,413,14,16,8,,,,,,100,15150.0,134305.64381762815,259.3326721802445,133858.10165968616,134870.09592783256,134013.52177177178,1254.6460504653598,2610.9426817030057,134252.63608492192,129590.50537634408,154611.0,0.01944030501985732
acceptance-2,false,acceptance,zswap_memo_statement,414,14,16,8,,,,,,100,15150.0,133863.71312810417,289.70324091439227,133328.34618935344,134462.81311156228,133533.1836419753,1095.7156237494976,2913.0194919286673,134518.69958721244,128023.14814814815,147430.33333333334,0.02176108389538681
acceptance-2,false,acceptance,zswap_memo_statement,415,14,16,8,,,,,,100,15150.0,134267.82164487228,357.242713853101,133616.62352394316,135012.55094230693,133481.6172356567,1444.2347576930438,3595.2679222951547,133463.65875178564,129076.39285714286,153046.875,0.026776839590086986
acceptance-2,false,acceptance,zswap_memo_statement,416,14,16,8,,,,,,100,15150.0,134445.48232720754,373.06706337805946,133779.35868518325,135238.4071941867,133883.55780022446,854.5316557747597,3730.275519314828,134657.74578001082,129290.47619047618,155861.0,0.027745636779644603
acceptance-2,false,acceptance,zswap_memo_statement,417,14,16,8,,,,,,100,15150.0,146645.74474268296,254.28219303615995,146150.8091532288,147149.0191954424,146572.42720306513,2211.4098794062875,2555.8599220531337,146710.65908772967,138593.75,154228.19047619047,0.017428803860199706
acceptance-2,false,acceptance,zswap_memo_statement,418,14,16,8,,,,,,100,15150.0,133905.52265128325,374.4676563285136,133275.53061613336,134727.5031198546,133593.11580594679,799.2546700528184,3768.3500547539643,133428.02121570366,129451.84444444445,161808.7628205128,0.02814185688642209
acceptance-2,false,acceptance,zswap_memo_statement,419,14,16,8,,,,,,100,15150.0,134145.19115001344,252.24980996813213,133694.7365038834,134681.7174584943,133999.9156626506,787.1827379055804,2542.1151692869507,133941.63924634256,129175.91666666667,151055.66666666666,0.01895047558167124
acceptance-2,false,acceptance,zswap_memo_statement,420,14,16,8,,,,,,100,15150.0,148096.99588763932,218.95122462994706,147669.42761610769,148524.6262759916,148188.345483683,1855.5710540225691,2205.1602526488987,147883.4346436136,142743.05555555556,153386.13333333333,0.01488997288183986
acceptance-2,false,acceptance,zswap_memo_statement,421,14,16,8,,,,,,100,15150.0,133483.02383842392,175.3953456851173,133149.83504027326,133839.55931209444,133465.54561689572,906.6279996826149,1757.7043566458278,133468.13239347815,128468.42424242424,142694.33333333334,0.013167999241412612
acceptance-2,false,acceptance,zswap_memo_statement,422,14,16,8,,,,,,100,15150.0,145477.61452050443,322.68442698973126,144843.94599152548,146106.63570279334,145449.07222222222,2754.358909748371,3250.9423397513237,145979.59671149205,135408.10256410256,154270.27027027027,0.022346684405476814
acceptance-2,false,acceptance,zswap_memo_statement,423,14,16,8,,,,,,100,15150.0,134408.3167207862,252.84398060410095,133952.79795592016,134939.8032764556,134438.70060606062,840.2536968417613,2536.221673161433,134668.42204029358,129507.92857142857,149486.33333333334,0.01886952931960353
acceptance-2,false,acceptance,zswap_memo_statement,424,14,16,8,,,,,,100,15150.0,135158.11464416253,423.8464335136993,134351.83433799527,136016.21765506305,134695.42874396135,2007.3553118260925,4276.395567040009,135819.13114624895,122677.08333333333,152967.40444444446,0.03163994687480428
acceptance-2,false,acceptance,zswap_memo_statement,425,14,16,8,,,,,,100,15150.0,148332.37286539245,269.24397636957787,147824.2629702857,148882.24139564653,148088.5992063492,1788.0812764949019,2700.68902023237,147999.20120979263,142321.54545454544,159437.5,0.01820701016279953
acceptance-2,false,acceptance,zswap_memo_statement,426,14,16,8,,,,,,100,15150.0,136593.27711282353,425.4455891828777,135798.2672298521,137465.82934824564,135477.0261904762,2236.2717528822095,4264.906996946753,136352.08235357865,130239.41269841269,156000.0,0.031223403428735502
acceptance-2,false,acceptance,zswap_memo_statement,427,14,16,8,,,,,,100,15150.0,149910.68191905803,971.8056570200506,148222.82686233328,151995.58083788975,148318.38392156863,2387.6235394246696,9773.973380709891,148050.4776641545,125437.5,213110.29411764705,0.06519864532393493
acceptance-2,false,acceptance,zswap_memo_statement,428,14,16,8,,,,,,100,15150.0,133884.4884277766,249.95166295367883,133472.76670971882,134440.95398621433,133918.27781455492,845.5740648405324,2510.3852973528387,133307.02419782276,129503.58602150538,155208.33333333334,0.01875038196607111
acceptance-2,false,acceptance,zswap_memo_statement,429,14,16,8,,,,,,100,15150.0,135065.70148673758,311.2519433971691,134470.1574054883,135687.9870613895,134766.89410212927,1751.1324240847666,3136.552672347521,136386.60053593418,124176.36666666667,149416.66666666666,0.02322242166458156
acceptance-2,false,acceptance,zswap_memo_statement,430,14,16,8,,,,,,100,15150.0,138278.51778397,863.8860353527764,136711.9434677579,140087.76225728972,135584.5325370163,3131.366774696571,8704.994465336442,135088.7855908576,128939.14285714286,182187.5,0.06295261624756562
acceptance-2,false,acceptance,zswap_memo_statement,431,14,16,8,,,,,,100,15150.0,134016.85214260928,279.22150956404334,133528.7642480024,134615.7751445944,133710.7076923077,781.7449611212546,2813.7179853292932,133779.7131875277,129095.48611111111,153194.33333333334,0.020995255002222966
acceptance-2,false,acceptance,zswap_memo_statement,432,14,16,8,,,,,,100,15150.0,133598.29119814077,252.5789976691877,133139.11212106925,134129.0030648837,133443.15413533835,1043.4753556466876,2537.630694296021,133210.3937707502,127088.76811594203,150180.33333333334,0.018994484671457656
acceptance-2,false,acceptance,zswap_memo_statement,433,14,16,8,,,,,,100,15150.0,148374.17101460314,267.6689779002003,147852.39814745274,148902.1519010642,148325.80285982185,2192.535400609036,2693.667272194894,147978.5215516477,141511.55555555556,159791.66666666666,0.018154556509230844
acceptance-2,false,acceptance,zswap_memo_statement,434,14,16,8,,,,,,100,15150.0,158768.9045563191,3633.7329017097854,153153.19095616398,167007.50027490137,150794.60315547907,6746.768819358634,36465.22737638703,168261.7327432146,139729.16666666666,479912.41960784316,0.22967486913315543
acceptance-2,false,acceptance,zswap_memo_statement,435,15,17,9,,,,,,100,15150.0,143718.23766176868,253.42535069262982,143271.4963045022,144266.21021679832,143826.2669871795,874.4186717516089,2551.362050827187,143482.44583912124,136897.4358974359,163083.33333333334,0.017752528087852344
acceptance-2,false,acceptance,zswap_memo_statement,436,15,17,9,,,,,,100,15150.0,150391.86509894303,1947.477683898138,147136.77258077875,154686.45751569816,145882.72569444444,2676.4177860257437,19556.426726205293,153405.20942712182,138375.0,292271.45147679327,0.13003646648932168
acceptance-2,false,acceptance,zswap_memo_statement,437,15,17,9,,,,,,100,15150.0,144216.01865092677,266.97408470177555,143721.2554318685,144768.08572992406,143927.50972222222,948.5345164934843,2682.106954686966,144724.53970149253,138420.74509803922,159639.0,0.018597843566732872
acceptance-2,false,acceptance,zswap_memo_statement,438,15,17,9,,,,,,100,15150.0,155096.53770341456,926.8828636887245,153481.96422055844,157084.88833726876,152075.6587528604,2682.955627784944,9314.920673795621,152824.34604994828,148685.60606060605,211575.45555555556,0.06005885632088192
acceptance-2,false,acceptance,zswap_memo_statement,439,15,17,9,,,,,,100,15150.0,144526.53975802555,445.4266721926867,143755.76639614993,145493.47456625116,143589.3266304655,1278.7359746663142,4489.729208632599,145265.24270922615,139062.32520325202,171889.0,0.031065084766780934
acceptance-2,false,acceptance,zswap_memo_statement,440,15,17,9,,,,,,100,15150.0,162726.40231625963,534.9623788334361,161687.72984268406,163787.27780874705,162722.42503815424,3454.545949013249,5370.322622642811,164068.2758514359,150395.83333333334,185952.29966329967,0.033002159122313544
acceptance-2,false,acceptance,zswap_memo_statement,441,15,17,9,,,,,,100,15150.0,150750.26185754873,1268.2530083572399,148486.03846004687,153434.45128939417,146729.0896283547,4509.5509428891255,12728.012906576469,146804.6357302596,140652.77777777778,228747.80701754385,0.0844311164023303
acceptance-2,false,acceptance,zswap_memo_statement,442,15,17,9,,,,,,100,15150.0,158643.2074659657,243.4378764459302,158163.6289931554,159116.4445650215,158801.75184210524,1874.0599050620995,2444.678480928862,158645.69671543274,152789.66666666666,165707.47916666666,0.015409915873349495
acceptance-2,false,acceptance,zswap_memo_statement,443,15,17,9,,,,,,100,15150.0,168859.32514293122,407.77138690152225,168071.3455600207,169673.2211193324,168443.67648148147,3414.0696488444055,4086.529276856739,168320.32655238657,156453.77777777778,185305.58333333334,0.024200791240860938
acceptance-2,false,acceptance,zswap_memo_statement,444,15,17,9,,,,,,100,15150.0,160167.50165536915,266.15048839913555,159653.9011774456,160695.791284768,160011.70595194757,2344.188741753067,2673.1373772641896,159898.84230432,153910.3924731183,168870.83333333334,0.016689636472047575
acceptance-2,false,acceptance,zswap_memo_statement,445,15,17,9,,,,,,100,15150.0,146245.54854115882,353.161644417873,145618.9042236764,146998.2861467096,145857.66968390805,1667.520000951161,3539.844211169984,146413.51218757697,139666.66666666666,170847.33333333334,0.02420479971172417
acceptance-2,false,acceptance,zswap_memo_statement,446,15,17,9,,,,,,100,15150.0,157403.20181792826,354.85864973195305,156715.83122060992,158108.82292200992,157699.87152777775,3212.3905042781917,3551.114885856787,157612.37208905965,148979.45333333334,169371.04761904763,0.022560626752462377
acceptance-2,false,acceptance,zswap_memo_statement,447,15,17,9,,,,,,100,15150.0,158624.39410215738,316.5423475804086,158013.3086668949,159254.2828587841,158657.97475740887,2427.495979064643,3190.3320499723,158694.0823693414,148666.66666666666,171144.83333333334,0.020112493214112202
acceptance-2,false,acceptance,zswap_memo_statement,448,15,17,9,,,,,,100,15150.0,152416.61852891408,271.2894591798983,151899.48630981462,152964.04069174663,151450.67792553193,2026.7804456111714,2723.2232241019497,153217.5587783853,148694.44444444444,162089.92655367233,0.017866970481209977
acceptance-2,false,acceptance,zswap_memo_statement,449,15,17,9,,,,,,100,15150.0,144738.4650128711,255.91089027387915,144260.7243798557,145261.60183339036,144552.45454545453,1317.4835289815023,2578.522513047325,144335.2921452145,137699.5,156236.0,0.017815046696937304
acceptance-2,false,acceptance,zswap_memo_statement,450,15,17,9,,,,,,100,15150.0,155165.31454090867,345.227630777124,154552.20390163708,155901.64567562175,154458.57357357355,1657.1173656914054,3465.3478149727307,154935.0836500665,146383.77192982455,179947.42063492062,0.022333263237507287
acceptance-2,false,acceptance,zswap_memo_statement,451,15,17,9,,,,,,100,15150.0,146456.5836478162,569.9564226078668,145425.94547913646,147653.93749736188,144835.125,1454.2390197703362,5731.654292107282,145736.79933500814,140515.47916666666,175549.49696969698,0.03913551818121183
acceptance-2,false,acceptance,zswap_memo_statement,452,15,17,9,,,,,,100,15150.0,157829.3481942594,458.8299233021851,156961.0234326616,158753.25654960572,155791.6170940171,1674.4653983972894,4632.530440223294,155928.24647160238,149354.16666666666,172957.59649122806,0.029351514741868454
acceptance-2,false,acceptance,zswap_memo_statement,453,15,17,9,,,,,,100,15150.0,143928.61014612878,194.41169194811513,143555.91440485747,144320.18842978572,143959.15359477123,1218.5996945620086,1950.9343864600778,144239.694981528,138486.115942029,153555.33333333334,0.013554875465547263
acceptance-2,false,acceptance,zswap_memo_statement,454,15,17,9,,,,,,100,15150.0,146733.10050443496,321.61894641656414,146145.08594383847,147398.76605379605,146102.69949494948,1070.6844261054614,3221.8486797601804,146625.84720555638,138516.66666666666,160527.66666666666,0.021957204398218255
acceptance-2,false,acceptance,zswap_memo_statement,455,15,17,9,,,,,,100,15150.0,170928.23253685085,946.0747001394168,169344.22370408828,173015.81554038273,169518.21541394334,2155.0331235735807,9516.481964012923,169455.5902674745,153769.46666666667,240662.87878787878,0.05567530783401297
acceptance-2,false,acceptance,zswap_memo_statement,456,15,17,9,,,,,,100,15150.0,145210.80389920037,374.21524748051246,144527.5513767383,145996.52183934802,144609.10672413794,1468.0553335534248,3743.9913943447723,144862.9152159992,137329.0,165152.66666666666,0.025783146252283708
acceptance-2,false,acceptance,zswap_memo_statement,457,15,17,9,,,,,,100,15150.0,143547.44184229907,246.4671429181141,143099.65029321273,144067.76466061984,143586.97144249512,910.4495639239984,2467.3723371483484,143487.4735323383,135117.5128205128,160500.0,0.01718854969118153
acceptance-2,false,acceptance,zswap_memo_statement,458,15,17,9,,,,,,100,15150.0,144097.24040970797,247.34130104678488,143685.246420708,144644.97460352548,144022.02713178296,781.1053251326003,2479.7138537898913,144005.59080833456,139589.54385964913,164444.33333333334,0.017208614451875586
acceptance-2,false,acceptance,zswap_memo_statement,459,15,17,9,,,,,,100,15150.0,158737.92028313054,398.2286637484604,157955.6094610182,159513.28966622,159716.78998655913,4334.109250506445,4006.9824974340227,156400.3863455002,149162.03555555554,168288.86666666667,0.025242755419039305
acceptance-2,false,acceptance,zswap_memo_statement,460,15,17,9,,,,,,100,15150.0,145349.0554603233,256.0844550591315,144872.37253402302,145873.2158725553,145052.02138157893,1083.9874334068927,2574.1007405335067,145085.17372149156,138731.47619047618,156194.33333333334,0.01770978650243911
acceptance-2,false,acceptance,zswap_memo_statement,461,15,17,9,,,,,,100,15150.0,144196.90901930194,229.42874642428677,143766.29094022038,144666.0151247213,143999.62181712964,1127.255335431535,2317.216398397796,144149.32782424512,138815.52173913043,156750.0,0.016069806309701257
acceptance-2,false,acceptance,zswap_memo_statement,462,15,17,9,,,,,,100,15150.0,145361.12848377693,414.6152889923783,144613.995071662,146227.69936788658,144448.8275261324,1212.7307878175534,4171.561384724515,145729.8537274026,139766.8245614035,168023.2100456621,0.028697915517284137
acceptance-2,false,acceptance,zswap_memo_statement,463,15,17,9,,,,,,100,15150.0,149592.96537547483,279.21649220145457,149063.6264547576,150158.48486102524,148772.07708333334,1354.398231447597,2803.480159538859,149927.98775331266,139398.14814814815,161472.22222222222,0.01874072188155499
acceptance-2,false,acceptance,zswap_memo_statement,464,15,17,9,,,,,,100,15150.0,157534.48021261397,912.0954391908219,155980.98601196177,159538.03870397035,158128.37127371272,5331.802322885441,9153.646810842543,153869.22186591793,147363.27407407408,231000.82352941178,0.05810567184078346
acceptance-2,false,acceptance,zswap_memo_statement,465,15,17,9,,,,,,100,15150.0,146083.76250643426,407.5084265294777,145332.53368866112,146921.3362588482,144925.36104868914,1096.775194626113,4093.4214611715042,145255.32417220826,140171.71212121213,162113.86666666667,0.028021057172532844
acceptance-2,false,acceptance,zswap_memo_statement,466,16,18,9,,,,,,100,15150.0,159167.66016031845,376.28671729145896,158425.56557772282,159901.75740301167,159793.2297297297,1848.2362157152136,3782.5758910519776,159853.76011132458,147903.64583333334,174750.0,0.02376472637244308
acceptance-2,false,acceptance,zswap_memo_statement,467,16,18,9,,,,,,100,15150.0,147363.79806119335,391.7282722940694,146599.94815328115,148144.54217190546,146631.96478174604,2297.659995597258,3940.528308676407,147365.081063987,135520.83333333334,161246.88888888888,0.026740138083575237
acceptance-2,false,acceptance,zswap_memo_statement,468,16,18,9,,,,,,100,15150.0,161094.9093466756,240.64241864845488,160622.10998040967,161565.57952493776,161153.67956592957,1970.6474727945508,2417.612317411611,161239.23162405792,153784.66666666666,169902.66666666666,0.01500737873851072
acceptance-2,false,acceptance,zswap_memo_statement,469,16,18,9,,,,,,100,15150.0,144098.5869774788,273.89580181584057,143593.4814836584,144665.3526135421,143760.79086892487,943.2340708019229,2759.0162066952303,144082.0134190434,137389.58333333334,157663.0804597701,0.01914672631124716
acceptance-2,false,acceptance,zswap_memo_statement,470,16,18,9,,,,,,100,15150.0,145679.79103642798,463.8648894835083,144821.89485134644,146640.27390129666,144149.15558591377,1751.045923921811,4658.572737991858,147272.09148416333,138930.55555555556,167356.1530612245,0.03197816735491444
acceptance-2,false,acceptance,zswap_memo_statement,471,16,18,9,,,,,,100,15150.0,144896.241012353,291.775449956045,144396.3509818713,145533.74891444948,144911.82702850876,965.3266653333059,2928.538614656952,144767.48185902173,135758.6875,168194.33333333334,0.020211280804774513
acceptance-2,false,acceptance,zswap_memo_statement,472,16,18,9,,,,,,100,15150.0,144095.05775346785,310.8365472117692,143537.6519761203,144748.0487392948,143602.13578869047,1063.0967826803226,3128.4516300678615,144148.56699078862,138753.6231884058,163930.33333333334,0.021711026587881505
acceptance-2,false,acceptance,zswap_memo_statement,473,16,18,9,,,,,,100,15150.0,146709.51949158966,430.5769281949717,145894.13167315169,147584.65578586192,145680.589806968,2639.8008386567453,4339.801073677078,145106.78788138516,135991.29166666666,165625.0,0.02958090987358093
acceptance-2,false,acceptance,zswap_memo_statement,474,16,18,9,,,,,,100,15150.0,147648.54260661424,369.09866278633973,146965.56385538992,148409.367227268,146502.78693060877,2262.7743877453595,3723.091755520143,147198.60531402394,142286.45833333334,162833.33333333334,0.02521590589241183
acceptance-2,false,acceptance,zswap_memo_statement,475,16,18,9,,,,,,100,15150.0,144932.1117670544,334.18520805611126,144298.24892890188,145614.89130195728,144701.06682206684,1254.406912843732,3362.5275553054557,144183.24773065367,133081.625,160574.07407407407,0.023200707657595982
acceptance-2,false,acceptance,zswap_memo_statement,476,16,18,9,,,,,,100,15150.0,144796.0110677588,401.15428330196374,144096.11071438502,145661.7342614419,144363.81153846154,1550.9818214000757,4039.830550136664,145488.99039751737,135287.87878787878,174842.47257383965,0.027900150842181577
acceptance-2,false,acceptance,zswap_memo_statement,477,16,18,9,,,,,,100,15150.0,153814.81998932752,310.63628186429224,153227.66436809828,154449.8586620611,153458.97530864197,2115.1920697070686,3125.8300688349414,153911.06407467613,147842.55555555556,166555.66666666666,0.020322034437590786
acceptance-2,false,acceptance,zswap_memo_statement,478,16,18,9,,,,,,100,15150.0,144899.53924122517,425.35975611305827,144143.19298454642,145805.90965286136,144181.13049357675,1065.8189893163708,4273.098167521071,145565.04298507463,138304.95652173914,171639.6103896104,0.029490074225890554
acceptance-2,false,acceptance,zswap_memo_statement,479,16,18,9,,,,,,100,15150.0,145077.2831320495,211.37036705942594,144687.82880929654,145516.43891494864,144741.06327160494,874.8049113209491,2120.763476524588,145255.5341017684,140398.4841269841,156222.33333333334,0.01461816371757022
acceptance-2,false,acceptance,zswap_memo_statement,480,16,18,9,,,,,,100,15150.0,145164.11911253416,665.0625012531946,144046.4341059592,146622.0340477491,143772.151439989,1078.0612135394051,6665.556514449748,145206.67093345156,137067.70833333334,196639.0,0.04591738340851622
acceptance-2,false,acceptance,zswap_memo_statement,481,16,18,9,,,,,,100,15150.0,155947.7062346153,460.0190398915044,155077.05903967575,156877.32750212314,154955.74267399267,3400.939701530591,4624.554591067103,153875.34598689718,150271.9789029536,173030.33333333334,0.029654521395202173
acceptance-2,false,acceptance,zswap_memo_statement,482,16,18,9,,,,,,100,15150.0,167719.85605623698,1819.9537555144686,164457.78560906203,171554.3129759742,166314.6645021645,11990.164645002413,18275.65400144971,172436.0159972415,142785.7142857143,281098.876984127,0.1089653570613716
acceptance-2,false,acceptance,zswap_memo_statement,483,16,18,9,,,,,,100,15150.0,159363.05019541268,389.4226708835212,158647.6069711519,160172.95288962236,158429.9751575825,3443.39525154937,3918.1310852578813,158001.01417368604,153186.34722222222,183451.89371980677,0.024586195359924568
acceptance-2,false,acceptance,zswap_memo_statement,484,16,18,9,,,,,,100,15150.0,165822.51798060528,1793.582140149981,162561.53999800066,169576.81383194213,159934.38569353666,4542.3477801736035,17984.066710285395,170292.33059159646,145847.22222222222,259934.93859649124,0.1084537065851866
acceptance-2,false,acceptance,zswap_memo_statement,485,16,18,9,,,,,,100,15150.0,160608.18859550325,248.53360837718668,160123.54383488133,161099.42365829664,160741.72243975903,1857.8932051303802,2488.6828097184552,160395.1285808581,153740.66666666666,171056.25988700564,0.015495366901785318
acceptance-2,false,acceptance,zswap_memo_statement,486,16,18,9,,,,,,100,15150.0,159752.1522018063,347.6594680799618,159063.34891297793,160430.73926616428,160108.40097680097,2122.6156301477,3492.5345355873314,159676.2433013152,146194.46666666667,173282.44444444444,0.021862206470779813
acceptance-2,false,acceptance,zswap_memo_statement,487,16,18,9,,,,,,100,15150.0,169207.28101987223,502.36489613184364,168266.09472287903,170229.85628865886,169066.30917986954,2706.4232218767993,5020.353472334688,169513.678759667,155152.77777777778,192097.20833333334,0.02966984305920667
acceptance-2,false,acceptance,zswap_memo_statement,488,16,18,9,,,,,,100,15150.0,158595.58794362933,374.56360807838945,157832.22952084348,159298.89798397565,159456.35066816185,2342.909154119838,3771.3137807284716,159407.23041130978,142402.77777777778,164906.02222222224,0.0237794369290332
acceptance-2,false,acceptance,zswap_memo_statement,489,16,18,9,,,,,,100,15150.0,146530.78001403686,331.1893999333986,145941.5023124135,147231.31448491153,145644.52803030302,2022.3976546438817,3322.991575376431,145713.49182897393,142752.6568627451,166866.0046948357,0.022677771694507503
acceptance-2,false,acceptance,zswap_memo_statement,490,16,18,9,,,,,,100,15150.0,145179.09884221497,336.631373363839,144547.8715233109,145866.01027831278,144659.98115079367,1647.3333040873185,3380.300248019774,145330.64451701887,136466.66666666666,160500.85128205127,0.02328365635947077
acceptance-2,false,acceptance,zswap_memo_statement,491,16,18,9,,,,,,100,15150.0,144152.63762226998,223.46052884017686,143745.01227912074,144627.65157716192,144431.59731934732,812.8565577000488,2254.3863658740565,143785.56912368847,137299.38888888888,159930.33333333334,0.015638883915404536
acceptance-2,false,acceptance,zswap_memo_statement,492,16,18,9,,,,,,100,15150.0,143635.47770328628,287.1944940147601,143156.0568288353,144271.34679868686,143529.88095238095,856.3357119575107,2890.5931275799267,143309.92595931236,139201.16129032258,167402.66666666666,0.02012450665949776
acceptance-2,false,acceptance,zswap_memo_statement,493,16,18,9,,,,,,100,15150.0,145234.92550625908,329.0701404596909,144629.8121032697,145910.87734941996,144443.0227272727,1188.700736472098,3309.032768885929,144384.7509689178,140094.33333333334,160833.33333333334,0.022784001557141446
acceptance-2,false,acceptance,zswap_memo_statement,494,16,18,9,,,,,,100,15150.0,160407.84315137376,238.96317463464612,159927.00842895254,160868.3767510627,160814.200096432,1789.2676913250548,2400.6227339096895,160869.62346583913,151495.61403508772,168811.82795698923,0.014965744110431486
acceptance-2,false,acceptance,zswap_memo_statement,495,16,18,9,,,,,,100,15150.0,156647.87971979496,682.336422136529,155355.90007261044,158026.58186266467,155559.25583735912,4796.086036357837,6837.994620761105,158456.2799891631,137173.5,188213.7857142857,0.043652008779133285
acceptance-2,false,acceptance,zswap_memo_statement,496,16,18,9,,,,,,100,15150.0,144763.9739160655,263.51123106167114,144264.12922721574,145297.64887936742,144390.2470641373,1608.944102204769,2650.275471756076,144443.82993153046,137033.49019607843,156611.16666666666,0.018307562303399548
acceptance-2,false,acceptance,zswap_memo_statement,497,17,19,10,,,,,,100,15150.0,180836.61130514863,556.9160433644643,179806.30111637962,181978.68414835495,179833.49702176405,2918.3868613817144,5598.905358207328,179977.692267376,168194.46666666667,203430.33333333334,0.030961127383434445
acceptance-2,false,acceptance,zswap_memo_statement,498,17,19,10,,,,,,100,15150.0,153955.9298058961,330.0004456620932,153339.67129441747,154637.5247869048,154335.90367965368,1094.5283467962995,3309.93902421713,154143.62099601005,143495.44444444444,175083.33333333334,0.021499262992924147
acceptance-2,false,acceptance,zswap_memo_statement,499,17,19,10,,,,,,100,15150.0,154214.55237979378,351.35585013626144,153596.67116175577,154972.56713752603,154237.6108957795,1028.4706228988496,3539.485377911835,154034.26374661346,146326.41666666666,181097.33333333334,0.022951695046229643
acceptance-2,false,acceptance,zswap_memo_statement,500,17,19,10,,,,,,100,15150.0,155846.64276543295,461.4165506349158,155002.65867944722,156811.80852576453,154510.42508771928,1586.9072281109134,4645.60782415889,156077.22032412197,149387.89285714287,178767.74691358025,0.02980884118980389
acceptance-2,false,acceptance,zswap_memo_statement,501,17,19,10,,,,,,100,15150.0,157014.7715349279,252.99834742665396,156539.2761952947,157529.05599408268,156504.1073275862,1319.8285247826516,2547.9121930147267,156589.6241042313,151310.18181818182,167371.0811965812,0.016227213325900006
acceptance-2,false,acceptance,zswap_memo_statement,502,17,19,10,,,,,,100,15150.0,172248.9018593404,326.40409289639194,171610.39672202483,172894.4557061323,172334.66847826086,2062.702933677899,3285.2810674769103,171925.11032165904,162009.3873873874,188264.0,0.019072870897950296
acceptance-2,false,acceptance,zswap_memo_statement,503,17,19,10,,,,,,100,15150.0,155806.0505693987,495.4417599902577,154924.37841523802,156860.62372987857,154903.04411764705,988.9718424422497,4988.820926284167,155128.8491857544,147063.12121212122,183611.33333333334,0.0320194299775416
acceptance-2,false,acceptance,zswap_memo_statement,504,17,19,10,,,,,,100,15150.0,170635.7492815218,260.15760882690387,170115.75282334196,171134.8559606572,170982.61741996233,1855.2308545003161,2606.229074948333,170861.51808974927,161888.83333333334,177342.59259259258,0.015273640406082025
acceptance-2,false,acceptance,zswap_memo_statement,505,17,19,10,,,,,,100,15150.0,171574.50573079544,671.513201179727,170475.24487207737,173065.6420049103,171735.8219246032,3422.2515813624264,6747.805279167061,171434.28722131916,158893.85714285713,228568.05,0.03932871757622622
acceptance-2,false,acceptance,zswap_memo_statement,506,17,19,10,,,,,,100,15150.0,155214.82495981254,330.6523906018923,154625.6189977763,155917.26622264247,154952.02696985722,1183.0108381929163,3326.6511176936397,154956.51134722427,149389.51515151514,177194.33333333334,0.021432560443597832
acceptance-2,false,acceptance,zswap_memo_statement,507,17,19,10,,,,,,100,15150.0,156843.9586271523,590.5772024887016,155748.25807129356,158055.79094964036,155150.1176470588,2686.1049856009204,5955.638495034513,158791.6755647505,145787.0,180990.74074074073,0.03797174304425834
acceptance-2,false,acceptance,zswap_memo_statement,508,17,19,10,,,,,,100,15150.0,155840.22722700966,315.87801662842594,155263.39820024054,156496.72345933787,155636.24453900708,1534.6314944026813,3183.6944125918117,155749.9874804197,147748.92307692306,173488.71354166666,0.020429220806731634
acceptance-2,false,acceptance,zswap_memo_statement,509,17,19,10,,,,,,100,15150.0,154027.57752991485,337.8011156643444,153455.1827396289,154770.53294264674,153729.76004728134,983.9185842409555,3392.8207454309895,154118.74056253387,145232.45614035087,181041.66666666666,0.022027358995320462
acceptance-2,false,acceptance,zswap_memo_statement,510,17,19,10,,,,,,100,15150.0,166835.553968908,891.2940659884977,165161.95650115603,168649.46730873402,163823.83069773894,5380.187031631218,8960.346320896026,167490.10789714791,152075.0,201346.76111111112,0.05370765467992454
acceptance-2,false,acceptance,zswap_memo_statement,511,17,19,10,,,,,,100,15150.0,157036.58947523945,494.3415243099837,156125.1873460511,158063.35126949102,155558.40098039218,1543.7885621044627,4966.995216672241,158358.77431358062,150431.25,178691.43986254296,0.03162954081765388
acceptance-2,false,acceptance,zswap_memo_statement,512,17,19,10,,,,,,100,15150.0,191983.30711310267,5309.750310069119,182625.809518358,203385.75948291834,173924.57865168538,4903.960163592716,53412.15374412761,196155.07529579825,163597.33333333334,491089.84375,0.2782124891340737
acceptance-2,false,acceptance,zswap_memo_validation,0,,,,0,1,,,,100,900.0,2511134.6711111106,30026.81281633583,2458647.659611112,2576228.3734444445,2412483.777777778,120073.46560160327,301456.5069122732,,2278060.111111111,4655199.0,0.12004792509948765
acceptance-2,false,acceptance,zswap_memo_validation,0,,,,0,2,,,,100,500.0,4694663.408,34118.88722590505,4638063.5792499995,4770165.412699999,4594754.1,110385.64670026247,342377.654362374,,4456125.0,7495308.4,0.07292911644718578
acceptance-2,false,acceptance,zswap_memo_validation,1,,,,1,0,,,,100,800.0,2748336.45625,41103.22981643937,2676268.73446875,2836379.29053125,2628489.5625,172695.83948403597,412883.30224340525,,2409135.375,5657666.75,0.150230260674404
acceptance-2,false,acceptance,zswap_memo_validation,512,,,,1,0,,,,100,800.0,2559318.13375,19903.2688885137,2524759.52553125,2602078.14634375,2515190.125,71855.8756493032,199552.9964156668,,2427125.0,3599302.125,0.07797115715476721
acceptance-2,false,acceptance,zswap_memo_validation,512,,,,2,0,,,,100,300.0,7287637.076666666,156912.92003944368,6987340.554083333,7600790.198583336,7066812.333333334,1420484.718081356,1581117.7514398815,,5145583.333333333,12706653.0,0.21695890379918287
acceptance-3,false,acceptance,zswap_memo_aggregate,,,,,0,,0,0,,100,127078200.0,15.620268735567027,0.046615229760689575,15.529960242635367,15.713421888322449,15.584312523321673,0.22342743503352983,0.4679913719701788,15.712398077507663,14.07578783182324,17.85818750515605,0.0299605198791857
acceptance-3,false,acceptance,zswap_memo_aggregate,,,,,1,,1,2,,100,30300.0,77260.84356981165,126.83605527883519,77019.57864588342,77517.08891383733,77022.76149425287,1037.5399464277548,1273.8343192465156,77667.70285601694,74990.77777777778,82948.94366197183,0.016487450309748422
acceptance-3,false,acceptance,zswap_memo_aggregate,,,,,2,,32,4,,100,15150.0,155430.7295504913,319.9653419392732,154828.96992055277,156076.3730088923,154737.18783542037,2186.162293060294,3205.24270500373,155050.23154918477,151254.79835390946,168541.66666666666,0.020621679601410575
acceptance-3,false,acceptance,zswap_memo_aggregate,,,,,256,,33600,960,,100,100.0,25035768.78,57529.97377779399,24926231.6565,25152533.9065,24913729.0,489071.92501723766,577373.0283249144,,24227208.0,27142792.0,0.02306192525576258
acceptance-3,false,acceptance,zswap_memo_control,0,,,,,,,,absent_statement_value,100,142793800.0,13.950943940900082,0.0196048281712712,13.91804279082785,13.994026564249396,13.913965605864167,0.07911434347834688,0.19707470156327686,13.925013048979947,13.727928278398641,15.535860800679021,0.014126262882148896
acceptance-3,false,acceptance,zswap_memo_control,0,,,,,,,,timer_floor,100,5195182450.0,0.3962891895902163,0.000944670202547007,0.39457652803130777,0.3982822092141215,0.39511773862684063,0.00392455761842841,0.009493170629904976,0.39521997929608,0.3736623474081299,0.4561365308739061,0.0239551592101753
acceptance-3,false,acceptance,zswap_memo_control,0,,,,,,,,transient_hash_anchor,100,65650.0,32562.510149656293,61.583554012203,32451.35585796714,32691.429403967013,32403.177752072486,208.54530043401226,616.5744365723212,32507.28583328597,31657.34265734266,35336.53846153846,0.018935101555087864
acceptance-3,false,acceptance,zswap_memo_statement,1,1,3,2,,,,,,100,30300.0,76868.10091849038,268.9137454719747,76367.22954229813,77423.00843555875,75997.07509328358,1457.1537107532956,2695.090146657136,77078.10001921088,72343.06666666667,89624.52011494253,0.0350612297488
acceptance-3,false,acceptance,zswap_memo_statement,2,1,3,2,,,,,,100,30300.0,77505.4609141474,165.76917491960697,77195.22181658796,77846.36292188727,77136.56948757764,1301.1974873466331,1666.3295985482087,77444.57806117926,74315.47619047618,84819.08441558441,0.021499512149137433
acceptance-3,false,acceptance,zswap_memo_statement,3,1,3,2,,,,,,100,30300.0,75833.41190875726,523.8299773607278,74962.43706204885,76995.6766832536,74767.59754203216,675.0242706708677,5266.8427741216965,75126.0795083986,71865.60784313726,115445.71212121213,0.06945279978248585
acceptance-3,false,acceptance,zswap_memo_statement,4,1,3,2,,,,,,100,25250.0,78750.10696480244,321.3102211730129,78220.53015015664,79468.49272021472,78001.27025641027,1352.7147121383562,3222.2643117895955,79391.98969233043,76232.1909090909,105386.0824742268,0.04091758647680053
acceptance-3,false,acceptance,zswap_memo_statement,5,1,3,2,,,,,,100,30300.0,75363.61340307818,246.53624218777492,74925.04676142221,75888.60674384703,74636.27812139205,433.51990463419133,2481.122996483156,74932.22035712526,72048.07692307692,88254.29365079365,0.03292202807756848
acceptance-3,false,acceptance,zswap_memo_statement,6,1,3,2,,,,,,100,30300.0,81772.65551976995,594.7405146760598,80664.66002188489,82993.42307866056,79766.39290935671,3593.693347986446,5947.903947453852,82074.61885572139,76004.06904761905,108300.69166666667,0.07273707707848431
acceptance-3,false,acceptance,zswap_memo_statement,7,1,3,2,,,,,,100,30300.0,75029.86241534623,133.9219693624248,74787.53319148821,75312.67825400025,74733.91102693602,496.9323917578068,1350.725194026029,75163.01112063444,72962.82051282052,82951.5,0.01800250127807456
acceptance-3,false,acceptance,zswap_memo_statement,8,1,3,2,,,,,,100,30300.0,75507.44379475393,235.1812423548202,75079.05770594777,75995.5646390586,74862.20359890931,747.2024019152203,2349.3373946091783,75419.81322890498,71107.63333333333,86359.56666666667,0.03111398395362451
acceptance-3,false,acceptance,zswap_memo_statement,9,1,3,2,,,,,,100,30300.0,77796.1135455535,224.42243802731846,77401.6690257986,78277.30686465894,77285.51136363637,840.474240504955,2253.416942065958,77856.12172897886,75584.90909090909,91848.9010989011,0.028965675010827762
acceptance-3,false,acceptance,zswap_memo_statement,10,1,3,2,,,,,,100,30300.0,75153.88180069518,150.00727298147302,74881.51592370107,75469.68099521755,74860.31732117812,649.9472035213765,1508.818834277673,74992.32872026009,71937.5,84194.33333333333,0.020076392571164784
acceptance-3,false,acceptance,zswap_memo_statement,11,1,3,2,,,,,,100,30300.0,75732.48588867192,215.7461564287031,75347.76202080591,76191.2539281797,75278.7178030303,692.4751952499713,2166.176918800197,75612.5376119403,70781.25,86858.48888888888,0.02860300825176286
acceptance-3,false,acceptance,zswap_memo_statement,12,1,3,2,,,,,,100,20200.0,112302.85494316687,4861.577152075874,103557.61264970631,122567.81847051458,92748.89441133983,14884.316597048448,48994.423204633895,99849.36971922565,79913.26530612246,393877.625,0.4362705046940126
acceptance-3,false,acceptance,zswap_memo_statement,13,1,3,2,,,,,,100,25250.0,80250.10248258914,350.8168151992963,79579.82406347393,80957.46851498033,79262.44861111112,2430.6728983537746,3529.061843725399,80146.81547746416,75177.27272727272,91391.65,0.04397579236102602
acceptance-3,false,acceptance,zswap_memo_statement,14,1,3,2,,,,,,100,25250.0,77479.25339987612,237.76844663533734,77016.62368529984,77949.9936662272,77402.67073464472,3213.0336442353214,2386.870915884162,76385.99079473918,74076.22954545454,83557.2054054054,0.030806581260732418
acceptance-3,false,acceptance,zswap_memo_statement,15,1,3,2,,,,,,100,30300.0,75012.90789131571,159.29337959983079,74721.64747857401,75345.02355525411,74792.65699404762,839.4256846601525,1598.8954015761365,75122.45997389291,72087.97222222222,83652.83333333333,0.021314936942489086
acceptance-3,false,acceptance,zswap_memo_statement,16,1,3,2,,,,,,100,30300.0,78580.8449368951,326.7341067718065,77971.57631807518,79250.53931615403,77307.21031746033,1846.0054444995842,3302.4552234900407,78302.662369834,75270.83333333333,93406.90928270042,0.04202621168227576
acceptance-3,false,acceptance,zswap_memo_statement,17,1,3,2,,,,,,100,30300.0,80949.70690982015,466.71907759745613,80064.90715545231,81887.54752189243,79337.1447368421,3686.326449970446,4701.550424212193,83855.48005812522,75251.75,96369.02688172043,0.05807989434044313
acceptance-3,false,acceptance,zswap_memo_statement,18,1,3,2,,,,,,100,30300.0,79989.5315684133,339.5944241574436,79352.24146353493,80682.60756800706,78894.29050925926,2754.84254819647,3421.869672847526,81884.5745746515,74093.03333333334,96205.35714285714,0.04277896876944298
acceptance-3,false,acceptance,zswap_memo_statement,19,1,3,2,,,,,,100,30300.0,76388.52037819878,170.56319794240454,76065.12860290252,76736.8688157812,75837.3717948718,1241.2026988672644,1714.7917927134301,76242.00052411211,74318.52222222222,83638.83333333333,0.022448291761949485
acceptance-3,false,acceptance,zswap_memo_statement,20,1,3,2,,,,,,100,30300.0,81447.3837233365,646.5532382392456,80227.97449032831,82764.6981145886,78333.58809403438,2631.5581740835264,6498.232583371083,80850.80056598198,75429.38888888889,99628.41794871795,0.07978442383667621
acceptance-3,false,acceptance,zswap_memo_statement,21,1,3,2,,,,,,100,30300.0,77994.60531197848,196.0450912099556,77638.49053030886,78404.1039215375,77524.95108695651,1196.1061335163317,1971.2711044219145,78254.23712378701,74638.88333333333,88272.95370370371,0.025274454515627442
acceptance-3,false,acceptance,zswap_memo_statement,22,1,3,2,,,,,,100,30300.0,74670.71890014579,118.59525288470927,74452.9678904797,74916.30956197734,74466.09953703704,503.9054597239579,1192.152742221353,74833.72322644205,72114.90909090909,81041.66666666667,0.015965464907543907
acceptance-3,false,acceptance,zswap_memo_statement,23,1,3,2,,,,,,100,30300.0,75007.92136329366,124.10333444753273,74776.93948977785,75262.6675987105,74894.95263199,667.9056699834334,1248.5971242052426,75151.55316437614,72227.12745098039,82097.16666666667,0.0166462035143966
acceptance-3,false,acceptance,zswap_memo_statement,24,1,3,2,,,,,,100,30300.0,76727.24004569992,163.07775659350824,76436.24881132,77073.56921350451,76401.35095238095,868.9397432919865,1637.44478311727,76502.01539924141,74466.14583333333,88268.75,0.02134111408336834
acceptance-3,false,acceptance,zswap_memo_statement,25,1,3,2,,,,,,100,30300.0,77995.99063357519,201.77665053215037,77625.92913204039,78419.69272890303,77426.68131839225,1093.756010889852,2033.9343827849386,78803.25393872224,74763.83333333333,90729.98745519713,0.026077422265720723
acceptance-3,false,acceptance,zswap_memo_statement,26,1,3,2,,,,,,100,30300.0,78119.93565880216,173.29808401332065,77787.76130476414,78466.05384449758,77935.62798408489,1536.77261002485,1739.1003852776362,78358.00082754545,74454.16666666667,84081.56028368794,0.022261928029144288
acceptance-3,false,acceptance,zswap_memo_statement,27,1,3,2,,,,,,100,30300.0,75709.38834131691,361.99058454989364,75085.75611711972,76489.34294804948,74782.30747126437,759.4722147674024,3633.479615501228,75654.36181518152,72936.0632183908,98828.22549019608,0.047992457674081196
acceptance-3,false,acceptance,zswap_memo_statement,28,1,3,2,,,,,,100,25250.0,82677.27605995358,461.89340373279157,81815.04374155258,83622.39485592532,81421.1605263158,3080.7229392456325,4638.5828797650665,82125.58229466529,76916.09655172414,101608.33333333333,0.056104689230465084
acceptance-3,false,acceptance,zswap_memo_statement,29,1,3,2,,,,,,100,25250.0,80967.7919760827,1046.2103949049733,79165.53851951449,83230.09147071374,78415.19707070707,2972.113779189627,10519.835309350308,79270.2200756613,75161.47246376812,142263.61333333334,0.1299261725262039
acceptance-3,false,acceptance,zswap_memo_statement,30,1,3,2,,,,,,100,30300.0,77892.4373806062,162.82498994556568,77584.3675220973,78220.90547527846,77398.82328869047,1163.1738093495305,1635.131632820658,77976.31519925127,75950.22916666667,84571.95567375887,0.020992174437049725
acceptance-3,false,acceptance,zswap_memo_statement,31,1,3,2,,,,,,100,25250.0,78261.09398227994,251.71500045160917,77798.57011872221,78782.45112308887,77493.26785714287,1355.9595019734174,2536.382737095411,78358.82222255062,74756.94166666667,91489.60674157304,0.032409242038831
acceptance-3,false,acceptance,zswap_memo_statement,32,2,4,2,,,,,,100,30300.0,75142.4940146855,114.56175172685826,74935.66311919775,75383.03398379125,74820.8243753171,477.98021070650043,1153.079544919815,75164.0680700458,73574.78846153847,81777.07487922705,0.015345239202394088
acceptance-3,false,acceptance,zswap_memo_statement,33,2,4,2,,,,,,100,20200.0,148565.3105030579,7592.976179768147,134271.90033909917,164072.66253478537,118233.40396927016,41461.76399624649,76393.76730175616,164072.69957366632,81104.80769230769,481019.3653846154,0.5142099931880381
acceptance-3,false,acceptance,zswap_memo_statement,34,2,4,2,,,,,,100,25250.0,77230.72353071097,322.9688607206559,76629.62603219692,77893.64741636785,76161.24271089272,1418.9862684079676,3251.037125679732,76583.45597753805,74311.56666666667,89543.32,0.04209512713404724
acceptance-3,false,acceptance,zswap_memo_statement,35,2,4,2,,,,,,100,30300.0,75315.02270134956,174.3220550133234,75006.49485792012,75687.52671204928,74988.24310776942,619.4973390017217,1757.5726759078439,75159.06671494016,72215.25,86340.33333333333,0.0233362828937493
acceptance-3,false,acceptance,zswap_memo_statement,36,2,4,2,,,,,,100,30300.0,75197.4289916321,139.12841974636837,74931.11287932668,75477.46855530218,74975.15584415584,672.8234923922134,1393.401536928637,75207.67060785183,71753.41666666667,79756.00282485876,0.01852990927500584
acceptance-3,false,acceptance,zswap_memo_statement,37,2,4,2,,,,,,100,30300.0,75188.36086431427,126.12813342642644,74954.37180303679,75448.53136642062,74897.20378712045,537.7376842267876,1267.7702940066501,75308.1368415349,72468.05555555556,81215.33333333333,0.01686125724025933
acceptance-3,false,acceptance,zswap_memo_statement,38,2,4,2,,,,,,100,30300.0,75036.967767527,106.20668378063304,74846.70645984197,75261.77890966488,74799.192074515,574.5241094477543,1070.1601743181686,74922.87011969853,73565.68055555556,82000.0,0.014261772645633091
acceptance-3,false,acceptance,zswap_memo_statement,39,2,4,2,,,,,,100,25250.0,80544.06301693857,904.78666497151,78969.63571596907,82502.88774133749,76898.56060606061,1797.355948090547,9095.868081687648,85254.55834313581,74951.98095238095,146099.7311827957,0.11293033578123281
acceptance-3,false,acceptance,zswap_memo_statement,40,2,4,2,,,,,,100,30300.0,75238.1420405278,154.46726042909737,74958.66480657364,75562.71827138598,74825.27140522876,635.1051789653726,1554.3989325758805,75432.95129451751,72457.80128205128,84344.2695035461,0.020659719796623732
acceptance-3,false,acceptance,zswap_memo_statement,41,2,4,2,,,,,,100,30300.0,80840.86716507736,338.3458784320095,80204.01955520864,81530.97561365458,81028.68849206349,2350.862587613951,3402.1717044537354,81696.08180532978,75658.28735632185,97557.29166666667,0.042084799727673476
acceptance-3,false,acceptance,zswap_memo_statement,42,2,4,2,,,,,,100,25250.0,78650.7244733995,144.8487877898072,78374.60534093915,78942.13725522818,78503.40976771888,1079.7400272322639,1460.4293891371983,78567.34602807743,75853.57142857143,84689.1829787234,0.018568543378530873
acceptance-3,false,acceptance,zswap_memo_statement,43,2,4,2,,,,,,100,25250.0,78759.7929512055,347.73336716206245,78165.46717601299,79513.47036162227,78080.8925,1272.1055051077842,3500.3906566930723,79349.5812472292,75834.83636363636,103164.84109589041,0.04444387834871137
acceptance-3,false,acceptance,zswap_memo_statement,44,2,4,2,,,,,,100,30300.0,75899.82723634136,150.12836666410723,75619.77955640982,76208.58250198253,75551.51023391812,944.6174867975643,1509.6944832057427,75742.3379892616,74164.33333333333,82505.73913043478,0.019890618176307134
acceptance-3,false,acceptance,zswap_memo_statement,45,2,4,2,,,,,,100,30300.0,84460.73502284766,918.0247014231447,82747.24004503457,86338.99800977374,80911.84549585672,5294.087390946104,9232.843818810228,89999.19591251662,75186.1,124081.91397849462,0.1093152198629651
acceptance-3,false,acceptance,zswap_memo_statement,46,2,4,2,,,,,,100,30300.0,75679.37295883724,279.5917319931389,75203.92197282953,76293.9849644715,75055.7171994672,890.648710503609,2808.776401469054,75750.40491699916,72587.33974358975,97119.7650273224,0.03711416059164199
acceptance-3,false,acceptance,zswap_memo_statement,47,2,4,2,,,,,,100,30300.0,78024.48334986252,213.08951445759814,77619.76104542773,78457.0811564235,77333.9487745098,1287.482700114906,2141.228899376185,77790.21022806759,74666.66666666667,86371.13257575757,0.02744303848543148
acceptance-3,false,acceptance,zswap_memo_statement,48,2,4,2,,,,,,100,30300.0,81452.06036824282,377.1980124507957,80747.07028403303,82224.09916703527,80368.73026960784,2486.6480761100893,3790.2677558327637,80051.47730505887,77259.63111111111,93712.96296296296,0.046533724729577786
acceptance-3,false,acceptance,zswap_memo_statement,49,2,4,2,,,,,,100,25250.0,80515.59667512862,256.89900058659606,80037.8414128275,81045.79466499334,80129.70621004567,2239.46136043321,2586.28599350583,80353.13537520319,76551.10666666667,94590.72272727273,0.03212155284573252
acceptance-3,false,acceptance,zswap_memo_statement,50,2,4,2,,,,,,100,30300.0,76819.40533972018,183.6982246426583,76464.77512179279,77186.68209952922,76298.36689814815,1666.9460066612016,1848.376330507376,77089.52385005665,74113.44444444444,82916.66666666667,0.024061320474081514
acceptance-3,false,acceptance,zswap_memo_statement,51,2,4,2,,,,,,100,25250.0,84622.94582501866,710.0751284545619,83394.14028215292,86159.30845588582,82597.55956937799,2636.2374618541485,7151.121605103836,82458.14852608246,79475.29411764706,135470.1172413793,0.08450570392445045
acceptance-3,false,acceptance,zswap_memo_statement,52,2,4,2,,,,,,100,30300.0,75036.00916339931,164.66225980699966,74734.58643040826,75379.7767529113,74664.86971586972,728.813803536937,1652.605470223548,75240.46711935372,72260.19791666667,84024.38333333333,0.022024165312747573
acceptance-3,false,acceptance,zswap_memo_statement,53,2,4,2,,,,,,100,30300.0,77539.20911449226,171.62408311962406,77222.18377660094,77894.89591772186,77050.85169623405,1018.041455373869,1729.5469454604688,77438.59246588837,74343.75,85694.5,0.02230544991639865
acceptance-3,false,acceptance,zswap_memo_statement,54,2,4,2,,,,,,100,15150.0,157291.39139322913,10590.870715371857,138314.40050456495,179738.60820143364,117203.75733024691,40955.91953503547,106305.14440338933,198855.60147775972,81721.21428571429,821033.8827838828,0.6758484584679274
acceptance-3,false,acceptance,zswap_memo_statement,55,2,4,2,,,,,,100,30300.0,74905.43773090056,129.01348420494847,74671.82505041582,75176.67429029116,74590.44891500904,485.9425632758544,1293.9402705077791,74705.12123688488,72551.08333333333,81618.0,0.017274316921506928
acceptance-3,false,acceptance,zswap_memo_statement,56,2,4,2,,,,,,100,25250.0,79913.03464389798,441.6331823962392,79080.99467113726,80815.05648076668,78119.60071428571,2243.1010898796917,4442.374678227881,78992.89546505098,75692.1052631579,95747.51034482759,0.055590113653218566
acceptance-3,false,acceptance,zswap_memo_statement,57,2,4,2,,,,,,100,30300.0,75170.69519296754,170.1123887111762,74857.41288551896,75522.42995864131,74929.80818965516,781.5030639645596,1708.7335200165671,75193.37924782031,71131.94444444444,83174.36036036036,0.02273137843983149
acceptance-3,false,acceptance,zswap_memo_statement,58,2,4,2,,,,,,100,30300.0,75795.7200471948,131.35241106682776,75546.04630771873,76060.48808846575,75466.0878968254,1097.753113024402,1320.9561948255944,75926.84377419832,74042.83333333333,80087.66666666667,0.017427846770280572
acceptance-3,false,acceptance,zswap_memo_statement,59,2,4,2,,,,,,100,30300.0,75222.28454355225,303.2763781759856,74773.8853319758,75916.90758290794,74810.81539351851,702.4013145801039,3047.5955164740612,74961.17674153982,72206.43939393939,103208.55208333333,0.04051453016837799
acceptance-3,false,acceptance,zswap_memo_statement,60,2,4,2,,,,,,100,25250.0,79761.66207658115,699.6159305947056,78628.82441851236,81331.57779803804,78285.14117647058,1919.1378660127925,7048.9868600489635,78809.38469159155,75138.60408163266,137889.72,0.08837562654199778
acceptance-3,false,acceptance,zswap_memo_statement,61,2,4,2,,,,,,100,30300.0,75271.10758778635,119.11001739493796,75049.44518337396,75514.51715830709,74994.59403559403,564.0926322930521,1198.423609558964,75036.99769863553,73165.40151515152,80875.79523809523,0.01592142919062643
acceptance-3,false,acceptance,zswap_memo_statement,62,2,4,2,,,,,,100,25250.0,80939.86516565237,786.0737220308854,79735.26979990254,82718.39534374655,79856.91816816817,1940.0227993412454,7908.203719796919,78782.82649859613,74887.584,151703.62608695653,0.09770468116807345
acceptance-3,false,acceptance,zswap_memo_statement,63,3,5,3,,,,,,100,25250.0,88178.69485625587,164.06744401321657,87870.52532503718,88512.52971224833,87725.0345706619,1202.9179178898703,1651.8272620055566,88434.56781498449,84254.2,96450.0,0.01873272523139831
acceptance-3,false,acceptance,zswap_memo_statement,64,3,5,3,,,,,,100,25250.0,95396.76944082223,649.557587679333,94199.40617763647,96739.39556030308,93278.7321978022,3151.4700331532626,6532.732358001139,96835.39275188414,87968.14430379747,129434.27727272727,0.0684795973311613
acceptance-3,false,acceptance,zswap_memo_statement,65,3,5,3,,,,,,100,15150.0,207353.70342928398,13006.97991228417,184869.09316480008,235534.80262445036,191142.26610381488,82441.2894030412,130741.88850764667,197413.76353874194,89555.66666666667,1192707.5555555555,0.6305259387481109
acceptance-3,false,acceptance,zswap_memo_statement,66,3,5,3,,,,,,100,25250.0,85705.6958623384,163.70461305648317,85410.65988256648,86049.6415931472,85331.06622222223,929.2109722872718,1648.4983690033657,86230.79795773607,83031.14736842105,95576.59574468085,0.019234408546792564
acceptance-3,false,acceptance,zswap_memo_statement,67,3,5,3,,,,,,100,25250.0,90077.11947112643,364.2512104117653,89483.47346345743,90893.88463799271,89464.16142857143,2001.3256984693658,3671.1663671981837,89479.031163588,87068.925,121219.668,0.0407558144482512
acceptance-3,false,acceptance,zswap_memo_statement,68,3,5,3,,,,,,100,25250.0,85754.47189920275,136.81899729636982,85498.43142822204,86035.549020066,85631.73789395625,621.038183974368,1379.857041456812,85781.21723067829,82270.4,93575.0,0.016090788164128855
acceptance-3,false,acceptance,zswap_memo_statement,69,3,5,3,,,,,,100,25250.0,85733.52485922247,161.21895759237847,85423.24864832521,86059.33609961407,85480.62479147359,679.0912653824561,1617.019057333696,85718.31758711394,78466.64,94400.0,0.018860988860412535
acceptance-3,false,acceptance,zswap_memo_statement,70,3,5,3,,,,,,100,25250.0,86422.71012907787,211.69550815859094,86040.9278331289,86866.61474808179,85909.29840686274,733.1920182332397,2122.700349777774,86329.39351381705,83742.85714285714,97982.7488372093,0.02456183503858401
acceptance-3,false,acceptance,zswap_memo_statement,71,3,5,3,,,,,,100,25250.0,91038.70684500872,636.2852211338173,89881.13281489951,92371.80932920343,89646.4435073339,3931.62581596892,6409.889675949175,91535.66408630117,84545.0,130304.2911764706,0.07040839987832717
acceptance-3,false,acceptance,zswap_memo_statement,72,3,5,3,,,,,,100,15150.0,97068.34100960875,1219.2982587918252,94992.5691090725,99741.58475532605,93544.22702973605,4403.873385667506,12242.749518997138,99242.91717944929,87879.55555555556,190650.31720430107,0.1261250516044694
acceptance-3,false,acceptance,zswap_memo_statement,73,3,5,3,,,,,,100,25250.0,96016.89241382475,927.0649192732321,94273.30003966732,97896.62392633487,92816.68578759482,5418.955962482377,9318.624112550096,98823.39780404906,87633.00784313725,129063.33333333333,0.0970519236593037
acceptance-3,false,acceptance,zswap_memo_statement,74,3,5,3,,,,,,100,25250.0,92391.42301877234,646.7891101405305,91228.71247761,93757.90127903994,90087.35805860805,2181.578529094185,6513.1800097986725,90261.72852785577,87547.44615384615,130779.52571428572,0.07049550485303496
acceptance-3,false,acceptance,zswap_memo_statement,75,3,5,3,,,,,,100,25250.0,85882.88889193855,148.86707255061893,85601.39820568035,86188.43488245891,85753.53674242424,562.61103845395,1497.2294747541373,85857.37586936603,79120.8,94725.0,0.01743338509069035
acceptance-3,false,acceptance,zswap_memo_statement,76,3,5,3,,,,,,100,25250.0,85366.361792718,153.70374402527614,85075.95277197302,85678.17057723038,85298.75518207283,843.6564879632741,1546.4078064573498,85830.75997872026,81082.4,91765.834,0.018114955047659802
acceptance-3,false,acceptance,zswap_memo_statement,77,3,5,3,,,,,,100,25250.0,89165.78483905253,409.9252229399529,88479.81242866591,90070.89877726701,88079.36412568306,1660.31657043419,4120.9198751859685,89306.05796482932,86150.0,121911.91428571429,0.046216380897946205
acceptance-3,false,acceptance,zswap_memo_statement,78,3,5,3,,,,,,100,25250.0,93271.90597181115,354.7927120367541,92610.16197338676,93994.2018773922,92246.98303690954,1835.2747679394456,3554.6171791848096,92700.85778336042,87930.56666666667,108363.1,0.0381102663460002
acceptance-3,false,acceptance,zswap_memo_statement,79,3,5,3,,,,,,100,25250.0,88564.49088066285,316.50589599655746,88058.64233512375,89276.26111868063,87847.61455479453,1041.592538446413,3186.310507622038,88363.16659731048,86262.10909090909,115770.36888888889,0.03597729153002715
acceptance-3,false,acceptance,zswap_memo_statement,80,3,5,3,,,,,,100,25250.0,89830.14478754385,558.3830914545603,88849.07652410117,91030.23118974933,88553.05497252748,2209.633558665902,5601.9823117617225,88178.79537461209,85204.83456790124,121137.4,0.06236194236367871
acceptance-3,false,acceptance,zswap_memo_statement,81,3,5,3,,,,,,100,25250.0,85502.75472871253,198.14540628084097,85119.92107504269,85897.65900126244,85334.92608695652,1009.0978913254381,1995.0045949961568,86139.11404581055,77486.13333333333,94014.51034482759,0.02333263532065146
acceptance-3,false,acceptance,zswap_memo_statement,82,3,5,3,,,,,,100,25250.0,90758.76051064143,273.7832984473515,90246.44328829586,91319.06455067277,90198.87515103756,2246.501694280205,2743.7256262604064,90620.88242648146,86753.21818181819,101692.584,0.03023097286502393
acceptance-3,false,acceptance,zswap_memo_statement,83,3,5,3,,,,,,100,25250.0,86107.08822788636,222.18319527056198,85681.747966412,86557.15712353955,86127.46981132076,1211.9766622845332,2233.4248680689766,86550.7190873356,77883.33333333333,99100.0,0.025937758598434026
acceptance-3,false,acceptance,zswap_memo_statement,84,3,5,3,,,,,,100,25250.0,90189.89504508513,317.1496287946773,89591.21035221954,90832.64236232816,89403.82085020244,2471.9066752979156,3184.990770680869,89521.71175942072,84977.94117647059,105416.8,0.035314275164515053
acceptance-3,false,acceptance,zswap_memo_statement,85,3,5,3,,,,,,100,25250.0,89354.7593342345,585.966188407326,88352.80186871094,90631.90397091706,87854.44492689411,1107.4416533187737,5870.860401521048,89330.87712841731,85269.43333333333,130858.4,0.06570282820147157
acceptance-3,false,acceptance,zswap_memo_statement,86,3,5,3,,,,,,100,25250.0,93346.46124742864,585.7591340606538,92288.60985699433,94577.14373739532,91359.88103543743,1929.526874586163,5856.697920512205,92432.64549903946,88176.08695652174,121005.0,0.06274150987886042
acceptance-3,false,acceptance,zswap_memo_statement,87,3,5,3,,,,,,100,25250.0,87109.3650790963,305.39100417731834,86552.82625441896,87742.74781744697,86261.22271604938,1384.6616889771205,3055.154662472142,87373.15285710063,82455.55555555556,98865.76923076923,0.0350726315098041
acceptance-3,false,acceptance,zswap_memo_statement,88,3,5,3,,,,,,100,25250.0,94839.13165002996,447.4814316760578,94012.30004035606,95767.69119701284,94559.63064327485,2448.4697154855226,4489.322210849677,95532.52967814394,87271.76666666666,115569.76744186046,0.04733618004238927
acceptance-3,false,acceptance,zswap_memo_statement,89,3,5,3,,,,,,100,25250.0,89404.11606502076,636.1623064860428,88214.4603405103,90707.06459900699,86010.6110367893,1908.672347418638,6400.004367849293,93694.77420067976,83722.61904761905,114287.02680412371,0.07158511989755342
acceptance-3,false,acceptance,zswap_memo_statement,90,3,5,3,,,,,,100,25250.0,93038.60334843569,736.9486688746005,91784.255399655,94649.8793502018,90874.10840455841,2834.246833682059,7418.748623480322,96678.15884912074,86791.17647058824,149670.70309278351,0.07973839198441769
acceptance-3,false,acceptance,zswap_memo_statement,91,3,5,3,,,,,,100,25250.0,86585.97600122726,450.7599783201717,85886.09660513591,87613.56883617463,85534.09795918368,799.9862357974089,4523.28490243239,86058.10256243535,84230.95164835165,126300.92592592593,0.052240387084951
acceptance-3,false,acceptance,zswap_memo_statement,92,3,5,3,,,,,,100,25250.0,90863.9372439381,448.455312613265,90050.30522693224,91802.20802721547,89525.0805333998,2096.2820589594075,4512.6461353988225,91844.26764060884,87002.56410256411,119398.06262626263,0.04966377500552211
acceptance-3,false,acceptance,zswap_memo_statement,93,3,5,3,,,,,,100,25250.0,85834.0170319391,268.06875070439503,85341.03345443409,86397.28375503096,85746.70987012988,1232.2496963191395,2686.5011533808665,86135.72926850893,77275.0,104133.4,0.03129879325560647
acceptance-3,false,acceptance,zswap_memo_statement,94,4,6,3,,,,,,100,25250.0,88542.37020352902,197.30394598851422,88172.62180756505,88945.28121933264,87925.48076923077,1253.7199866444566,1982.6253209466397,88846.07624471701,85925.0,97021.95873015873,0.022391825703211393
acceptance-3,false,acceptance,zswap_memo_statement,95,4,6,3,,,,,,100,25250.0,88919.52169102024,335.3697780709228,88339.43873798846,89646.92803460838,88140.13421052632,1175.7416043343599,3372.030946277527,89134.27246401655,85535.4,112071.2,0.03792227940670603
acceptance-3,false,acceptance,zswap_memo_statement,96,4,6,3,,,,,,100,25250.0,90344.07282425392,344.1277739067738,89697.61962331804,91044.99911367439,89112.42931034483,2049.164506948173,3447.8728432382345,91901.74833160928,85547.3875,105050.08913043479,0.038163796865184195
acceptance-3,false,acceptance,zswap_memo_statement,97,4,6,3,,,,,,100,25250.0,88571.35762108176,162.00085968492309,88260.7132834284,88893.11254861618,88133.32201963535,1348.0698243608633,1631.6701799734778,88826.3720005911,85462.5,93147.31555555556,0.018422097434183483
acceptance-3,false,acceptance,zswap_memo_statement,98,4,6,3,,,,,,100,25250.0,86497.07940564034,211.16327535904324,86128.39065057175,86952.47080274206,85931.27392120074,865.6138572455527,2122.9050032050004,86340.73233633811,83704.16666666667,100982.2875,0.024543083047340084
acceptance-3,false,acceptance,zswap_memo_statement,99,4,6,3,,,,,,100,25250.0,89073.71034435442,206.67046312860649,88694.46357132032,89505.16190213297,88506.43987760098,1078.6364883503777,2076.6480934995234,88877.27585340623,86986.8,99419.14054054054,0.02331381600105472
acceptance-3,false,acceptance,zswap_memo_statement,100,4,6,3,,,,,,100,20200.0,92916.86182500322,275.1168769615126,92407.02103181719,93482.92140966834,92368.71129032258,2076.5483961730692,2775.283216081026,92610.09290453672,88880.46428571429,108189.99647887323,0.029868456182989795
acceptance-3,false,acceptance,zswap_memo_statement,101,4,6,3,,,,,,100,25250.0,90034.52982633008,401.32043302044855,89288.95587391741,90860.64566350896,88775.67688405796,2031.1622957235693,4035.2794258539866,89921.97271287128,85883.33333333333,108168.5923076923,0.044819242502157124
acceptance-3,false,acceptance,zswap_memo_statement,102,4,6,3,,,,,,100,25250.0,96746.59811778883,1956.203448485435,93497.94470790421,101092.9503108877,90920.2778169014,2116.4880646249267,19664.222506150694,96827.53871553125,86816.66666666667,250951.61052631578,0.20325492460426914
acceptance-3,false,acceptance,zswap_memo_statement,103,4,6,3,,,,,,100,25250.0,91224.4855561523,498.57213268426204,90314.53942959534,92259.46206699144,90093.768,2749.6583345604363,5008.951204615869,91053.30717363677,85344.18837209302,116340.92911392405,0.05490796877700845
acceptance-3,false,acceptance,zswap_memo_statement,104,4,6,3,,,,,,100,25250.0,90183.09489290357,449.4989051723879,89414.89206492677,91173.49028596858,89636.59599469496,2918.1361431110627,4537.127604563525,92230.4526242057,85372.9,126026.38974358974,0.05031017853125983
acceptance-3,false,acceptance,zswap_memo_statement,105,4,6,3,,,,,,100,25250.0,87610.84245829919,288.8216192034202,87069.6706185995,88200.17697905454,86675.41612021858,2075.7565374316705,2911.1056309358996,87912.70492153095,83661.3,101630.4,0.03322768677086425
acceptance-3,false,acceptance,zswap_memo_statement,106,4,6,3,,,,,,100,25250.0,86232.58898286853,284.5978549955518,85758.40887929696,86863.4706227656,85698.77072484166,1012.9127257698902,2858.1199564169824,85951.11933559923,82395.94594594595,108862.88181818182,0.033144313421748166
acceptance-3,false,acceptance,zswap_memo_statement,107,4,6,3,,,,,,100,25250.0,87664.48207296728,277.2314008735031,87132.96281500923,88216.2763198899,86582.83468875501,2134.5387771514415,2791.741220183816,88272.45471375795,82546.71052631579,95677.57283950617,0.03184575045866487
acceptance-3,false,acceptance,zswap_memo_statement,108,4,6,3,,,,,,100,25250.0,88743.43462860114,231.05232975433694,88326.99962430731,89232.1780212698,88238.88331527627,1413.0176158253205,2315.2496230258184,88341.86745795773,86526.166,103540.26666666666,0.026089249674810716
acceptance-3,false,acceptance,zswap_memo_statement,109,4,6,3,,,,,,100,25250.0,89832.58125461936,687.9980057133433,88840.19124903224,91415.037411126,88712.8435897436,1781.7473745215227,6910.549618808392,88830.09468538496,85450.63076923077,154156.25,0.07692698486778747
acceptance-3,false,acceptance,zswap_memo_statement,110,4,6,3,,,,,,100,25250.0,87724.28232290024,323.8198240202176,87136.01835055047,88406.32469702665,86866.87684210527,1954.2538330103268,3257.6508157285693,88191.0897337077,83674.44,107952.54146341463,0.03713510933879896
acceptance-3,false,acceptance,zswap_memo_statement,111,4,6,3,,,,,,100,25250.0,88942.52321835316,165.87150900001657,88625.84861607153,89277.09269307335,88505.9474117647,1340.43692940191,1668.1263795887128,89239.3060079799,86258.33333333333,95305.99325842697,0.018755105198595235
acceptance-3,false,acceptance,zswap_memo_statement,112,4,6,3,,,,,,100,25250.0,93081.58033949957,721.094474304149,91851.30315941806,94665.04681034361,92268.45151515151,3836.749879589513,7256.2705386634025,91069.4538560662,87365.15324675325,146266.09310344828,0.07795603074418551
acceptance-3,false,acceptance,zswap_memo_statement,113,4,6,3,,,,,,100,25250.0,97387.12258797314,2789.3932504851464,93404.58636507495,103828.18827181993,93185.26000000001,1533.1337625147155,28022.838045543955,93101.69437505542,87124.31134020619,349739.6,0.28774685298079283
acceptance-3,false,acceptance,zswap_memo_statement,114,4,6,3,,,,,,100,25250.0,89457.28557875533,432.5498397934886,88648.22500000126,90341.9875117609,87814.66315789474,1606.3486398816117,4349.4396886072955,87917.83391103886,85296.63191489362,103864.73846153847,0.04862029582574567
acceptance-3,false,acceptance,zswap_memo_statement,115,4,6,3,,,,,,100,20200.0,94862.86630478576,567.4993558497823,93786.5995775502,96010.19723693134,93834.37828947368,5451.3872889271515,5699.597153918424,92840.79912368848,87894.16666666667,116506.6,0.060082489344209115
acceptance-3,false,acceptance,zswap_memo_statement,116,4,6,3,,,,,,100,25250.0,89389.47731408777,237.70487291410805,88943.11369417373,89874.56101893145,88587.5671875,1633.5339393719396,2382.192085556955,89196.3946315945,86525.0,99535.11428571428,0.02664958065686689
acceptance-3,false,acceptance,zswap_memo_statement,117,4,6,3,,,,,,100,15150.0,132715.54271607415,5662.115519788229,122413.43487751232,144531.1652570333,111650.90566037736,20930.34110186695,56958.58583259663,127817.450822127,92611.16666666667,455910.08771929826,0.4291779596188771
acceptance-3,false,acceptance,zswap_memo_statement,118,4,6,3,,,,,,100,25250.0,86003.1062034573,151.26439115051508,85733.1136952382,86325.04617086073,85762.07460317461,670.3438503212369,1518.4384949340927,86189.34902260972,83484.09090909091,96308.2,0.017655623871792807
acceptance-3,false,acceptance,zswap_memo_statement,119,4,6,3,,,,,,100,25250.0,85953.2972092032,143.33031939155632,85693.79563739653,86254.16755147013,85707.04545454546,805.9205396567444,1443.0085070368973,85856.41111925521,82026.84444444445,95291.6,0.016788285660813387
acceptance-3,false,acceptance,zswap_memo_statement,120,4,6,3,,,,,,100,25250.0,87241.65555145766,232.93579760135145,86815.32468841622,87727.87969248396,86824.62784509384,1631.33667029803,2336.313383035192,87540.33736308556,83183.3,98515.0,0.026779791927001736
acceptance-3,false,acceptance,zswap_memo_statement,121,4,6,3,,,,,,100,25250.0,86259.3350026716,301.7528686561965,85752.53288098601,86925.16665291271,85597.6680425532,738.50287467121,3037.435455576829,86334.85031771834,82547.22222222222,108179.75714285714,0.03521283181098897
acceptance-3,false,acceptance,zswap_memo_statement,122,4,6,3,,,,,,100,25250.0,89906.32139509154,285.11913067553644,89360.76565018974,90479.5451118986,88863.95107794361,1772.3526312390945,2864.753293744309,91077.07621870843,85098.36,98638.24,0.03186375829075697
acceptance-3,false,acceptance,zswap_memo_statement,123,4,6,3,,,,,,100,25250.0,86297.2354496865,165.08306447973732,85996.81824376913,86642.03102599595,85733.88090676884,710.691332697399,1655.585624764603,86528.4546008571,84594.05714285714,93925.0,0.01918468901277668
acceptance-3,false,acceptance,zswap_memo_statement,124,4,6,3,,,,,,100,25250.0,98755.94139472171,2058.764180232129,95107.15717025276,103125.07619751894,91604.6120689655,2431.395718282355,20604.42375649308,106934.34353834786,88291.66666666667,205955.88913043478,0.20863983944154213
acceptance-3,false,acceptance,zswap_memo_statement,125,5,7,4,,,,,,100,25250.0,96478.75673939814,203.89902562875028,96096.65762752105,96897.18769430013,96178.62047817049,886.050340602794,2051.0451635291306,96702.77153539234,89572.5,107133.2,0.021259033934996428
acceptance-3,false,acceptance,zswap_memo_statement,126,5,7,4,,,,,,100,20200.0,100539.3117323356,233.77699676449387,100096.51284685459,101012.04478395179,99869.3018707483,1487.1850274347287,2355.07474438973,100620.88646298212,96950.0,109347.22222222222,0.02342441681577861
acceptance-3,false,acceptance,zswap_memo_statement,127,5,7,4,,,,,,100,25250.0,96873.69412412669,166.25065834261696,96564.86470788601,97216.54810495372,96460.39066739012,750.9212088326325,1670.6390667524095,96822.75034490912,92749.06666666667,104000.56,0.017245538965529463
acceptance-3,false,acceptance,zswap_memo_statement,128,5,7,4,,,,,,100,20200.0,99710.24339951975,292.54206519204155,99170.60041648142,100316.34427306443,98797.31002663623,1437.4444524577955,2949.972963024515,99907.78424855918,95445.92857142857,116014.13571428572,0.029585455440165172
acceptance-3,false,acceptance,zswap_memo_statement,129,5,7,4,,,,,,100,25250.0,97731.44219440459,375.44754920087917,97068.24013115105,98531.62292294133,96731.5625,1051.486258665718,3769.908441550941,97425.69573695878,94199.07407407407,119209.40512820512,0.03857416156871958
acceptance-3,false,acceptance,zswap_memo_statement,130,5,7,4,,,,,,100,25250.0,96630.05191619293,206.76204892042537,96246.20259316116,97055.35646691754,96224.45059139785,959.1831426261766,2079.8770456385196,97042.19661120142,91313.32,106758.2,0.0215241222000211
acceptance-3,false,acceptance,zswap_memo_statement,131,5,7,4,,,,,,100,20200.0,114099.71556829162,1780.667023495966,110878.95720654151,117828.80425125554,108196.73859126985,5555.8217781879175,17833.910138790176,114013.05281956554,99867.78846153847,210116.1221590909,0.15630109198752665
acceptance-3,false,acceptance,zswap_memo_statement,132,5,7,4,,,,,,100,20200.0,107195.95553212313,1120.2555140028912,105090.48899888332,109470.6085846521,102413.6460554371,4897.941493990176,11274.061629899757,101575.16565095316,97292.51453488372,150000.0,0.10517245332564146
acceptance-3,false,acceptance,zswap_memo_statement,133,5,7,4,,,,,,100,20200.0,97536.27365292382,315.20527726526905,96941.65991487204,98174.04028238643,96221.23234811166,1095.2294036327687,3167.819382503406,96091.61043667799,93731.9542253521,107871.109375,0.032478372033935554
acceptance-3,false,acceptance,zswap_memo_statement,134,5,7,4,,,,,,100,20200.0,100986.45728848939,278.24907331119243,100463.33131012018,101549.85864840748,100146.51554188831,1924.5351892832496,2802.0140116006814,100536.98433722477,96921.875,109745.53571428571,0.02774643340142263
acceptance-3,false,acceptance,zswap_memo_statement,135,5,7,4,,,,,,100,20200.0,101069.33808162743,419.59061565948457,100319.5393369247,101956.1582816837,99829.73345369266,1359.1587482622188,4229.691841526717,100966.0367792227,95759.71666666666,123940.625,0.041849406771721984
acceptance-3,false,acceptance,zswap_memo_statement,136,5,7,4,,,,,,100,25250.0,99603.59813488182,613.6295356248232,98560.23206724669,100946.03621455074,97887.6852631579,1712.8594543275067,6163.09442759164,100314.80926673562,96155.0,143781.25,0.06187622277706938
acceptance-3,false,acceptance,zswap_memo_statement,137,5,7,4,,,,,,100,25250.0,96924.08633310243,247.78257145388184,96451.18502090263,97422.05120660998,96620.32351405622,1294.4723072312938,2493.56802829691,97891.49492419092,88486.13333333333,108491.6,0.02572702124554651
acceptance-3,false,acceptance,zswap_memo_statement,138,5,7,4,,,,,,100,20200.0,99512.3103412698,219.4015985357359,99103.34169641946,99963.76434753851,99152.33324462124,1503.9615005064243,2195.035815055617,99760.12461578248,96625.0,107760.41666666667,0.0220579324058291
acceptance-3,false,acceptance,zswap_memo_statement,139,5,7,4,,,,,,100,25250.0,96247.4662626411,168.06748567996414,95946.78517003056,96604.23452628673,96162.00454545455,730.5883517870357,1680.1629027023623,96237.61520732968,91279.1,108150.0,0.01745669748975538
acceptance-3,false,acceptance,zswap_memo_statement,140,5,7,4,,,,,,100,20200.0,109604.51243651882,924.0648784631746,108035.88190527543,111643.2648441181,106775.99333333333,3328.1161986114935,9254.654508215082,105930.0630560071,101166.145,182566.15,0.08443680193892775
acceptance-3,false,acceptance,zswap_memo_statement,141,5,7,4,,,,,,100,20200.0,101689.84827898015,524.6886926525485,100744.50173475481,102799.77124138335,100298.71729390681,2276.6104644374177,5242.435523266376,99748.25153908675,95891.77777777778,132333.5,0.051553184629443645
acceptance-3,false,acceptance,zswap_memo_statement,142,5,7,4,,,,,,100,25250.0,97768.8520520503,216.04931536220155,97366.23176500613,98212.81770688918,97153.53657937807,1163.4307933449666,2176.7895620302097,97947.0368671494,93889.34444444445,108420.24,0.022264652968118394
acceptance-3,false,acceptance,zswap_memo_statement,143,5,7,4,,,,,,100,25250.0,96715.44130050116,161.01400140968119,96426.18849378994,97055.57460411511,96389.9611615245,696.8809752193539,1612.8816834406202,96521.07230619181,94040.26666666666,105708.18947368421,0.016676568516389146
acceptance-3,false,acceptance,zswap_memo_statement,144,5,7,4,,,,,,100,25250.0,96836.46489523916,191.33530111282013,96478.43024010642,97224.55155167294,96468.51712530712,1199.0200652247433,1922.158548010242,97176.96830737402,93709.83076923077,105341.6,0.01984953240589375
acceptance-3,false,acceptance,zswap_memo_statement,145,5,7,4,,,,,,100,20200.0,105172.02152012114,474.10420576854034,104280.34206892662,106140.57522088796,104041.51588598403,3185.824622052858,4754.444984924126,104696.35935569677,99537.25961538461,121942.86397058824,0.04520636682841095
acceptance-3,false,acceptance,zswap_memo_statement,146,5,7,4,,,,,,100,25250.0,96640.59536705949,320.9492840879753,96128.2848913702,97364.17020614742,96142.9336111111,899.7765563208553,3226.2547928272043,96213.81841288606,92556.17777777778,124426.27692307692,0.03338405336363327
acceptance-3,false,acceptance,zswap_memo_statement,147,5,7,4,,,,,,100,25250.0,97791.22488803437,297.4114285528576,97263.03725804568,98424.03333667439,96906.80014430014,978.6045862256187,2984.184077711366,97908.6855658342,95251.4,114845.9,0.030515867667350465
acceptance-3,false,acceptance,zswap_memo_statement,148,5,7,4,,,,,,100,20200.0,100473.6007584334,194.19537917113365,100096.2570405315,100857.96174522642,100290.38549347702,1531.5180509351158,1949.5746652877467,100725.9384882518,95604.16666666667,106058.88043478261,0.019403849872715012
acceptance-3,false,acceptance,zswap_memo_statement,149,5,7,4,,,,,,100,25250.0,96160.22442312175,143.52178633817772,95893.34450155743,96456.42444589414,95998.33951762522,939.3272793601924,1435.5402833178541,96241.22488665584,92974.27826086957,104208.2,0.014928628670844471
acceptance-3,false,acceptance,zswap_memo_statement,150,5,7,4,,,,,,100,20200.0,99948.84693895401,374.00356704633543,99318.87206709184,100771.6720859751,98878.8744736842,1176.623770985748,3744.7412741673065,99499.63783064873,96450.89285714286,129261.28125,0.03746657804321135
acceptance-3,false,acceptance,zswap_memo_statement,151,5,7,4,,,,,,100,20200.0,105993.22939948457,534.2912024903248,105013.33425284512,107112.59086997808,106251.33388888888,2868.3701520987797,5368.434708924697,106115.54023053052,96067.75,135307.875,0.05064884558513888
acceptance-3,false,acceptance,zswap_memo_statement,152,5,7,4,,,,,,100,20200.0,100065.63494827751,256.16300594009743,99596.09860438731,100595.45271298249,99513.41003711201,1527.4597795613856,2574.648128804739,101100.55578542929,96557.29166666667,112928.77906976744,0.025729593682541838
acceptance-3,false,acceptance,zswap_memo_statement,153,5,7,4,,,,,,100,25250.0,97390.35707746202,173.58564080344013,97088.97115155273,97766.98991447588,97096.46631632914,965.7953631913375,1744.6994106574555,97545.92948839959,95295.8,110558.4,0.017914498550095286
acceptance-3,false,acceptance,zswap_memo_statement,154,5,7,4,,,,,,100,20200.0,102675.48276060529,418.39449202475004,101901.64208395118,103544.12821735369,101587.30819583932,2127.546030686513,4205.8416239392,102236.52135953894,97517.85714285714,119871.52777777778,0.040962472353262745
acceptance-3,false,acceptance,zswap_memo_statement,155,5,7,4,,,,,,100,25250.0,97147.00969965145,238.39008567592091,96717.44556444332,97649.29325856686,96474.60185714286,860.4286193814869,2393.5915345113335,97214.04744258903,93594.86923076923,109254.73086419753,0.024638859620193965
acceptance-3,false,acceptance,zswap_memo_statement,156,6,8,4,,,,,,100,25250.0,97224.11837591356,231.06721107554222,96791.26561642953,97696.70533194293,96880.95147485493,1324.9020018028257,2317.5950833164065,97462.43656627752,92865.73333333334,107761.73636363636,0.023837655944130124
acceptance-3,false,acceptance,zswap_memo_statement,157,6,8,4,,,,,,100,20200.0,101390.35504431737,454.6593712244434,100573.80196669657,102350.88906337254,100325.6219879518,1824.5663416459372,4575.629161069178,101433.34053938229,96021.484375,128287.42796610169,0.04512884050035318
acceptance-3,false,acceptance,zswap_memo_statement,158,6,8,4,,,,,,100,25250.0,99081.40646835294,92.74875423184982,98905.61209819399,99269.3871650112,98990.00845588234,637.0477383824466,933.9418213397115,99053.8757570563,97112.82051282052,103599.57721518987,0.009426004884559414
acceptance-3,false,acceptance,zswap_memo_statement,159,6,8,4,,,,,,100,20200.0,104934.84706404188,608.721693848029,103813.86614951082,106191.52283261034,103345.89197183099,3549.6206834203426,6111.741838921622,104658.84036943993,96937.5,131758.7697368421,0.0582432052832899
acceptance-3,false,acceptance,zswap_memo_statement,160,6,8,4,,,,,,100,20200.0,100173.93928581689,213.97552600756617,99772.09127283162,100611.57134033048,99692.16361003861,1526.33042796867,2146.5826925575984,100107.79367666617,96052.08333333333,110114.5,0.0214285542513503
acceptance-3,false,acceptance,zswap_memo_statement,161,6,8,4,,,,,,100,15150.0,348063.08740608697,28438.989081250398,295267.758269949,406617.0831009611,234308.07723577236,130045.97137692363,285736.8841644449,269972.9468075464,100680.66666666667,1510436.5238095238,0.8209341768869454
acceptance-3,false,acceptance,zswap_memo_statement,162,6,8,4,,,,,,100,20200.0,101230.86197031222,158.40065545202714,100926.24169753882,101542.80345686972,101116.25632183909,1595.667729565977,1594.5066950140726,101146.13793630856,97965.84722222222,106048.81927710843,0.01575119152380319
acceptance-3,false,acceptance,zswap_memo_statement,163,6,8,4,,,,,,100,15150.0,118338.98826227183,3054.971602335412,113303.72205700575,125117.03068852927,108612.35773809523,5966.479176444643,30428.30298259599,118551.05945519925,101386.11428571428,361801.43209876545,0.25712830090416594
acceptance-3,false,acceptance,zswap_memo_statement,164,6,8,4,,,,,,100,20200.0,100080.89767072535,330.7675936236915,99470.76179345886,100763.99460601962,98925.48812676553,1692.93020422817,3330.0074979784004,99284.99530146299,96697.6301369863,115665.17857142857,0.03327315777017117
acceptance-3,false,acceptance,zswap_memo_statement,165,6,8,4,,,,,,100,25250.0,96435.46976962015,136.00365705871047,96184.77556041938,96717.7188638502,96166.27793843285,614.5286119470838,1375.543373170243,96509.58360691591,93296.66666666667,104691.6,0.014263873826262808
acceptance-3,false,acceptance,zswap_memo_statement,166,6,8,4,,,,,,100,25250.0,96247.26758744003,200.5904268323259,95900.5303319397,96682.76315365695,95962.12522603979,802.7477172569385,2017.7173439575784,96091.41169262597,93236.76470588235,109341.8,0.020963892217766025
acceptance-3,false,acceptance,zswap_memo_statement,167,6,8,4,,,,,,100,20200.0,100941.64905036279,299.14502311452225,100394.42715477577,101562.89583906965,100093.92071428572,1475.9748267205011,3012.661537531886,100506.19971627013,96857.0,119079.36904761905,0.029845574803605397
acceptance-3,false,acceptance,zswap_memo_statement,168,6,8,4,,,,,,100,20200.0,98269.6710729931,328.0815023868462,97682.31110292165,98963.24199583776,97411.75164237936,1371.6962262519735,3305.7671937989244,98442.00244864785,95479.16666666667,115629.64732142857,0.03363975026784668
acceptance-3,false,acceptance,zswap_memo_statement,169,6,8,4,,,,,,100,20200.0,108983.44532534026,1682.4083119372935,106016.59488370779,112584.31956234721,105117.59947666439,6913.563771939241,16916.95776329089,115605.80621989064,96736.11111111111,220440.835,0.15522502259668836
acceptance-3,false,acceptance,zswap_memo_statement,170,6,8,4,,,,,,100,25250.0,96905.82639805102,182.49110102882136,96562.77508511208,97275.86391962875,96663.90083333333,1234.2864425314795,1834.857799408686,97278.86953273238,93633.34117647058,104580.79565217391,0.01893444251609611
acceptance-3,false,acceptance,zswap_memo_statement,171,6,8,4,,,,,,100,20200.0,102808.44786309586,242.15901295092044,102348.10715384151,103296.33517602648,102565.10321969696,2272.1291162881485,2441.1931240313947,102949.51937934091,98698.45779220779,113052.0,0.023745063511533528
acceptance-3,false,acceptance,zswap_memo_statement,172,6,8,4,,,,,,100,25250.0,97741.01896883766,475.3346085929635,96943.97408044068,98787.25106188179,97017.9388888889,822.8046591842234,4771.963974334977,97538.61949046845,89855.0,135030.7111111111,0.048822531468148515
acceptance-3,false,acceptance,zswap_memo_statement,173,6,8,4,,,,,,100,20200.0,107467.30574342055,1190.2770392591895,105485.54886158757,110110.20355436434,104614.27686019352,4492.081891693667,11947.717544331099,103988.91408526673,98217.89344262295,203714.1875,0.1111753706085869
acceptance-3,false,acceptance,zswap_memo_statement,174,6,8,4,,,,,,100,25250.0,96537.8975310088,193.2812162906118,96201.06609761438,96955.06116978158,96360.88648648649,704.9609513424996,1941.9124107952703,96731.20520407862,93142.02608695652,108941.28275862068,0.020115544884033873
acceptance-3,false,acceptance,zswap_memo_statement,175,6,8,4,,,,,,100,25250.0,96935.77436401235,169.47962143877973,96623.75547329224,97286.78734738484,96586.46071428571,953.1387867351146,1710.729121266163,97277.21507906014,94493.12631578947,105425.0,0.017648067831408126
acceptance-3,false,acceptance,zswap_memo_statement,176,6,8,4,,,,,,100,20200.0,103502.09067208784,658.0040001306288,102347.95704009783,104913.58608888858,101976.1756694791,1803.4095031804447,6610.500078333725,102594.99368109945,98226.96176470588,143924.96739130435,0.06386827585229084
acceptance-3,false,acceptance,zswap_memo_statement,177,6,8,4,,,,,,100,20200.0,98970.53477478187,404.94467841207836,98216.05693574273,99800.67447847199,97215.65396341463,1204.2450266359049,4046.1105152970113,96987.36452046697,95755.66772151898,111869.75,0.04088197082600768
acceptance-3,false,acceptance,zswap_memo_statement,178,6,8,4,,,,,,100,25250.0,97868.3191383115,383.2105286775875,97224.34684217002,98708.72100164359,96938.79134527786,1088.3950764980684,3850.0610045574977,97394.02032688045,94314.68571428572,128291.96428571429,0.03933919616128723
acceptance-3,false,acceptance,zswap_memo_statement,179,6,8,4,,,,,,100,20200.0,102418.1057903966,490.6069119466074,101586.23062663365,103495.08233204305,101234.16570512821,1989.687936372682,4918.156633647246,101512.63338333087,98279.00949367089,140789.58076923076,0.048020382682262074
acceptance-3,false,acceptance,zswap_memo_statement,180,6,8,4,,,,,,100,20200.0,109118.020305617,1752.6697071368396,106044.32633208137,112848.28664978512,104283.45000000001,2575.819668393332,17671.676330550214,107406.0249046845,97998.63383838384,209832.9642857143,0.1619501186060332
acceptance-3,false,acceptance,zswap_memo_statement,181,6,8,4,,,,,,100,20200.0,105613.18188789884,534.3437786620389,104638.01291132609,106725.89113862037,103755.75911458334,2089.764824238333,5389.7299806068895,108164.28874242648,99901.03125,134085.4659090909,0.051032739325359205
acceptance-3,false,acceptance,zswap_memo_statement,182,6,8,4,,,,,,100,20200.0,99163.75121055577,222.16573376817595,98751.91817701764,99623.20166953315,98751.55624374375,1790.955516385555,2232.8632500277836,99476.79597458254,95953.125,112087.17105263157,0.022516930055285163
acceptance-3,false,acceptance,zswap_memo_statement,183,6,8,4,,,,,,100,25250.0,96562.48806987797,165.06014687481309,96261.13139833091,96904.58705473764,96285.04345238095,865.4088435952458,1658.6371369208393,96486.29069070489,93359.71666666666,105358.2,0.017176826841087168
acceptance-3,false,acceptance,zswap_memo_statement,184,6,8,4,,,,,,100,20200.0,99458.54653430475,197.38091039916924,99086.39102141447,99860.76779293989,99056.49526434075,1574.9214187113216,1983.6961805438214,99491.84556967637,96309.53571428571,108718.75,0.0199449544525529
acceptance-3,false,acceptance,zswap_memo_statement,185,6,8,4,,,,,,100,20200.0,111954.32680508896,1058.3170576768534,110060.30457534498,114204.96826866332,108945.42106278951,6508.719683388849,10616.58340783162,112174.76698980345,101616.09036144578,183388.04945054944,0.09482959444984163
acceptance-3,false,acceptance,zswap_memo_statement,186,6,8,4,,,,,,100,20200.0,99899.97964776441,230.84889364598502,99454.07153714205,100359.45558663097,99439.68780254135,1469.4997624887217,2315.926335344881,99758.60360795035,90348.875,109958.33333333333,0.023182450522117874
acceptance-3,false,acceptance,zswap_memo_statement,187,7,9,5,,,,,,100,20200.0,106726.77491210555,274.2388688235465,106245.81443499998,107317.28008097583,106524.0300420168,1440.1949295892123,2743.8356702812466,107352.08677331166,102297.80769230769,125812.5,0.025708972022633707
acceptance-3,false,acceptance,zswap_memo_statement,188,7,9,5,,,,,,100,20200.0,116823.16569175539,506.7040666574056,115862.47459540742,117847.26113705094,115845.95352564103,4912.665629579471,5084.645609643248,114406.59174153983,109768.64210526316,139805.0375,0.04352429228856352
acceptance-3,false,acceptance,zswap_memo_statement,189,7,9,5,,,,,,100,20200.0,108555.4635325196,222.3485027158113,108141.32143211662,109012.34542745897,107892.80203900709,1152.4156921693134,2243.6903709687826,108093.07741096498,106406.81182795699,119615.84,0.020668608450984578
acceptance-3,false,acceptance,zswap_memo_statement,190,7,9,5,,,,,,100,20200.0,110723.69587422309,206.564474508676,110343.20031151951,111148.93774240158,110274.6637668919,1281.2705180116207,2071.165867282242,110919.21136766662,107473.21428571429,121052.0,0.01870571471561958
acceptance-3,false,acceptance,zswap_memo_statement,191,7,9,5,,,,,,100,20200.0,111647.47552748982,336.4030541847753,111020.42590861989,112336.84281611367,110620.8356597921,1952.8820829930144,3375.101363825228,111604.46438081868,107647.20394736843,127208.75765306123,0.030229983686413144
acceptance-3,false,acceptance,zswap_memo_statement,192,7,9,5,,,,,,100,20200.0,112296.38702596523,364.749885260035,111614.71542853366,113040.99818676633,111403.67334054835,3130.0160899915877,3656.287860739313,113609.94722698389,107378.5,128182.42307692308,0.032559265329648625
acceptance-3,false,acceptance,zswap_memo_statement,193,7,9,5,,,,,,100,20200.0,110936.98038617568,229.1262080195706,110508.05519515552,111402.64661958902,110222.24653846154,1266.975540947247,2300.582331824613,111028.47461282695,107393.58928571429,119613.78365384616,0.020737740686795347
acceptance-3,false,acceptance,zswap_memo_statement,194,7,9,5,,,,,,100,20200.0,119453.92735877773,761.856431082948,118012.14973262057,120989.76215525497,116600.4044117647,5818.157295665398,7630.048182021262,121946.97249224177,108696.16666666667,142906.25,0.06387440204543923
acceptance-3,false,acceptance,zswap_memo_statement,195,7,9,5,,,,,,100,20200.0,115965.71978616735,615.0416976500492,114850.1017910272,117253.24349194206,113846.8378565347,1930.3115555126694,6197.352610030597,116380.0857521797,111227.5390625,145741.89583333334,0.053441246442984015
acceptance-3,false,acceptance,zswap_memo_statement,196,7,9,5,,,,,,100,15150.0,180832.84435401988,5948.674708355848,169528.79325385773,192739.31397904438,154309.88012743928,38592.805625115536,59774.61466211818,178570.20498005024,117770.95321637427,388980.4864864865,0.3305517583138619
acceptance-3,false,acceptance,zswap_memo_statement,197,7,9,5,,,,,,100,20200.0,149874.46675753995,5153.0565262187865,140490.52353636883,160665.05415060642,129729.58799603174,14301.26319439374,51950.21581383774,128623.9865147037,114602.68253968254,414008.1111111111,0.3466248583748453
acceptance-3,false,acceptance,zswap_memo_statement,198,7,9,5,,,,,,100,20200.0,108155.3880132146,234.16555901351953,107725.41816574192,108644.42679549502,107673.47753491196,1301.6977058675207,2350.1071538613014,107673.28514038718,102445.92857142857,122396.0,0.021728988236574598
acceptance-3,false,acceptance,zswap_memo_statement,199,7,9,5,,,,,,100,20200.0,113720.53762545783,375.30859161418505,112990.4841513334,114464.80990624904,112819.50444444444,3609.2422183095023,3766.89644171283,115220.9033345648,107500.58333333333,123822.56355932204,0.033124152596949744
acceptance-3,false,acceptance,zswap_memo_statement,200,7,9,5,,,,,,100,20200.0,109154.24763446623,182.4593342380278,108810.9382773906,109524.12470067696,108636.34676870747,1344.3868374960055,1831.097685135885,109353.40496231713,106504.53260869565,118135.25,0.016775322305988785
acceptance-3,false,acceptance,zswap_memo_statement,201,7,9,5,,,,,,100,20200.0,108262.80118272762,412.85047630620693,107530.4268116173,109133.28601684215,107017.5945945946,1425.3593901059385,4144.773035393174,109729.99003398848,103410.71428571429,135188.10755813954,0.03828436905486643
acceptance-3,false,acceptance,zswap_memo_statement,202,7,9,5,,,,,,100,20200.0,142836.09876458842,6792.97805763976,131005.68582485623,157366.44074555734,122677.82062289563,6761.07079302192,68230.86490360687,123089.70948573962,115098.4375,549230.0416666666,0.47768642166613484
acceptance-3,false,acceptance,zswap_memo_statement,203,7,9,5,,,,,,100,20200.0,111541.9161211366,939.7712002951002,109831.74040552393,113489.18179442824,107775.61281250001,1042.1642146133938,9429.636369219954,108283.33430693069,106292.00268817204,147180.25,0.08453894909765754
acceptance-3,false,acceptance,zswap_memo_statement,204,7,9,5,,,,,,100,20200.0,111995.19031588455,251.45409492610534,111517.09154505111,112502.36509711611,111706.55,2209.1717711960227,2528.029475384614,112946.60911260529,107067.625,123376.71518987342,0.022572661096019027
acceptance-3,false,acceptance,zswap_memo_statement,205,7,9,5,,,,,,100,10100.0,197034.67110808415,12799.23561303207,174408.5178053149,224352.73004895414,165242.1568399453,62442.33060708603,128738.85685992725,198291.99211024088,115144.33928571429,890622.5490196078,0.6533817431009745
acceptance-3,false,acceptance,zswap_memo_statement,206,7,9,5,,,,,,100,20200.0,107126.36509197365,257.3556883699592,106674.71504258116,107678.18305121112,106698.61778846153,935.6503817509109,2583.5377637326797,107102.55485813507,103334.27272727272,124326.22727272728,0.02411673131553167
acceptance-3,false,acceptance,zswap_memo_statement,207,7,9,5,,,,,,100,20200.0,111567.71139151363,330.1397991323189,110963.08529350723,112255.17098927745,110737.6933139535,2193.476342860041,3316.1872964904805,111593.22220038422,107121.54166666667,130005.5925925926,0.029723539679444615
acceptance-3,false,acceptance,zswap_memo_statement,208,7,9,5,,,,,,100,10100.0,213740.27584992853,15028.916073510914,186394.45535727154,245102.25904439593,154189.03234693877,45445.58604331855,151581.1035323691,184973.50815427813,114520.05555555556,840870.3333333334,0.7091836245163141
acceptance-3,false,acceptance,zswap_memo_statement,209,7,9,5,,,,,,100,20200.0,110248.41407645756,692.8652204677079,109010.97451167503,111711.84852607084,107951.55684679015,1241.8733751965974,6949.9962537681495,109916.30657529186,106020.83333333333,142955.75,0.06303942158250285
acceptance-3,false,acceptance,zswap_memo_statement,210,7,9,5,,,,,,100,20200.0,107725.50345476849,207.37124323205265,107349.05031502091,108160.22819484395,107186.13077336198,934.1019259602372,2087.3588873113367,107831.23005467711,105418.75,117823.0,0.019376645458777285
acceptance-3,false,acceptance,zswap_memo_statement,211,7,9,5,,,,,,100,20200.0,107942.35088536024,226.08205302605504,107512.87590431586,108398.96959973972,107568.40538194444,1350.615995366333,2277.260301936666,107915.89152800354,101305.54166666667,117719.70454545454,0.021097004866562723
acceptance-3,false,acceptance,zswap_memo_statement,212,7,9,5,,,,,,100,20200.0,110624.35377606178,166.6919962607879,110303.45365793777,110956.16250119687,110116.28431919642,1459.4396440897642,1672.1862096581797,110864.03229569973,107795.13888888889,115029.26488095238,0.015115895845531505
acceptance-3,false,acceptance,zswap_memo_statement,213,7,9,5,,,,,,100,20200.0,116673.59905915894,889.4413652959753,115026.88166565968,118509.73930007395,113818.55690456081,3692.081960923025,8945.948719982009,114774.74371065464,107276.10344827586,153646.58035714287,0.07667500438934773
acceptance-3,false,acceptance,zswap_memo_statement,214,7,9,5,,,,,,100,20200.0,110515.52013981507,181.66696100322608,110172.98325753926,110886.49044018172,110139.45768229166,1370.011713409985,1826.1357072553985,110458.25805822373,107861.51470588235,119177.0,0.01652379416886536
acceptance-3,false,acceptance,zswap_memo_statement,215,7,9,5,,,,,,100,20200.0,114976.50053196095,1050.4920432370443,113253.67893604799,117327.12616561055,112439.69148040416,3781.8117654566313,10589.363977557237,118905.60285577064,106403.28571428571,202815.5487804878,0.09210024595081172
acceptance-3,false,acceptance,zswap_memo_statement,216,7,9,5,,,,,,100,20200.0,107582.00146279683,357.97802311596195,106969.71726678855,108358.59535631552,107063.16071428571,801.3257554469106,3593.253617578741,107302.36610979754,101661.4375,133701.38888888888,0.03340013727873739
acceptance-3,false,acceptance,zswap_memo_statement,217,7,9,5,,,,,,100,20200.0,113093.64181060548,864.3514896334228,111615.6151801827,114978.30498392017,111038.33235125036,2170.9202704358586,8712.233221519398,113412.32589035023,107079.83333333333,170385.40384615384,0.07703557054170661
acceptance-3,false,acceptance,zswap_memo_statement,218,8,10,5,,,,,,100,20200.0,110656.06982994494,226.75050497663335,110240.09820275834,111130.22283784534,110107.10420528267,1596.3220688103502,2283.008687235065,110735.96534062362,107656.25,123708.5,0.02063157213828006
acceptance-3,false,acceptance,zswap_memo_statement,219,8,10,5,,,,,,100,20200.0,109355.90035549823,260.8021641812845,108872.63757189219,109896.94295310648,108681.68786549708,2089.058747586229,2619.992944655086,109985.76505911039,106676.15555555555,124491.83762886598,0.02395840495243435
acceptance-3,false,acceptance,zswap_memo_statement,220,8,10,5,,,,,,100,20200.0,107644.49737322319,276.3190264907531,107152.52488684173,108232.47367825598,107276.75131987577,933.8833987670756,2770.3006874886187,108051.83026525787,99802.0,127114.5,0.02573564608586985
acceptance-3,false,acceptance,zswap_memo_statement,221,8,10,5,,,,,,100,20200.0,118780.73685701244,1871.1311478685973,115675.39579720779,122912.50638355418,113628.78571428571,2622.903648850815,18752.844850283167,117348.02667356288,110100.0,263619.8125,0.15787782890131194
acceptance-3,false,acceptance,zswap_memo_statement,222,8,10,5,,,,,,100,20200.0,112135.01624296639,154.50392877485916,111861.36897594848,112465.97879817481,111849.10640900195,958.5266957365936,1555.9703042957851,111873.145682725,108841.1875,123520.75,0.013875864617742742
acceptance-3,false,acceptance,zswap_memo_statement,223,8,10,5,,,,,,100,20200.0,108127.81543783107,244.39760784923624,107689.75553947396,108644.89019444173,107326.46331699347,1265.0822960624093,2454.787912298201,108485.78884291415,105609.375,122991.9375,0.022702649659185985
acceptance-3,false,acceptance,zswap_memo_statement,224,8,10,5,,,,,,100,15150.0,118454.23076542647,651.0119296611244,117242.88765477219,119785.3110070549,115903.8986415883,2289.5470163524183,6536.5012320949445,117483.25270479287,112423.50264550265,141787.96296296295,0.055181661219337125
acceptance-3,false,acceptance,zswap_memo_statement,225,8,10,5,,,,,,100,20200.0,107498.40407972902,191.59973421133935,107143.71055769315,107894.45611185482,107167.01961347112,963.1288177883429,1927.9785525695017,107219.12120215753,103919.27083333333,116632.44642857143,0.017934950468097795
acceptance-3,false,acceptance,zswap_memo_statement,226,8,10,5,,,,,,100,20200.0,109337.25507317315,349.1021453570581,108737.58683864688,110094.42282199001,108489.24269153226,1564.7382439477085,3509.195226722448,109731.12264149549,106417.14015151515,133535.8325,0.032095146566227084
acceptance-3,false,acceptance,zswap_memo_statement,227,8,10,5,,,,,,100,20200.0,110778.45863714158,411.2914381918887,109993.2122669002,111600.22474250862,109302.471875,3221.5160708180183,4137.719652022177,112891.59579134033,106028.68461538461,124656.84770114943,0.03735130189503188
acceptance-3,false,acceptance,zswap_memo_statement,228,8,10,5,,,,,,100,20200.0,107364.90471715246,185.18556147312168,107026.0731874534,107750.40898377795,106894.0,653.3968235673544,1859.7797109489932,107587.41334712575,103679.6875,115604.25,0.017322045000165473
acceptance-3,false,acceptance,zswap_memo_statement,229,8,10,5,,,,,,100,20200.0,107687.91510691587,266.7452230658509,107225.70476064405,108264.69393878824,107016.38257575757,1044.9930834591541,2677.4437850066547,108368.88913477169,104648.21428571429,125798.13421052632,0.02486299212263889
acceptance-3,false,acceptance,zswap_memo_statement,230,8,10,5,,,,,,100,20200.0,108087.26846157518,255.66483523485167,107603.28850213732,108609.22068227414,107721.36458333334,1779.9449635609478,2560.166196322172,107387.25859169499,99312.5,122114.5,0.023686103208652238
acceptance-3,false,acceptance,zswap_memo_statement,231,8,10,5,,,,,,100,20200.0,119305.452651081,559.3918307817519,118273.93686534477,120464.45244262369,118253.68838059569,3884.7672999566553,5610.5105702963465,117032.16387764149,110784.50520833333,147442.23484848486,0.0470264388225806
acceptance-3,false,acceptance,zswap_memo_statement,232,8,10,5,,,,,,100,20200.0,107292.11064660343,197.76097959120574,106924.4393809743,107699.92663889633,106874.08527517565,821.6946971767065,1994.859083053252,107475.87720925077,103193.67592592593,116510.25,0.018592784418454387
acceptance-3,false,acceptance,zswap_memo_statement,233,8,10,5,,,,,,100,15150.0,124056.19754126463,1181.3132902310178,121877.06128442152,126495.1289669976,120064.31245923028,4926.296834292528,11877.620303787728,121417.57171469386,112246.3085106383,178433.62962962964,0.09574386882071645
acceptance-3,false,acceptance,zswap_memo_statement,234,8,10,5,,,,,,100,20200.0,107842.31080518775,263.4305241341477,107384.9099685929,108412.2242204234,107398.05739795919,1171.0771353780558,2653.996980422886,107686.57460100488,103565.38888888889,127166.75,0.02460997877926792
acceptance-3,false,acceptance,zswap_memo_statement,235,8,10,5,,,,,,100,20200.0,107535.30486359134,261.23639999279897,107068.16315906464,108088.71373957726,107006.01796875,1011.5431660034308,2612.6213356646645,107634.75858578396,104282.125,122500.0,0.024295475230007278
acceptance-3,false,acceptance,zswap_memo_statement,236,8,10,5,,,,,,100,20200.0,111378.92195918385,1697.497536284264,108673.95755069147,115207.56062138098,107587.28736413043,1216.9390452643145,17037.753897020695,109471.06791340328,103687.5,250547.5,0.15297107924302217
acceptance-3,false,acceptance,zswap_memo_statement,237,8,10,5,,,,,,100,20200.0,108785.84244160942,214.47069614854195,108380.37188129901,109216.19407026481,108138.52507541477,1706.1876340190518,2162.498122792843,108449.302853554,104718.75,117355.97826086957,0.019878488544624356
acceptance-3,false,acceptance,zswap_memo_statement,238,8,10,5,,,,,,100,20200.0,115741.35359341909,553.7817771329029,114684.3379813942,116856.50773961961,114206.84710144927,4593.805761300782,5589.4708043721275,115289.82060070932,107967.29569892473,137289.72674418605,0.04829277203727068
acceptance-3,false,acceptance,zswap_memo_statement,239,8,10,5,,,,,,100,20200.0,109380.17072102007,794.66910754239,108190.19111725719,111204.49181083801,107578.13019448137,872.7084185109221,7970.28298765748,108155.09628638983,105797.79411764706,181122.625,0.07286771391119977
acceptance-3,false,acceptance,zswap_memo_statement,240,8,10,5,,,,,,100,20200.0,121173.4310997414,1016.540167374943,119257.74569539024,123236.67255421665,117878.10795454546,6930.058903259969,10178.443249842472,118521.67521723067,109235.10714285714,157539.6,0.08399896872990496
acceptance-3,false,acceptance,zswap_memo_statement,241,8,10,5,,,,,,100,20200.0,111988.29312243834,540.5183487918937,111051.1653276574,113160.80522146585,110659.63602941176,1277.2010914380521,5434.229494168032,111467.65317718338,107953.90159574468,143516.33522727274,0.04852497830489044
acceptance-3,false,acceptance,zswap_memo_statement,242,8,10,5,,,,,,100,20200.0,112479.3527103667,406.68548863863447,111756.90456194287,113346.20088301855,111597.44402679059,1851.0700823259056,4068.0061871809357,112230.12736072115,108422.45,136811.75510204083,0.03616669272320596
acceptance-3,false,acceptance,zswap_memo_statement,243,8,10,5,,,,,,100,20200.0,107727.66451896947,224.46475515195507,107337.06955488904,108213.42200600904,107307.70596590909,1085.633630157958,2246.4276873503427,107507.23854514556,104613.92021276595,123375.76851851853,0.020852839401849052
acceptance-3,false,acceptance,zswap_memo_statement,244,8,10,5,,,,,,100,20200.0,107909.26259931401,260.4446721455691,107437.9873378765,108455.74529934705,107370.80333333334,1210.6262747570893,2617.6269296144123,107714.93256612975,103666.66509433962,122598.875,0.024257666733708667
acceptance-3,false,acceptance,zswap_memo_statement,245,8,10,5,,,,,,100,20200.0,109083.29161460057,345.1322063125871,108473.25352759314,109817.75635342649,108039.76666666666,1650.693388446173,3472.2146760506166,109221.1183308704,105500.0,133265.625,0.03183085717946806
acceptance-3,false,acceptance,zswap_memo_statement,246,8,10,5,,,,,,100,20200.0,107559.97181401326,220.3928785739959,107154.80932591554,108020.22222198438,107035.89406250001,944.2067291230637,2216.0306086402043,107640.88954485001,103947.92105263157,118182.29464285714,0.020602744415664606
acceptance-3,false,acceptance,zswap_memo_statement,247,8,10,5,,,,,,100,20200.0,118711.93198143938,1345.726837746618,116307.80599246341,121560.29391473407,113990.30295289855,6053.527426921237,13488.948296577195,121844.58703561401,107809.08333333333,206816.14583333334,0.11362756945684443
acceptance-3,false,acceptance,zswap_memo_statement,248,8,10,5,,,,,,100,20200.0,107805.06646617161,280.64681271846433,107315.72170320143,108407.70020392508,107108.12833333333,1089.2908906125285,2832.1591147356007,107699.07241983153,103852.4375,128423.95833333333,0.026271113293402683
acceptance-3,false,acceptance,zswap_memo_statement,249,9,11,6,,,,,,100,20200.0,119874.80036452586,453.92256618354827,119095.3629049712,120864.0589678424,118714.20238095238,1592.430406103707,4573.959289613336,120389.48875868184,116012.73148148147,154502.14102564103,0.038156136867001554
acceptance-3,false,acceptance,zswap_memo_statement,250,9,11,6,,,,,,100,20200.0,118430.66923183145,256.5073056055243,117953.92636067864,118958.6242887187,117970.22969771242,910.8514350388299,2571.466551506427,118734.7574471701,113019.88636363637,129968.75,0.0217128432034164
acceptance-3,false,acceptance,zswap_memo_statement,251,9,11,6,,,,,,100,20200.0,126469.60193190366,455.01329551771465,125614.49630143229,127389.57357920325,126012.16941391942,3234.1845491606928,4574.703491702453,125562.75219299542,119717.66666666667,145060.91101694916,0.03617235621699559
acceptance-3,false,acceptance,zswap_memo_statement,252,9,11,6,,,,,,100,20200.0,124494.39013074798,415.43506954524634,123741.19404399101,125373.59523083828,124179.80787037036,2698.5431827364405,4169.47217454269,126205.71048322743,116997.925,151838.41860465117,0.03349124543012562
acceptance-3,false,acceptance,zswap_memo_statement,253,9,11,6,,,,,,100,20200.0,144752.95421752593,2338.7981937263826,140621.87255656486,149729.56638517484,137940.3329548171,9718.929303947498,23439.299810784647,142054.46907861682,124521.0,291481.3333333333,0.16192622760266084
acceptance-3,false,acceptance,zswap_memo_statement,254,9,11,6,,,,,,100,20200.0,117905.14726573812,226.6321590804828,117470.09493496653,118357.16468979462,117666.48214285714,936.5456732686329,2274.3214859981854,118146.71823112162,109621.58333333333,129031.25,0.01928941643974416
acceptance-3,false,acceptance,zswap_memo_statement,255,9,11,6,,,,,,100,20200.0,121949.78615017809,204.74748967122943,121567.16356588376,122368.974742335,121474.65060208866,1687.997148522043,2059.642876171377,121529.18173784543,119147.58333333333,131802.25,0.016889270093798925
acceptance-3,false,acceptance,zswap_memo_statement,256,9,11,6,,,,,,100,20200.0,121605.64973593755,568.9699209942839,120590.13814628885,122813.63141080893,119874.51494565218,1421.733116735731,5714.031574606697,120064.27930028077,117651.42631578947,155814.25,0.046988208089134995
acceptance-3,false,acceptance,zswap_memo_statement,257,9,11,6,,,,,,100,20200.0,124003.82781806808,366.54168551465625,123301.70859574791,124738.21601356458,122546.14400584795,2955.3340871649993,3679.782837228848,122260.21852371804,119537.27631578948,133270.8125,0.029674751997395055
acceptance-3,false,acceptance,zswap_memo_statement,258,9,11,6,,,,,,100,15150.0,128103.3457058416,647.2074862917199,126951.33999123878,129477.30700090794,126331.73039215687,2136.317000753632,6491.462022337561,127409.74421063002,121819.5,168867.52136752137,0.05067363374914217
acceptance-3,false,acceptance,zswap_memo_statement,259,9,11,6,,,,,,100,10100.0,240614.8545594609,13456.477310816967,215573.55476940426,268056.74153512705,185302.44568822556,80459.88593960172,134965.96871530285,277760.09083050094,122545.83333333333,853715.5172413794,0.5609211823701017
acceptance-3,false,acceptance,zswap_memo_statement,260,9,11,6,,,,,,100,20200.0,121382.78883354666,422.405945899321,120577.05215010776,122228.1094620446,119496.37537202382,2963.224185189776,4250.3577978123685,119226.41962169351,116403.33333333333,132188.40217391305,0.03501614881860165
acceptance-3,false,acceptance,zswap_memo_statement,261,9,11,6,,,,,,100,20200.0,118536.59394497536,267.37349829860193,118054.03500044686,119098.48402972212,117968.97013403263,888.4857076163744,2696.358646481204,118629.45576621841,113859.86363636363,133218.75,0.022747056893948313
acceptance-3,false,acceptance,zswap_memo_statement,262,9,11,6,,,,,,100,20200.0,126816.36867583035,470.74944385165287,126002.01132229816,127831.24111945379,125697.1771978022,1722.974160370606,4716.992835496906,126901.16390941333,122772.35,156162.94642857142,0.03719545737470645
acceptance-3,false,acceptance,zswap_memo_statement,263,9,11,6,,,,,,100,20200.0,121387.76255464452,756.8744330301639,120195.69533883418,123099.74105477384,119585.12006578947,2701.325513258184,7587.335700300928,121226.01391236884,116389.6,187746.54166666666,0.0625049472914156
acceptance-3,false,acceptance,zswap_memo_statement,264,9,11,6,,,,,,100,15150.0,131775.85482667916,1698.4356957074099,129204.52093634846,135650.92012590842,128856.25833333333,7129.953412751347,17126.517281382527,132204.27430175853,120351.60144927536,287188.89019607846,0.129967036100115
acceptance-3,false,acceptance,zswap_memo_statement,265,9,11,6,,,,,,100,20200.0,122356.53079963307,474.14540158401815,121535.88906160493,123383.77249616981,121066.99660879001,1456.426374236544,4760.860232460725,122727.64719447317,118378.41666666667,154537.8033707865,0.03890973535574451
acceptance-3,false,acceptance,zswap_memo_statement,266,9,11,6,,,,,,100,20200.0,123150.32413519025,778.7156988899276,121888.49857665705,124893.57355279576,122124.77327739829,3183.6919453562755,7830.564429651409,125232.27252475248,116694.45833333333,189937.6544117647,0.0635854146924963
acceptance-3,false,acceptance,zswap_memo_statement,267,9,11,6,,,,,,100,20200.0,121943.44573040472,222.88863445417067,121517.76695640942,122393.43760820359,121423.93103448275,950.5316588737302,2235.9667558320543,121836.55627530663,113770.875,129614.75,0.018336096232473037
acceptance-3,false,acceptance,zswap_memo_statement,268,9,11,6,,,,,,100,20200.0,119202.48762842301,333.4515449034962,118608.84617475442,119907.93766041263,118604.26785714286,1633.6480565982167,3345.903251289637,119205.8455541599,114333.56666666667,138307.72395833334,0.028069072364659522
acceptance-3,false,acceptance,zswap_memo_statement,269,9,11,6,,,,,,100,20200.0,122331.25775996287,414.8701410634866,121582.15924515031,123207.47449243626,120981.2869949495,2301.4768050455514,4184.368720475273,122832.27000221664,118233.07102272728,148743.31315789474,0.034205229285599256
acceptance-3,false,acceptance,zswap_memo_statement,270,9,11,6,,,,,,100,20200.0,122338.71936240814,266.95797015767397,121840.667528477,122884.63876534443,121917.36739946705,2269.132363502725,2686.1827475391547,122671.91558371509,116593.75,135603.25438596492,0.02195693041041066
acceptance-3,false,acceptance,zswap_memo_statement,271,9,11,6,,,,,,100,15150.0,132999.0771392147,1673.9779667724924,130087.72884797049,136622.6666177725,128953.12387387388,3741.453906415435,16851.0577128373,131554.210799468,122569.44444444444,238991.3125,0.1267005612016294
acceptance-3,false,acceptance,zswap_memo_statement,272,9,11,6,,,,,,100,20200.0,118668.14338135245,236.60115297327698,118243.90582802413,119167.46373452908,118225.5143678161,1000.0106355200732,2376.713766116441,118574.95553790453,113875.0,131760.6534090909,0.020028237557223962
acceptance-3,false,acceptance,zswap_memo_statement,273,9,11,6,,,,,,100,20200.0,119959.0430616253,399.6979850600154,119212.24152789905,120773.71161078612,118581.67035225048,1574.0008721183995,4021.399304875322,121438.02658859169,112354.16666666667,135795.51630434784,0.0335231025710121
acceptance-3,false,acceptance,zswap_memo_statement,274,9,11,6,,,,,,100,20200.0,119201.9221225521,411.00305494935094,118482.91693430957,120087.75326542858,118400.89523809524,1335.7588023698788,4137.5458116428135,118566.32026969115,114549.55303030302,146854.1875,0.03471039508397341
acceptance-3,false,acceptance,zswap_memo_statement,275,9,11,6,,,,,,100,20200.0,138586.96336094112,1873.4941361782248,135258.0349365876,142535.50293758913,133316.33887711866,8203.149207802493,18779.957141193387,142175.7934335747,123356.30882352941,233070.6857142857,0.13551027229222243
acceptance-3,false,acceptance,zswap_memo_statement,276,9,11,6,,,,,,100,20200.0,127591.41160974068,645.7284203499831,126401.38124000841,128928.62994184173,125680.41413373861,4273.5779807480685,6499.088039607474,128760.5759243387,119770.1875,160641.20833333334,0.050936720251093415
acceptance-3,false,acceptance,zswap_memo_statement,277,9,11,6,,,,,,100,20200.0,127583.89485221356,1119.1010804529005,125563.28121611066,129934.459399674,124149.85356430708,4371.287691818697,11218.58907954054,124146.24032067385,117196.20833333333,183911.9875,0.08793107541148168
acceptance-3,false,acceptance,zswap_memo_statement,278,9,11,6,,,,,,100,20200.0,149822.70509204545,3676.850306411452,143396.1784485857,157744.5901697386,140601.1533564815,13018.358652055313,36837.81968781649,161641.44821191076,119680.55952380953,401099.5244565217,0.24587608176734438
acceptance-3,false,acceptance,zswap_memo_statement,279,9,11,6,,,,,,100,20200.0,121334.95260463668,238.92443449985439,120882.67797427534,121818.62371565735,120884.92829153605,2102.9106459037544,2397.453162911302,121097.01659228609,118163.75,129743.91666666667,0.019758965668559433
acceptance-3,false,acceptance,zswap_memo_statement,280,10,12,6,,,,,,100,20200.0,129815.03510911518,624.0132332410737,128775.43029924366,131197.81871281564,128747.43745727956,3856.0514784724696,6269.341314817063,129823.1420474361,123142.36111111111,181069.88636363635,0.04829441604778221
acceptance-3,false,acceptance,zswap_memo_statement,281,10,12,6,,,,,,100,20200.0,124810.6790606175,723.1422332726806,123485.91459669707,126307.85423934535,122192.23376623377,2395.9443975496943,7264.332493368484,122900.80456406089,119091.44444444444,155918.40625,0.05820281203534174
acceptance-3,false,acceptance,zswap_memo_statement,282,10,12,6,,,,,,100,20200.0,128593.40514835037,970.0130349447055,126857.79436263043,130640.68598761139,126503.86467297762,4216.498203111954,9755.334859321385,128403.14980345796,117675.0,187700.5744680851,0.07586185969698252
acceptance-3,false,acceptance,zswap_memo_statement,283,10,12,6,,,,,,100,15150.0,129298.0119888448,870.3326616721267,127819.4481951267,131190.72340007045,127344.69011882426,2880.8085353916777,8776.997632337525,127784.77998620758,121968.4303030303,191694.42857142858,0.06788192252402737
acceptance-3,false,acceptance,zswap_memo_statement,284,10,12,6,,,,,,100,20200.0,121606.75078467268,1123.5625741105919,119577.78046915586,123966.13409121755,118230.4713235294,1039.5071658097493,11301.038487179763,117990.91649918724,114904.35227272728,167058.5,0.09293101258161522
acceptance-3,false,acceptance,zswap_memo_statement,285,10,12,6,,,,,,100,20200.0,118300.38288948667,244.44152780382612,117862.65983597291,118821.58515871572,117791.99140625,864.0496123163109,2455.3832935760693,118338.0587158268,113084.71666666666,133656.25,0.020755497434609558
acceptance-3,false,acceptance,zswap_memo_statement,286,10,12,6,,,,,,100,20200.0,118842.81239557412,275.0089797143073,118331.34121713825,119410.52965288673,118165.24005681818,1214.5581542799862,2763.034381624285,118805.41747524752,114358.9375,131166.75,0.02324948666165346
acceptance-3,false,acceptance,zswap_memo_statement,287,10,12,6,,,,,,100,20200.0,123044.175886088,512.9375343297561,122063.81530484391,124066.5438834096,121403.76587301587,4558.88256215143,5134.941613630245,125467.6873880597,117180.28846153847,136467.49175824175,0.04173250441682082
acceptance-3,false,acceptance,zswap_memo_statement,288,10,12,6,,,,,,100,20200.0,118128.5193844579,174.61613450524817,117808.18368319345,118492.155759259,117855.02373417722,806.0896056890444,1758.4570088367025,118438.54659671937,114249.475,127770.75,0.014885965031980766
acceptance-3,false,acceptance,zswap_memo_statement,289,10,12,6,,,,,,100,20200.0,127347.06262148666,1298.6617404690066,125014.74653354057,130094.61708477675,124379.52302631579,9051.97729019897,13036.683154554135,132972.96116816904,112987.83333333333,212326.80084745763,0.10237129059900686
acceptance-3,false,acceptance,zswap_memo_statement,290,10,12,6,,,,,,100,20200.0,122182.49293290637,199.39118104605996,121808.65245082071,122588.03600582005,121914.4418931584,1747.6439808152247,2002.8534807064627,121820.44505319935,118083.33333333333,132270.75,0.016392311473021608
acceptance-3,false,acceptance,zswap_memo_statement,291,10,12,6,,,,,,100,20200.0,123360.7148939955,339.4577265964642,122713.44158167587,124046.07055615487,122545.53677884616,3008.478384127852,3403.986132611711,122906.26392640757,119093.75,136623.83333333334,0.027593761397514387
acceptance-3,false,acceptance,zswap_memo_statement,292,10,12,6,,,,,,100,20200.0,123568.80200989841,585.1701858462429,122544.48796126887,124821.7223804316,121915.47246588694,2913.1856856061922,5850.563041826965,122110.93400694548,119106.02397260274,165255.20833333334,0.04734660324179811
acceptance-3,false,acceptance,zswap_memo_statement,293,10,12,6,,,,,,100,20200.0,126125.64011913542,379.9851481848418,125497.38666076695,126973.05973749803,125612.74067982455,2134.5965303078124,3812.142177305261,125762.87070341363,121570.25581395348,157678.0,0.030224958015708764
acceptance-3,false,acceptance,zswap_memo_statement,294,10,12,6,,,,,,100,20200.0,121565.36835741859,341.98530641063553,120936.57195554122,122277.1378856559,120870.90511363637,2297.63291443614,3423.0444885863562,120880.4603044185,117484.375,138858.51041666666,0.028158056318491494
acceptance-3,false,acceptance,zswap_memo_statement,295,10,12,6,,,,,,100,20200.0,125041.14660796066,477.4143543648445,124158.14767003657,126028.51610556328,124037.70261578045,2857.4262183778815,4784.718661918343,126082.17239840401,119484.375,149589.6,0.038265153445207825
acceptance-3,false,acceptance,zswap_memo_statement,296,10,12,6,,,,,,100,20200.0,118300.7076066109,294.24638091618954,117814.51605483849,118953.462454639,117694.27083333334,980.6748562737524,2961.876864561217,117929.85950864489,115415.51388888889,142018.02884615384,0.025036848252932183
acceptance-3,false,acceptance,zswap_memo_statement,297,10,12,6,,,,,,100,10100.0,296752.09411582426,20129.2954943414,259505.43653576708,338169.5401758332,224495.5625,116642.8179057803,202573.74206623266,251276.8848455741,124187.5,1111317.625,0.6826362680600556
acceptance-3,false,acceptance,zswap_memo_statement,298,10,12,6,,,,,,100,20200.0,122774.96704055017,480.7302932848195,121910.26973186257,123785.24834750817,121432.14618396448,1989.596856495778,4827.994794053039,122774.29160632481,117220.03125,150186.6511627907,0.039323934759912804
acceptance-3,false,acceptance,zswap_memo_statement,299,10,12,6,,,,,,100,20200.0,127801.49397388015,1541.8973846988313,125202.77116778331,131191.44164788644,123196.30968468469,4623.147019922729,15495.51644904582,134472.23068568052,118716.30882352941,244695.34411764707,0.12124675516088072
acceptance-3,false,acceptance,zswap_memo_statement,300,10,12,6,,,,,,100,20200.0,123329.25861815951,425.6852678665409,122578.81410250536,124239.83359213095,122302.18349358975,2139.9433370172687,4269.608270909542,123693.42373060441,119484.95370370371,152202.52368421052,0.03461958920979735
acceptance-3,false,acceptance,zswap_memo_statement,301,10,12,6,,,,,,100,20200.0,125883.49081871964,659.3472855228356,124663.91071290265,127238.79654027082,124053.52541998232,3020.09206904844,6616.503678519487,125873.11563248116,117968.75,156245.15,0.05256053542436061
acceptance-3,false,acceptance,zswap_memo_statement,302,10,12,6,,,,,,100,20200.0,120090.47249143518,666.4402934455211,118920.1649297929,121519.2043046606,118086.03685897436,1068.2912352007088,6727.441974112888,118786.20454263336,116282.84615384616,163299.10714285713,0.056019781041270256
acceptance-3,false,acceptance,zswap_memo_statement,303,10,12,6,,,,,,100,20200.0,122865.98013553806,373.7470204074786,122182.27697107318,123647.98770302917,121464.10334507043,1878.2372362584624,3750.3598516383095,122979.78059332052,119133.11111111111,141933.0357142857,0.03052398920759959
acceptance-3,false,acceptance,zswap_memo_statement,304,10,12,6,,,,,,100,20200.0,134062.848776505,1138.7468491316065,131917.35286262157,136374.34220564167,132667.25430216803,9366.157277637938,11441.454348552463,138297.4592914142,119530.08333333333,184935.25,0.085343959590374
acceptance-3,false,acceptance,zswap_memo_statement,305,10,12,6,,,,,,100,20200.0,118464.49622343095,241.9530662058534,118037.00938886579,118983.26129727317,117962.38983957219,787.9396256640076,2431.254479088783,118591.22631003399,115850.6170212766,133445.56451612903,0.020523064349197883
acceptance-3,false,acceptance,zswap_memo_statement,306,10,12,6,,,,,,100,20200.0,119609.77375043383,330.8222598957986,119001.22684489124,120296.92290545361,118670.38839285714,1634.9153924229545,3328.501148089426,119733.38098788237,114078.51923076923,134333.5,0.027828003044586925
acceptance-3,false,acceptance,zswap_memo_statement,307,10,12,6,,,,,,100,20200.0,119925.14105883837,325.25190417689686,119361.28144770623,120629.43675046435,119390.85534398034,1743.1817450523406,3275.0258757340507,120530.94874981527,115083.75,144278.33823529413,0.027308918270333646
acceptance-3,false,acceptance,zswap_memo_statement,308,10,12,6,,,,,,100,20200.0,118773.60790368327,278.436308603569,118282.0333321408,119369.86887679294,118183.88026094277,932.7658760326922,2801.946344187257,119010.05129673415,115107.5,137395.1796875,0.023590647734296588
acceptance-3,false,acceptance,zswap_memo_statement,309,10,12,6,,,,,,100,20200.0,123995.10884844146,433.1143892714284,123186.03603364112,124882.66381650732,122580.87425889328,2731.079324623823,4351.106446768665,123460.56812472292,117309.0,146867.9642857143,0.035090952273665876
acceptance-3,false,acceptance,zswap_memo_statement,310,10,12,6,,,,,,100,20200.0,128418.49445014511,486.00248502836615,127528.90219417846,129430.07384313983,127316.0383812616,3039.9491216070355,4889.54622853812,127545.24205851929,122754.175,155457.03125,0.03807509385212696
acceptance-3,false,acceptance,zswap_memo_statement,311,11,13,7,,,,,,100,15150.0,138728.3539281189,859.7286910236722,137127.72221737477,140495.31044826767,136005.5345210345,6831.133305164457,8680.340395687896,143070.14515935176,127204.875,181846.94276094277,0.06257077338483777
acceptance-3,false,acceptance,zswap_memo_statement,312,11,13,7,,,,,,100,20200.0,129651.7108338042,229.63945596516808,129245.67432197212,130140.11418247921,129155.83888888889,1456.2107304160256,2298.94060150725,129509.4476666174,127060.06666666667,145937.5,0.017731664215786386
acceptance-3,false,acceptance,zswap_memo_statement,313,11,13,7,,,,,,100,20200.0,130453.9206276169,440.9706685601558,129630.11760350736,131355.1638279479,129336.00203252032,1865.0671482007965,4416.2922071645235,130384.79974656421,118937.5,147247.69444444444,0.03385327313980015
acceptance-3,false,acceptance,zswap_memo_statement,314,11,13,7,,,,,,100,20200.0,129229.68122778925,390.37422880327915,128546.64280205146,130069.89784258959,128587.31693245779,929.119341751533,3925.2639182317453,128872.55446652875,120859.375,156468.75,0.03037432175749781
acceptance-3,false,acceptance,zswap_memo_statement,315,11,13,7,,,,,,100,15150.0,137881.88528051166,735.7922436748527,136576.19698252794,139447.02016902785,135927.8869785419,2175.102465507291,7396.033661755021,137254.20544603714,130614.58333333333,173140.88095238095,0.05364035780848423
acceptance-3,false,acceptance,zswap_memo_statement,316,11,13,7,,,,,,100,15150.0,141770.60717815362,1080.36371655821,139864.40477019528,144088.4704744872,138569.2946031746,3363.6529553200503,10822.331974189796,146560.91944337718,132174.75,207906.74603174604,0.076336923355277
acceptance-3,false,acceptance,zswap_memo_statement,317,11,13,7,,,,,,100,15150.0,136189.45035125277,1096.823794769178,134341.9870194659,138594.15161089497,133771.84076707606,3334.7294499803656,11027.290349053897,139298.13840993054,128795.16666666667,215757.96568627452,0.08097022435007177
acceptance-3,false,acceptance,zswap_memo_statement,318,11,13,7,,,,,,100,15150.0,132850.88024244082,279.7651279349324,132333.03849980625,133428.743719775,132150.55525616993,1601.236916964272,2804.4554572258753,132957.11570267475,129085.04166666667,146573.80952380953,0.021109799589645158
acceptance-3,false,acceptance,zswap_memo_statement,319,11,13,7,,,,,,100,15150.0,134951.221969455,397.8489239648588,134221.35125248975,135780.1268871929,133917.3076923077,2359.235977852027,3981.1137533113297,135502.25570563026,128017.69696969698,156878.85802469135,0.029500390550093868
acceptance-3,false,acceptance,zswap_memo_statement,320,11,13,7,,,,,,100,20200.0,130462.32565453829,534.8158198314062,129553.6026276195,131631.60731203624,129095.02832664402,1221.5824012878604,5368.325018651828,128987.70133811142,123899.5,171537.2142857143,0.041148469427618885
acceptance-3,false,acceptance,zswap_memo_statement,321,11,13,7,,,,,,100,15150.0,135217.338045923,443.25740261405963,134434.84370640395,136167.04711711375,134304.2393162393,2198.1558988175325,4452.413013232299,136780.93483769274,131004.40650406505,163468.56578947368,0.032927826250507566
acceptance-3,false,acceptance,zswap_memo_statement,322,11,13,7,,,,,,100,15150.0,142629.52224353282,1531.6588804587536,139861.96692324523,145847.9484071602,137703.15277777778,4500.212691997925,15377.087510188943,147942.90451504852,131760.06280193236,222447.06666666668,0.10781139323970623
acceptance-3,false,acceptance,zswap_memo_statement,323,11,13,7,,,,,,100,20200.0,129073.69414581876,256.73764744078875,128621.5605953504,129621.31014160711,128587.13116638796,779.4497176678253,2589.0699820866002,128720.50551795478,125872.52380952382,145978.53787878787,0.02005885086981119
acceptance-3,false,acceptance,zswap_memo_statement,324,11,13,7,,,,,,100,15150.0,137093.88595573095,1646.0173736500267,134956.2998354802,140752.14509869803,134919.52874692873,2695.4427938489493,16578.83445151883,138827.9665188907,128965.33333333333,297436.11282051285,0.12093051660139176
acceptance-3,false,acceptance,zswap_memo_statement,325,11,13,7,,,,,,100,15150.0,134733.53000148965,514.9548069181307,133808.8223077444,135819.80091495428,133203.7037037037,2164.953701068258,5159.520575433013,135343.757439535,129546.33333333333,165380.4347826087,0.03829425812101834
acceptance-3,false,acceptance,zswap_memo_statement,326,11,13,7,,,,,,100,10100.0,407654.4017405146,29336.765912011524,353268.0389308411,467996.06946951634,299199.2617872807,151289.81844051808,294601.19498938957,431531.27642234374,143305.5,1733154.6742424243,0.7226738966427569
acceptance-3,false,acceptance,zswap_memo_statement,327,11,13,7,,,,,,100,20200.0,128344.05777812077,223.8534484749967,127969.0225174583,128840.95227540172,128269.70575874603,716.0888591332144,2263.540091789569,128305.97672823998,122604.16176470589,147239.5,0.017636500909942728
acceptance-3,false,acceptance,zswap_memo_statement,328,11,13,7,,,,,,100,15150.0,134065.70065797213,437.5403291333444,133248.4895592833,134967.6354428757,132722.4837121212,2408.7508510822954,4397.641614544066,133090.49107334614,128408.96296296296,150372.2,0.03280213800368904
acceptance-3,false,acceptance,zswap_memo_statement,329,11,13,7,,,,,,100,15150.0,139563.06961129382,852.8384790750059,138090.9625119868,141412.80986065476,137701.87797619047,2957.6496697134353,8580.150512046073,140752.75909167036,131668.375,201422.59016393442,0.061478660049131974
acceptance-3,false,acceptance,zswap_memo_statement,330,11,13,7,,,,,,100,15150.0,133202.74568140623,268.88309439522226,132696.11724202914,133748.3336238413,132657.83460693897,1714.7935226454795,2696.833824935909,134102.57833308703,128704.38095238095,146408.1894736842,0.020246082850170256
acceptance-3,false,acceptance,zswap_memo_statement,331,11,13,7,,,,,,100,15150.0,133991.090334954,391.6918751274857,133252.3410037167,134786.14441812478,133208.39226190475,2424.88366203139,3930.56194195786,133087.30875818926,127889.45578231293,149128.3260869565,0.029334502257815438
acceptance-3,false,acceptance,zswap_memo_statement,332,11,13,7,,,,,,100,10100.0,302463.5950037434,17878.507278613648,269192.22952471237,339182.8066592088,242847.43546875002,113830.69118801577,179819.01950868824,264771.5105009605,138436.55303030304,1150839.6,0.5945145878017575
acceptance-3,false,acceptance,zswap_memo_statement,333,11,13,7,,,,,,100,20200.0,129203.59924877915,258.15399604615396,128755.643809776,129761.015051658,128735.21077302631,867.4061690741532,2582.705657788062,129449.38859760603,124704.4375,146311.54545454544,0.019989425006768657
acceptance-3,false,acceptance,zswap_memo_statement,334,11,13,7,,,,,,100,15150.0,134310.22512042866,369.7611417770383,133612.6452013928,135059.40033862664,133508.18844367017,2675.9260959860953,3714.3715926463956,134143.28149943353,128550.26984126984,147423.6091954023,0.027655166159657026
acceptance-3,false,acceptance,zswap_memo_statement,335,11,13,7,,,,,,100,15150.0,139354.554850739,446.2197026233404,138502.6397019725,140248.54920504522,138676.19725691347,3460.2458707086753,4484.085098252384,139245.55334022956,130229.16666666667,155709.88888888888,0.03217752805464619
acceptance-3,false,acceptance,zswap_memo_statement,336,11,13,7,,,,,,100,20200.0,132239.47290087966,764.0726160444613,130880.57801698409,133864.76702992336,129915.61681172697,1926.5942954277407,7660.812984949755,133239.0576267179,126979.16666666667,173943.82142857142,0.05793136358530355
acceptance-3,false,acceptance,zswap_memo_statement,337,11,13,7,,,,,,100,10100.0,336602.9711715376,25601.86113938202,289982.59971091995,390738.2452061218,262784.7098214286,132135.9858900439,257436.93551969473,343185.09579134034,137500.0,1627701.923076923,0.7648088625709167
acceptance-3,false,acceptance,zswap_memo_statement,338,11,13,7,,,,,,100,20200.0,129228.6663364671,205.09555425574595,128860.42393600366,129662.10878420243,128703.46272819472,949.6919514700403,2062.447675132166,128873.25612531403,126945.62804878049,142083.25,0.015959676235938705
acceptance-3,false,acceptance,zswap_memo_statement,339,11,13,7,,,,,,100,20200.0,130643.94001421517,531.4861809165641,129728.85600499644,131797.4799675027,129298.53252103787,1934.0984693099535,5327.453794636898,129073.75648736516,125771.6119402985,169721.5,0.040778422589346476
acceptance-3,false,acceptance,zswap_memo_statement,340,11,13,7,,,,,,100,15150.0,138987.25232658003,1076.2297861642144,137067.01403695173,141267.96663721415,136014.4927248677,4284.785460579932,10799.682573646667,141497.81609969953,127870.38888888889,205199.34509803922,0.07770268418768739
acceptance-3,false,acceptance,zswap_memo_statement,341,11,13,7,,,,,,100,15150.0,134332.6694769811,363.0370260006763,133652.3691956226,135075.66426091667,133747.29706257983,2987.6097117190675,3665.9644790221328,135465.84754347077,129666.66666666667,151535.02415458937,0.027290193020770147
acceptance-3,false,acceptance,zswap_memo_statement,342,12,14,7,,,,,,100,15150.0,138707.24023897824,563.9831655196384,137774.0647757479,139964.89995144145,137513.29375951295,2362.0375917723427,5645.430250864863,138651.97351756072,132605.19047619047,185011.17886178862,0.04070032855630586
acceptance-3,false,acceptance,zswap_memo_statement,343,12,14,7,,,,,,100,15150.0,133103.26243092938,304.102287285872,132547.16324668564,133737.48717428592,132206.64272030653,1590.541599011656,3059.7734610420407,132598.61052164919,129951.38095238095,148857.80952380953,0.022987967425891112
acceptance-3,false,acceptance,zswap_memo_statement,344,12,14,7,,,,,,100,20200.0,128995.05254137052,204.43154759160228,128605.19439241417,129406.74768446737,128750.58811327562,1201.7627524523275,2057.3592109757833,129538.74075144081,122046.875,138203.57407407407,0.015949132702713226
acceptance-3,false,acceptance,zswap_memo_statement,345,12,14,7,,,,,,100,15150.0,134133.90973209654,370.4504160896365,133456.33918047752,134903.29331887196,133073.47532299743,1456.5720991250125,3732.6603874083903,133996.62629624156,129248.01587301587,151536.45833333334,0.027827865413478006
acceptance-3,false,acceptance,zswap_memo_statement,346,12,14,7,,,,,,100,15150.0,134520.0961270048,361.3111341111759,133863.3563079147,135274.0993333128,133968.07901709402,2383.723033859942,3644.972994291143,134582.59600610807,129505.20833333333,158275.44444444444,0.027096122432516
acceptance-3,false,acceptance,zswap_memo_statement,347,12,14,7,,,,,,100,20200.0,129514.3071324263,213.55508161929043,129113.96157453074,129950.93437874407,128936.20745614036,932.4931268538738,2142.528020793649,129281.07512043741,124142.7794117647,139041.5,0.01654279027723901
acceptance-3,false,acceptance,zswap_memo_statement,348,12,14,7,,,,,,100,15150.0,138397.93451378064,1013.7299769296447,136640.33597708523,140586.7889316292,135904.3267667292,3774.0014473508077,10205.485307813364,137874.56078616818,130925.56410256411,205794.7513227513,0.07374015619284532
acceptance-3,false,acceptance,zswap_memo_statement,349,12,14,7,,,,,,100,10100.0,332472.4232314065,28087.521142339803,282249.89079987095,392115.8116836866,241098.0715116279,120332.97021310718,283996.319421981,376352.1441126053,142559.890625,1951437.5,0.8541951138735939
acceptance-3,false,acceptance,zswap_memo_statement,350,12,14,7,,,,,,100,15150.0,147627.06094440425,1415.3757302560948,145072.16223223315,150598.0535235821,142746.27320675107,6786.072949719023,14226.392144127518,147046.79752623022,134113.47517730496,236393.8245614035,0.09636710270541197
acceptance-3,false,acceptance,zswap_memo_statement,351,12,14,7,,,,,,100,20200.0,130696.64601889189,299.8476488933055,130130.00129675861,131302.78654784712,129578.68180443549,1856.6391477941165,3008.325328704554,131162.71269543373,127437.9375,140358.69191919192,0.023017616904030636
acceptance-3,false,acceptance,zswap_memo_statement,352,12,14,7,,,,,,100,15150.0,143039.28532103545,1035.136823411538,141079.72532328934,145134.63382859257,140032.21779859485,7608.433403618945,10402.342276685928,142757.76733559923,127614.58333333333,185974.71144278607,0.07272367345333872
acceptance-3,false,acceptance,zswap_memo_statement,353,12,14,7,,,,,,100,15150.0,137481.5015888178,614.9156453530941,136343.71924167057,138755.16389119136,136770.53838383837,4750.105960364846,6162.105170314951,136319.04809910842,130208.10382513661,170373.5294117647,0.04482134031925755
acceptance-3,false,acceptance,zswap_memo_statement,354,12,14,7,,,,,,100,20200.0,138346.84033297273,654.5907503690587,137122.96030159865,139683.96229972524,137204.9533302064,5100.487450624157,6575.13397153026,136705.109028373,128675.4609375,169648.08783783784,0.047526448422712426
acceptance-3,false,acceptance,zswap_memo_statement,355,12,14,7,,,,,,100,20200.0,130132.08172209942,568.2676216135147,129156.83562961363,131378.06335475287,129079.81129807692,1531.9125359600057,5702.242312715607,129262.25957144969,121822.9,169777.57352941178,0.04381888184108896
acceptance-3,false,acceptance,zswap_memo_statement,356,12,14,7,,,,,,100,15150.0,133320.44876375972,358.4574739468296,132657.34660455727,134063.95965290134,132142.28583333333,2156.022505079583,3590.367757361319,132436.47067238067,129038.69047619047,151210.84848484848,0.02693036057599352
acceptance-3,false,acceptance,zswap_memo_statement,357,12,14,7,,,,,,100,20200.0,128450.3253932435,128.6880506561973,128198.96876817232,128705.65544469243,128287.10637626263,883.0452177824108,1293.7662787096428,128595.61952859465,122677.08333333333,134541.75,0.010072113673117212
acceptance-3,false,acceptance,zswap_memo_statement,358,12,14,7,,,,,,100,15150.0,136138.4288928095,831.4846457068373,134751.9148482952,137958.6427581776,134402.688172043,2708.379581979253,8360.77914230849,135886.78853849563,129142.375,199498.89333333334,0.06141380659601608
acceptance-3,false,acceptance,zswap_memo_statement,359,12,14,7,,,,,,100,15150.0,140513.42305298726,784.8234879079255,139056.86222344948,142126.68186615309,137659.74208144797,3719.3756089678873,7888.771789751962,136950.86920644302,133812.4214559387,175725.7863247863,0.05614247819425142
acceptance-3,false,acceptance,zswap_memo_statement,360,12,14,7,,,,,,100,15150.0,135801.68315417803,712.7439549968506,134448.66326090807,137244.6096340008,135137.1942661532,7316.603380453402,7154.786809069718,135195.22531500913,127626.98095238095,163393.5185185185,0.052685553248605646
acceptance-3,false,acceptance,zswap_memo_statement,361,12,14,7,,,,,,100,10100.0,277768.9855283753,14496.929945089913,250931.82384939675,307518.8830017892,224562.71559343435,88594.75946228486,145330.0084430853,301071.4283434314,136953.125,920391.6625,0.5232045909180139
acceptance-3,false,acceptance,zswap_memo_statement,362,12,14,7,,,,,,100,15150.0,136289.30593659054,872.6697892022453,134723.45077926468,138130.4266388224,133514.1050925926,3132.807838929597,8738.885671250455,135316.11024875622,129078.71111111112,184070.20606060605,0.06412011280853008
acceptance-3,false,acceptance,zswap_memo_statement,363,12,14,7,,,,,,100,20200.0,129148.35960908732,240.86696854593308,128719.26060694258,129659.00269437254,128676.31140350876,1090.4008827577545,2410.8758115623386,129098.67769173933,124384.25925925926,142766.7336065574,0.018667490774638543
acceptance-3,false,acceptance,zswap_memo_statement,364,12,14,7,,,,,,100,15150.0,143132.4658473141,1083.7250459461713,141152.27680804476,145371.05245230984,140517.06331045006,4737.83599155512,10892.98889115569,143970.05966110044,131062.62146892655,195602.70422535212,0.07610424949134696
acceptance-3,false,acceptance,zswap_memo_statement,365,12,14,7,,,,,,100,15150.0,129026.93883161286,307.92746020977364,128472.48786644923,129676.7399039185,128546.4115460157,1269.0410647078672,3109.5258647188693,129413.23644352495,122625.0,148847.16666666666,0.024099818943832875
acceptance-3,false,acceptance,zswap_memo_statement,366,12,14,7,,,,,,100,15150.0,134267.7832830156,662.9267262717359,133132.85163534508,135704.28773752184,132467.08532812246,1992.2800639961986,6688.658645678278,133962.29936653367,128622.68518518518,176387.384057971,0.049815811970170286
acceptance-3,false,acceptance,zswap_memo_statement,367,12,14,7,,,,,,100,20200.0,129482.46347909713,256.33035894167983,129010.1383230709,130014.69990566728,128943.39881562756,1055.9675242161509,2573.124022416198,129451.32095832718,125163.69285714286,141386.07539682538,0.019872374631114333
acceptance-3,false,acceptance,zswap_memo_statement,368,12,14,7,,,,,,100,15150.0,135449.498322506,482.4058018304925,134552.5762936469,136439.10059264395,134051.71312540612,2731.4042318274246,4852.007755100852,134472.6205132752,129361.11111111111,155254.01754385966,0.035821526215979
acceptance-3,false,acceptance,zswap_memo_statement,369,12,14,7,,,,,,100,10100.0,290787.4968162724,16662.608164237492,259911.53046412318,325059.185883105,228989.77519311797,102072.55210872623,168016.46573497492,273514.5553081129,140527.66666666666,1116945.0,0.5777981088407401
acceptance-3,false,acceptance,zswap_memo_statement,370,12,14,7,,,,,,100,15150.0,132928.6581451727,269.9213310685892,132434.37508136508,133490.55259922598,132454.98611111112,1513.500490308199,2712.214425006736,132691.1326456825,129270.21212121213,149743.33333333334,0.02040353421791635
acceptance-3,false,acceptance,zswap_memo_statement,371,12,14,7,,,,,,100,20200.0,129550.21780051975,248.5966005065388,129098.10097357344,130071.30408908236,129102.90750915752,1305.961127309841,2496.427717134148,129317.08949830057,125400.66964285714,144781.25,0.01926996156022003
acceptance-3,false,acceptance,zswap_memo_statement,372,12,14,7,,,,,,100,20200.0,129141.13037696562,292.7904576446142,128606.17900443508,129749.25378587359,128846.32719298246,946.2440271444702,2951.3843655552564,129112.1506162258,120465.33333333333,145744.7927631579,0.022853945578299527
acceptance-3,false,acceptance,zswap_memo_statement,373,13,15,8,,,,,,100,15150.0,171521.6677124878,4244.621419598433,163711.94003254044,180331.80463663288,153611.1998843262,6504.600611851097,42748.82325831304,174590.83858430618,143986.11111111112,328480.9346405229,0.24923278690346284
acceptance-3,false,acceptance,zswap_memo_statement,374,13,15,8,,,,,,100,15150.0,151294.09013439604,576.1710587673663,150174.41536530762,152431.0122946562,152199.8181216931,4797.991960273142,5802.408375516851,147751.76273582582,139562.97348484848,172746.59064327486,0.03835185082485717
acceptance-3,false,acceptance,zswap_memo_statement,375,13,15,8,,,,,,100,15150.0,150029.76611974,1375.3151992608277,147681.43084864444,153030.2821027223,146715.97879330945,4469.376243379975,13814.281850697265,154362.59153539233,140379.66666666666,254081.26053639848,0.09207694051640374
acceptance-3,false,acceptance,zswap_memo_statement,376,13,15,8,,,,,,100,15150.0,149234.33153083478,1155.3507810392348,147234.3927777467,151734.42570290974,146645.6287037037,4344.686239680079,11633.966224003592,150431.92375745036,141296.21153846153,226342.9623655914,0.07795770654555975
acceptance-3,false,acceptance,zswap_memo_statement,377,13,15,8,,,,,,100,15150.0,140285.09258702327,313.5443518353692,139731.56130013856,140956.59442740818,139590.90400930488,1352.4446143852972,3152.979522244286,139654.49205851927,136134.83146067415,160972.33333333334,0.022475513713535834
acceptance-3,false,acceptance,zswap_memo_statement,378,13,15,8,,,,,,100,15150.0,144276.6410250313,823.837752737802,143151.6572004739,146145.925703535,143148.43267214968,1964.6197623072558,8264.46869392793,145394.72873848578,138864.87878787878,222935.1851851852,0.05728209802509947
acceptance-3,false,acceptance,zswap_memo_statement,379,13,15,8,,,,,,100,15150.0,139450.80992233835,321.97261519029917,138874.7239482913,140132.74165981932,139234.56405021175,1600.7419486412866,3228.817161243871,139193.46652283138,134713.88333333333,160180.5619047619,0.023153807159972995
acceptance-3,false,acceptance,zswap_memo_statement,380,13,15,8,,,,,,100,15150.0,142663.08848243149,528.2693226828,141796.91059544287,143843.0951308917,141554.14166666666,1529.108179550025,5288.189007147242,143567.45681000935,137687.5,185532.56704980842,0.037067675061573234
acceptance-3,false,acceptance,zswap_memo_statement,381,13,15,8,,,,,,100,15150.0,139855.14264002413,291.0845641629717,139298.32898169695,140441.97204103594,139470.92797270956,1488.7512251419118,2919.463992454372,140129.74251711738,129652.77777777778,152647.4358974359,0.020874913409289764
acceptance-3,false,acceptance,zswap_memo_statement,382,13,15,8,,,,,,100,15150.0,146158.3739954312,508.4836390386866,145241.94604904423,147234.30962128955,145401.123789229,2226.0825028106233,5127.542970099705,146295.0961814689,137333.33333333334,179438.4880952381,0.03508210190036725
acceptance-3,false,acceptance,zswap_memo_statement,383,13,15,8,,,,,,100,15150.0,157421.20238271906,2471.1886906180794,153171.44268230864,162765.55736572936,149864.67530064756,8326.228576341015,24843.573400491714,154315.04467169105,141529.1182795699,312500.0,0.15781592964899702
acceptance-3,false,acceptance,zswap_memo_statement,384,13,15,8,,,,,,100,15150.0,149047.4282061696,772.9700897795668,147672.9091648905,150701.74463470283,147043.19318181818,2297.01292534262,7789.178372352738,148900.4638303532,139486.11111111112,194615.28333333333,0.05225973011475495
acceptance-3,false,acceptance,zswap_memo_statement,385,13,15,8,,,,,,100,15150.0,144803.48005588705,1868.2796613337773,142577.84750293655,148834.15211039342,142222.4782153729,1372.7135760461229,18808.38691780353,148553.70263632335,138705.6984126984,329354.86333333334,0.12988905315358729
acceptance-3,false,acceptance,zswap_memo_statement,386,13,15,8,,,,,,100,15150.0,147237.46209720467,552.3503350331155,146191.0812684089,148353.4103602927,145544.24211735977,4195.635139485385,5546.606054366937,147740.74826560268,140627.60416666666,165260.13756613756,0.037671160419113475
acceptance-3,false,acceptance,zswap_memo_statement,387,13,15,8,,,,,,100,15150.0,140057.83402702716,370.62171284811757,139367.36659141464,140823.9164110983,139408.11547619046,1364.1529539153917,3729.27172419236,139953.12364021476,129138.86666666667,157220.40579710144,0.026626655696194167
acceptance-3,false,acceptance,zswap_memo_statement,388,13,15,8,,,,,,100,15150.0,144453.37691260202,360.5686326656904,143785.90618938484,145196.4341988822,143186.31916329285,1740.289808979982,3624.6715383713213,145114.0449751244,140353.46666666667,160437.2759856631,0.025092328167339004
acceptance-3,false,acceptance,zswap_memo_statement,389,13,15,8,,,,,,100,15150.0,140192.94190247133,256.1199949206596,139753.23521427382,140748.9617239754,139670.2603174603,973.8243783645534,2576.125237378558,139896.92415053447,137063.12121212122,159362.10714285713,0.018375570142259393
acceptance-3,false,acceptance,zswap_memo_statement,390,13,15,8,,,,,,100,15150.0,144504.29768941953,231.75695860959988,144059.78924444897,144964.8416324207,144091.8958874459,2167.320806187386,2328.6089816758526,145175.6578907443,140628.07407407407,152052.1530612245,0.016114461776636498
acceptance-3,false,acceptance,zswap_memo_statement,391,13,15,8,,,,,,100,15150.0,145316.58946937043,440.39589565353975,144506.7368383182,146230.37666496774,143863.8229717813,2665.3040208875977,4419.624566793403,144437.66551302891,140756.14102564103,167391.16666666666,0.030413764752750153
acceptance-3,false,acceptance,zswap_memo_statement,392,13,15,8,,,,,,100,15150.0,145945.29580966494,509.67410188102224,145026.44530977544,147021.52286762485,144444.0836956522,3189.035924295369,5127.039566947355,147685.0506832176,140956.48888888888,178420.55666666667,0.03512987204215065
acceptance-3,false,acceptance,zswap_memo_statement,393,13,15,8,,,,,,100,15150.0,148545.99350001267,297.34822331725314,147981.99735336774,149143.66739351943,147755.01300236408,2133.1590969315826,2985.232112768286,148110.95684252007,142875.0,161074.07246376813,0.020096348897946086
acceptance-3,false,acceptance,zswap_memo_statement,394,13,15,8,,,,,,100,10100.0,324698.9775689161,17488.395248220604,292009.0669833549,360428.67125053675,269064.90815412183,134766.41725062052,175512.99643959253,331234.1371449682,149380.87820512822,1107606.6176470588,0.5405406501544667
acceptance-3,false,acceptance,zswap_memo_statement,395,13,15,8,,,,,,100,15150.0,139672.92898982545,317.180037132544,139102.0337444959,140343.23627316736,139131.8484299517,1406.3062660587293,3177.672506731311,139246.33426924783,134666.66666666666,159055.66666666666,0.022750811697825783
acceptance-3,false,acceptance,zswap_memo_statement,396,13,15,8,,,,,,100,15150.0,140118.6282440004,284.6955895794085,139606.79860392888,140713.99062900274,139647.9089569161,1218.0603841734123,2854.79301995898,139886.85315698734,135889.53488372092,153805.66666666666,0.020374114817821996
acceptance-3,false,acceptance,zswap_memo_statement,397,13,15,8,,,,,,100,15150.0,146988.32379688387,645.3037161560129,145878.15310483708,148387.93491287236,145746.5730452675,3119.776583784264,6489.771138642165,145993.44093887002,141057.35802469135,195583.82142857142,0.04415160994427061
acceptance-3,false,acceptance,zswap_memo_statement,398,13,15,8,,,,,,100,15150.0,158560.12253877491,2065.655829516032,154934.69520890515,162982.7042240474,153622.03845416187,6762.905743340236,20696.17922593216,152243.63817151866,144926.66666666666,291456.4888888889,0.1305257519643442
acceptance-3,false,acceptance,zswap_memo_statement,399,13,15,8,,,,,,100,15150.0,145074.18090697986,291.3358321933557,144526.44948505127,145669.61880745876,144532.63984674332,1992.2410273361804,2933.321987371025,145308.4017792227,139484.375,160150.97530864197,0.020219462684761543
acceptance-3,false,acceptance,zswap_memo_statement,400,13,15,8,,,,,,100,15150.0,149984.04293922213,855.1374575220995,148470.7214676078,151812.567433326,147308.01970720722,2914.6951764805403,8626.372493833986,150822.41824737698,139240.04761904763,210841.66666666666,0.057515268456456006
acceptance-3,false,acceptance,zswap_memo_statement,401,13,15,8,,,,,,100,15150.0,148941.845810315,3109.1898291027564,145087.70753986886,155742.9943552534,144394.72547822547,2333.6466732070085,31368.914141520712,148881.17441209793,140591.66666666666,454914.53846153844,0.21061182618530602
acceptance-3,false,acceptance,zswap_memo_statement,402,13,15,8,,,,,,100,15150.0,141224.385673788,324.3173557189925,140626.26891685562,141896.73179523632,140337.0046296296,1613.398766014515,3262.2981109938873,140528.44264716023,138235.25085910654,153666.66666666666,0.023100104811426964
acceptance-3,false,acceptance,zswap_memo_statement,403,13,15,8,,,,,,100,15150.0,140896.23994747957,237.3073130460568,140459.08096486496,141386.92425400685,140508.67399425287,1658.2109892460312,2388.9433855356006,141544.53205359343,137760.5,153305.66666666666,0.01695533810147171
acceptance-3,false,acceptance,zswap_memo_statement,404,14,16,8,,,,,,100,15150.0,145058.51045138092,501.1258189070753,144206.6073204966,146156.6021189945,143996.1291026799,2820.2142650360447,5047.753941116184,146646.76104822423,138850.0,185208.62199312713,0.03479805442237761
acceptance-3,false,acceptance,zswap_memo_statement,405,14,16,8,,,,,,100,15150.0,140087.5338602132,248.61523853023354,139636.51913415085,140607.6944232156,139655.35614968272,1130.2345771403043,2498.827447373038,139779.67637062212,136959.74261603376,153342.0698924731,0.01783761465789312
acceptance-3,false,acceptance,zswap_memo_statement,406,14,16,8,,,,,,100,15150.0,140131.50566754673,325.95498495875023,139540.5400880278,140819.9494449345,139387.94401873136,1129.1171386757153,3283.187495017185,140364.16875030787,135028.44444444444,158377.0325203252,0.02342933146530476
acceptance-3,false,acceptance,zswap_memo_statement,407,14,16,8,,,,,,100,15150.0,139671.46009753077,189.1107243372038,139323.59480765273,140061.8253543218,139543.25255567726,1097.245284156365,1895.9319918661834,139287.00999359638,135979.2490421456,149541.66666666666,0.013574226191537473
acceptance-3,false,acceptance,zswap_memo_statement,408,14,16,8,,,,,,100,15150.0,138912.03309511152,276.87318555758185,138419.2730709583,139500.60001646617,138510.90497076022,1187.1111274074124,2777.6198893451055,138610.7816393281,133349.02898550723,155778.0,0.019995531182264825
acceptance-3,false,acceptance,zswap_memo_statement,409,14,16,8,,,,,,100,15150.0,147381.11058323237,878.560631876918,145842.72586731822,149268.7835145511,145102.7155172414,2409.2578945498635,8834.420450078376,150546.24316733165,140409.89743589744,195515.99326599325,0.0599426915370488
acceptance-3,false,acceptance,zswap_memo_statement,410,14,16,8,,,,,,100,15150.0,140634.1838045709,297.6220250146464,140082.42175400569,141249.94996316222,139499.37742330134,976.264807832402,2984.3193197297783,141026.20888527657,135949.11111111112,155853.7894736842,0.021220440429169554
acceptance-3,false,acceptance,zswap_memo_statement,411,14,16,8,,,,,,100,15150.0,144105.20642625776,273.3721510372941,143590.3332528049,144662.93097976217,143381.2283348122,1891.8088795795297,2752.0908737753953,144225.70566080487,140694.44444444444,157083.33333333334,0.019097789330628445
acceptance-3,false,acceptance,zswap_memo_statement,412,14,16,8,,,,,,100,15150.0,145346.6310294487,392.29742391690235,144600.90143772712,146140.4581285963,144180.97736276174,3004.3468050773463,3934.526814470114,146949.73473917542,138121.14814814815,162012.34567901236,0.02706995536534272
acceptance-3,false,acceptance,zswap_memo_statement,413,14,16,8,,,,,,100,15150.0,140093.01522008068,213.79528868748258,139685.62598125014,140522.44702826705,139607.54826081375,1227.9064120119467,2146.8485756948867,140040.87373232844,135558.26016260163,147452.51351351352,0.015324451203525536
acceptance-3,false,acceptance,zswap_memo_statement,414,14,16,8,,,,,,100,15150.0,141423.94650876487,461.203434182978,140574.04891669858,142384.20472323222,140452.4364530397,2316.9176651165035,4620.625764547252,142980.58401852124,134375.0,162516.20486111112,0.03267215969157589
acceptance-3,false,acceptance,zswap_memo_statement,415,14,16,8,,,,,,100,15150.0,140139.54768467325,259.2767240463681,139674.33097308018,140688.5381841167,139537.55215311004,1209.8375104868167,2607.8993213711033,140194.47190581745,135444.43333333332,154375.0,0.01860930311577082
acceptance-3,false,acceptance,zswap_memo_statement,416,14,16,8,,,,,,100,15150.0,139576.31902271853,258.325962653573,139110.6829354909,140120.4790829127,139069.24019607843,1067.6421100562563,2592.842242634217,139241.80400768435,134891.0701754386,153958.33333333334,0.018576519719023295
acceptance-3,false,acceptance,zswap_memo_statement,417,14,16,8,,,,,,100,15150.0,146927.90815570988,2047.7181519168028,143977.81468994718,151635.3252157955,143602.50833333333,1926.7173432038765,20533.26893132558,144947.42138613862,140380.55,333699.3243243243,0.13975063818076702
acceptance-3,false,acceptance,zswap_memo_statement,418,14,16,8,,,,,,100,15150.0,151827.92084046215,568.6666354561688,150773.7330401937,153010.44091398385,150918.1756206756,3746.7000147327926,5729.460072581732,152093.14610216246,142296.14695340503,184966.49484536084,0.03773653779137329
acceptance-3,false,acceptance,zswap_memo_statement,419,14,16,8,,,,,,100,15150.0,139904.46201255958,327.2586713142134,139315.57890575787,140592.09036555578,139392.32896090535,1372.8620853727812,3305.7608216275808,139983.46026895227,133168.94444444444,158166.66666666666,0.023628701858921512
acceptance-3,false,acceptance,zswap_memo_statement,420,14,16,8,,,,,,100,15150.0,156323.269553091,1307.0068490202366,153946.83068760103,159064.95409971874,152160.56422279056,3593.6101236246836,13090.945215434302,153532.35954780554,144353.26086956522,216718.8087431694,0.08374278028382917
acceptance-3,false,acceptance,zswap_memo_statement,421,14,16,8,,,,,,100,15150.0,139032.4080815185,209.2555867964084,138642.13326689522,139465.54918190945,139118.9166666667,1207.3416611235073,2100.0471706015496,139065.6439574405,134093.42424242425,152180.66666666666,0.015104731332641773
acceptance-3,false,acceptance,zswap_memo_statement,422,14,16,8,,,,,,100,15150.0,154950.0145066032,1906.5662157403501,151739.48269820315,159131.5749769618,151751.2160373589,6603.8489683138005,19131.410290038148,156903.90013102803,139529.41176470587,280550.73148148146,0.12346827040292313
acceptance-3,false,acceptance,zswap_memo_statement,423,14,16,8,,,,,,100,15150.0,140001.83371135633,290.96228458866256,139482.8126644342,140619.39189343178,139631.9342001576,1275.8255612576215,2918.0825110894493,139714.81285749472,135620.83333333334,157597.79166666666,0.020843173505182076
acceptance-3,false,acceptance,zswap_memo_statement,424,14,16,8,,,,,,100,15150.0,146047.40109862006,623.6883982094643,144919.86527439993,147353.0575019198,144496.84829059828,3299.200579742695,6274.187182796271,147471.88369538446,139429.57142857142,182693.9696969697,0.04295993722311813
acceptance-3,false,acceptance,zswap_memo_statement,425,14,16,8,,,,,,100,15150.0,146404.91265036174,637.5208914354862,145262.10755167322,147755.04004072162,144439.5968992248,2184.5273014565196,6399.440135295622,147155.95156691788,140738.70833333334,182971.47297297296,0.043710556015142094
acceptance-3,false,acceptance,zswap_memo_statement,426,14,16,8,,,,,,100,15150.0,139567.27153520947,273.1682749019694,139071.2473692872,140140.35643194924,139039.42056595365,1030.8941771556183,2738.175765885735,139867.251305847,135519.36842105264,153569.66666666666,0.019619039161304797
acceptance-3,false,acceptance,zswap_memo_statement,427,14,16,8,,,,,,100,15150.0,144786.7811530508,542.7511996848759,143875.4862322916,145979.55817775487,143342.316091954,2220.6200746975874,5444.985445243433,145845.4352494951,139152.77777777778,188085.8439716312,0.037606923794290745
acceptance-3,false,acceptance,zswap_memo_statement,428,14,16,8,,,,,,100,15150.0,139565.62681222826,217.58990690553975,139164.642250324,140015.620830086,139201.14514866978,1108.4089345706711,2184.914120964791,139940.18900152703,135525.956284153,150462.7863247863,0.015655101982269437
acceptance-3,false,acceptance,zswap_memo_statement,429,14,16,8,,,,,,100,15150.0,143696.46064377448,663.4059185778864,142564.78416241577,145147.47361432388,142046.98323586746,2725.1967544485165,6679.85720930477,143048.96481454116,138122.48484848486,193162.52836879433,0.04648588545172472
acceptance-3,false,acceptance,zswap_memo_statement,430,14,16,8,,,,,,100,15150.0,140413.46813527684,396.42658147940693,139724.83147959763,141264.91342748734,139514.8799283154,1170.1443902109302,3979.62695786421,140011.20420668932,135097.23333333334,163166.66666666666,0.028342202572976594
acceptance-3,false,acceptance,zswap_memo_statement,431,14,16,8,,,,,,100,15150.0,155134.8846479786,549.3206162756045,154099.49993825564,156250.02052795634,154190.251559662,4631.042179394452,5529.724548151311,153599.6903521994,146432.14930555556,177623.27083333334,0.03564462345589763
acceptance-3,false,acceptance,zswap_memo_statement,432,14,16,8,,,,,,100,15150.0,141663.77347762388,464.4331610544561,140794.12602545798,142610.4436188042,140018.7453386606,2466.94336043029,4663.361275949351,140802.90241071867,134333.33333333334,160387.6811594203,0.03291851657958229
acceptance-3,false,acceptance,zswap_memo_statement,433,14,16,8,,,,,,100,15150.0,145493.29146779663,657.4635761964264,144347.53089674664,146905.87962494252,143890.3094771242,1244.9479190742204,6602.245525706341,144665.62250431013,140094.65432098764,186386.56944444444,0.04537835015690519
acceptance-3,false,acceptance,zswap_memo_statement,434,14,16,8,,,,,,100,15150.0,149295.08555266523,752.814812739975,147884.82375712032,150833.72900679984,147013.2138185654,6503.988714676465,7562.503323477286,151596.06073099846,139135.0909090909,176916.87878787878,0.05065473719702276
acceptance-3,false,acceptance,zswap_memo_statement,435,15,17,9,,,,,,100,15150.0,169441.39709831454,1052.5326032609507,167473.98476993715,171603.4846799037,166541.84027777775,6607.584040465534,10557.731722535696,168945.95369587705,157685.59166666667,211991.22222222222,0.062309045506806174
acceptance-3,false,acceptance,zswap_memo_statement,436,15,17,9,,,,,,100,15150.0,169521.33460339945,1183.3653358235947,167291.780736795,171925.46343425874,165856.75155400156,8935.11961283262,11908.099508982506,176583.27594896802,152097.16666666666,220867.97701149425,0.07024543274651468
acceptance-3,false,acceptance,zswap_memo_statement,437,15,17,9,,,,,,100,15150.0,151952.23291164177,586.9145596208122,151003.64699819701,153277.12290920725,150653.39718451485,1480.7395646290095,5898.732601766512,151985.53012955026,147872.22222222222,201653.47222222222,0.038819650680596104
acceptance-3,false,acceptance,zswap_memo_statement,438,15,17,9,,,,,,100,10100.0,250172.94577135716,10566.332915445726,230118.99780639974,271568.34980077966,210933.3333333333,67841.2050979039,106169.3850292798,296284.1952076252,161550.15740740742,589014.3125,0.4243839584729204
acceptance-3,false,acceptance,zswap_memo_statement,439,15,17,9,,,,,,100,15150.0,150815.89845796544,333.9583083262608,150218.2166708622,151518.2383389326,150075.55460662526,1304.1195516868006,3352.657897832841,151047.8302526969,145226.07407407407,172179.0780141844,0.02223013576229349
acceptance-3,false,acceptance,zswap_memo_statement,440,15,17,9,,,,,,100,15150.0,162135.99943562257,340.4290471385939,161478.4311077917,162807.98929758847,161965.53577441076,3329.5533616208195,3434.1896005658805,161689.89242795922,155108.24137931035,171465.1056910569,0.021180919798933696
acceptance-3,false,acceptance,zswap_memo_statement,441,15,17,9,,,,,,100,15150.0,152367.45060580858,517.4693843905142,151471.22744360042,153496.04549091347,151026.32102747908,1843.8320787916625,5189.3868112196005,151314.69434215064,140465.33333333334,191614.3725490196,0.034058368703989914
acceptance-3,false,acceptance,zswap_memo_statement,442,15,17,9,,,,,,100,15150.0,160039.14176753975,1457.9726259591146,157404.64291016143,163096.91027745797,154279.59555738003,3748.703683324855,14624.64696144667,154952.2239653219,148765.85714285713,242513.068627451,0.09138168825404774
acceptance-3,false,acceptance,zswap_memo_statement,443,15,17,9,,,,,,100,15150.0,158161.45388997198,644.6241435542294,157000.68887643202,159512.45650444174,156462.15291908913,3077.5855326950127,6480.611333679493,158136.02116743018,150952.0303030303,194328.88888888888,0.040974657062699066
acceptance-3,false,acceptance,zswap_memo_statement,444,15,17,9,,,,,,100,15150.0,162676.77219307105,861.2581208879867,161043.56191780488,164415.54753959228,161236.97916666666,7832.020543118891,8654.386174060824,159970.1407664647,151513.55421686746,191573.27210884355,0.053199888695784216
acceptance-3,false,acceptance,zswap_memo_statement,445,15,17,9,,,,,,100,15150.0,149964.5987566553,240.8451878747653,149517.86379683603,150464.05251311426,149784.6005084929,1106.2103491347857,2430.6989669388518,150441.27471848676,142804.16666666666,161375.0,0.016208485116431384
acceptance-3,false,acceptance,zswap_memo_statement,446,15,17,9,,,,,,100,15150.0,160584.40736496853,695.7408527877378,159267.84063048958,161995.02854241664,158989.4197530864,6071.296308343213,7006.3871145840085,162573.60589232057,151302.08333333334,188689.8,0.04363055684889896
acceptance-3,false,acceptance,zswap_memo_statement,447,15,17,9,,,,,,100,15150.0,160793.18976291295,611.8117900306512,159756.86172186575,162131.65494258553,159692.51704980843,2417.1622797534587,6127.00652711814,160734.44389044875,152798.66666666666,206597.20833333334,0.03810488824901301
acceptance-3,false,acceptance,zswap_memo_statement,448,15,17,9,,,,,,100,10100.0,158593.56443184832,327.1239166605512,158023.96780317463,159299.075232358,158188.58094965675,2071.813059167049,3284.5942211733372,159444.6876222846,153778.4516129032,182386.86805555556,0.020710766120555987
acceptance-3,false,acceptance,zswap_memo_statement,449,15,17,9,,,,,,100,15150.0,152474.66551106772,393.89084114873873,151735.65169826706,153274.03800589463,150977.02396514162,2048.720096467462,3951.775847502348,153849.04082754545,144368.05555555556,166567.01030927835,0.025917589878008285
acceptance-3,false,acceptance,zswap_memo_statement,450,15,17,9,,,,,,100,15150.0,154839.11559361033,295.67235484586854,154287.12752475953,155449.5915463461,154043.7590909091,1541.0429316924024,2969.2816849380342,155182.96229840894,150420.35555555555,167472.25,0.01917656060973114
acceptance-3,false,acceptance,zswap_memo_statement,451,15,17,9,,,,,,100,15150.0,150609.49954157253,229.0922356841504,150181.20336406218,151077.8633156571,150188.63969938108,1452.9850607328713,2299.4820991070956,150436.62556031722,146882.88288288287,162569.33333333334,0.015267842374526799
acceptance-3,false,acceptance,zswap_memo_statement,452,15,17,9,,,,,,100,15150.0,156393.61911193246,458.1729989244619,155571.31207067476,157366.03093159408,154902.6612794613,1745.4269749489247,4607.244070529708,156279.23180335943,152072.07207207207,184581.30555555556,0.02945928418749781
acceptance-3,false,acceptance,zswap_memo_statement,453,15,17,9,,,,,,100,15150.0,151352.20445705968,495.4794958118502,150560.91782892172,152468.83614866275,150733.6067444219,1446.5645576516906,4967.8059089714525,151302.18522437318,146139.88095238095,193306.72222222222,0.03282281831832106
acceptance-3,false,acceptance,zswap_memo_statement,454,15,17,9,,,,,,100,15150.0,159822.39257136916,899.2692168856406,158212.2566032586,161717.47855734287,156370.86528822058,2488.6987053590974,9044.283046471914,157181.15229003498,152191.55555555556,206739.22222222222,0.05658958610842447
acceptance-3,false,acceptance,zswap_memo_statement,455,15,17,9,,,,,,100,15150.0,156136.111921372,377.66089625597414,155422.33712788826,156901.05567470696,155277.5916091954,2946.0732280633165,3797.2333134861456,156681.64315255405,149361.11111111112,170275.39393939395,0.02432001967231245
acceptance-3,false,acceptance,zswap_memo_statement,456,15,17,9,,,,,,100,15150.0,151028.8770541831,348.49437235634866,150398.60129261762,151763.0639773795,150254.82705073495,1676.936451607737,3505.064561103614,151132.97394118516,144819.42857142858,170304.65367965368,0.023207909834661204
acceptance-3,false,acceptance,zswap_memo_statement,457,15,17,9,,,,,,100,15150.0,151091.25700183373,363.1899251882778,150406.2027580196,151832.52118189415,150245.19163059164,1273.5594975136255,3674.2323214962084,151016.61368405496,134986.11111111112,168444.33333333334,0.02431796779248197
acceptance-3,false,acceptance,zswap_memo_statement,458,15,17,9,,,,,,100,15150.0,150427.96728295344,531.913228066863,149509.11247448946,151580.42675168876,149650.2886178862,1262.2060822788699,5342.101671089886,151134.32902517117,135354.16666666666,185763.66666666666,0.03551268934613368
acceptance-3,false,acceptance,zswap_memo_statement,459,15,17,9,,,,,,100,15150.0,174206.34680426217,11351.635392861539,161038.29523553554,198516.02286093868,159126.2618474639,4687.540699835544,114155.02464388438,159386.31928574946,152949.40476190476,1297093.238095238,0.6552862552829299
acceptance-3,false,acceptance,zswap_memo_statement,460,15,17,9,,,,,,100,15150.0,150712.22610908526,249.60272792182838,150273.12328877024,151248.67218147684,150231.02826797386,1225.1729693141242,2495.3153532283527,150041.73317077977,147658.19047619047,166777.66666666666,0.016556821020095924
acceptance-3,false,acceptance,zswap_memo_statement,461,15,17,9,,,,,,100,15150.0,150818.1534436633,258.5659540118198,150343.81021462902,151358.33906312878,150071.77521761393,1232.0878427306184,2600.3898969365405,151425.98341461012,145964.5,165125.0,0.017241889239201513
acceptance-3,false,acceptance,zswap_memo_statement,462,15,17,9,,,,,,100,15150.0,162149.35169155014,2008.2229208285366,159171.96318866475,166750.69404818045,157513.30455153948,4556.4483005526345,20261.053914315384,162198.2717905522,149372.2,347904.7619047619,0.12495303683271661
acceptance-3,false,acceptance,zswap_memo_statement,463,15,17,9,,,,,,100,15150.0,154798.17330778946,241.28678591464637,154332.51453041888,155279.91945812595,154506.87452651514,2044.6695696280526,2432.9656421782506,155209.71751342298,147861.0,163383.7619047619,0.015717017779923785
acceptance-3,false,acceptance,zswap_memo_statement,464,15,17,9,,,,,,100,15150.0,155112.1361632279,247.47749494015306,154653.44710789644,155620.97876135967,154819.25966986944,1826.0162252160192,2489.20427600646,155163.33102211714,150291.66666666666,167023.02631578947,0.016047772518502458
acceptance-3,false,acceptance,zswap_memo_statement,465,15,17,9,,,,,,100,15150.0,150501.21975759757,264.6857792495972,149995.84223339797,151033.4254279897,150344.64424603176,1337.7223385484901,2656.495005912108,150514.17386729718,142219.46666666667,162263.66666666666,0.017650986551409682
acceptance-3,false,acceptance,zswap_memo_statement,466,16,18,9,,,,,,100,15150.0,157919.07229441032,555.5660667834111,156862.77505850946,159039.1752577414,156129.51317162233,4166.367596743677,5573.7193376716195,156820.70818481848,150118.0,174017.83084577115,0.035294782680083576
acceptance-3,false,acceptance,zswap_memo_statement,467,16,18,9,,,,,,100,15150.0,159381.79931958287,720.7894519670355,158087.73617607067,160909.94760807397,157434.31129280722,4495.6844256289005,7239.274897953956,157065.5618678883,152661.9894736842,197771.0864197531,0.04542096355329879
acceptance-3,false,acceptance,zswap_memo_statement,468,16,18,9,,,,,,100,15150.0,163529.12919122528,824.8624948123448,162015.86134585037,165240.94888393817,161002.03472222222,4333.650130463686,8289.786046594516,165929.8633013152,154879.24074074073,200325.0,0.05069302385204246
acceptance-3,false,acceptance,zswap_memo_statement,469,16,18,9,,,,,,100,15150.0,151733.8491015231,391.7906762943072,151070.8969776274,152593.6943633682,150739.51832907076,945.5800178929087,3949.05838396461,150908.714805182,148810.89743589744,180977.13725490196,0.026026218983757194
acceptance-3,false,acceptance,zswap_memo_statement,470,16,18,9,,,,,,100,15150.0,161503.53227495466,1258.4399354692025,159333.9321136399,164237.29741290346,159380.14871723883,7516.680872587677,12669.725582494657,167108.11622678686,148887.72222222222,257333.04810996563,0.07844859740234567
acceptance-3,false,acceptance,zswap_memo_statement,471,16,18,9,,,,,,100,15150.0,150510.8025137931,216.68014272627752,150102.9544322184,150952.1332512828,150268.19821428572,1124.1144077456809,2183.0079020459034,150748.1491926506,146664.19892473117,160958.33333333334,0.014503994833499397
acceptance-3,false,acceptance,zswap_memo_statement,472,16,18,9,,,,,,100,15150.0,156030.31407402415,608.2575758382151,154972.99642066704,157341.56191868905,154322.1,2776.4259360709275,6139.818619038471,157733.33715186443,150486.08333333334,199528.29218106996,0.039350165097569494
acceptance-3,false,acceptance,zswap_memo_statement,473,16,18,9,,,,,,100,15150.0,174029.68536832437,5324.55456348139,165293.25202473238,185797.22012901303,159586.966553288,6758.384437050907,53397.43397747121,160715.3073484065,152653.7568627451,599281.25,0.30682945765521813
acceptance-3,false,acceptance,zswap_memo_statement,474,16,18,9,,,,,,100,15150.0,160991.8538588396,1126.9472904909346,158940.1381956238,163348.567729843,157446.53268921096,4272.128656711173,11327.032689424947,167663.873308704,149357.4,213035.394265233,0.07035780021116274
acceptance-3,false,acceptance,zswap_memo_statement,475,16,18,9,,,,,,100,15150.0,154722.0342848931,585.6723874864199,153659.91763924915,155950.48311362122,152980.90239605354,2815.7934060096563,5897.497885997402,154873.13086744494,147565.28333333333,186053.2077922078,0.038116729225122575
acceptance-3,false,acceptance,zswap_memo_statement,476,16,18,9,,,,,,100,15150.0,162571.48365765947,1203.7866582508268,160372.1997838945,165070.427344297,158588.90432098764,5520.604401481432,12114.551936397445,160587.54374956898,151187.5,227106.4814814815,0.07451830827790243
acceptance-3,false,acceptance,zswap_memo_statement,477,16,18,9,,,,,,100,15150.0,159427.68501190312,853.0311836412985,158118.8396145964,161375.94890565277,158568.1509469697,3391.8910973109596,8571.518569800919,156796.47437072065,150471.15384615384,236469.45333333334,0.053764304293579604
acceptance-3,false,acceptance,zswap_memo_statement,478,16,18,9,,,,,,100,15150.0,150840.05162023078,690.6774141442345,149761.12717147465,152407.53233319876,149856.65486633248,1395.1523070732192,6932.435583648122,151820.84161568395,142702.38095238095,211037.62447257384,0.04595885183798451
acceptance-3,false,acceptance,zswap_memo_statement,479,16,18,9,,,,,,100,15150.0,150604.41653438043,287.7882783133546,150083.33286912474,151207.11550429292,150262.52177700348,1280.563598893552,2892.9717738041413,150114.01005270676,144785.17777777778,167108.73983739837,0.01920907660197153
acceptance-3,false,acceptance,zswap_memo_statement,480,16,18,9,,,,,,100,15150.0,158856.22513721877,798.6403990750176,157320.1118856837,160446.86459957768,158100.30135004822,8894.86158047922,8005.346296706654,160072.74719668983,148180.55555555556,183983.7962962963,0.05039365810053524
acceptance-3,false,acceptance,zswap_memo_statement,481,16,18,9,,,,,,100,15150.0,164585.2128942886,3613.1696674633977,158992.45340519428,172807.23277943258,155336.14037735848,3472.93378375436,36194.03829153163,175749.1367755283,150888.25757575757,483603.0982905983,0.21991063264461488
acceptance-3,false,acceptance,zswap_memo_statement,482,16,18,9,,,,,,100,15150.0,157961.6029942925,475.27668071529604,157101.8014545203,158964.07283312804,156833.4298639858,2927.3880855602533,4761.613433812308,157537.00468646866,151190.47619047618,188376.2626262626,0.03014411947936712
acceptance-3,false,acceptance,zswap_memo_statement,483,16,18,9,,,,,,100,15150.0,158885.6335930963,457.2940312866723,157997.0673726155,159790.59396165118,158075.1722222222,4347.752994692312,4599.46769172985,161210.40117531156,148014.0,174037.87878787878,0.028948291848141645
acceptance-3,false,acceptance,zswap_memo_statement,484,16,18,9,,,,,,100,15150.0,163564.57658650063,764.1928842001572,162178.32143223472,165175.59615536433,162886.9883357383,6100.970632696172,7648.205687127658,161569.50551401408,154396.18333333332,213135.2,0.04675954810473849
acceptance-3,false,acceptance,zswap_memo_statement,485,16,18,9,,,,,,100,15150.0,155266.13131822937,288.0343521484129,154722.16040442095,155849.32551426446,154498.89015151514,2198.436289079982,2897.2591557360433,155455.31941086645,151199.0,165728.77777777778,0.01865995585217421
acceptance-3,false,acceptance,zswap_memo_statement,486,16,18,9,,,,,,100,15150.0,154703.87547675084,217.47969725874444,154284.4526596733,155138.19298613942,154351.6341845878,1851.7638692479811,2198.66111807931,154729.7670508842,149706.0,160958.33333333334,0.014212062311326705
acceptance-3,false,acceptance,zswap_memo_statement,487,16,18,9,,,,,,100,15150.0,158007.63672009818,474.6643583183932,157114.4271284277,158970.7478729317,156623.43378052977,3656.094704916373,4766.415485041879,158001.35426136645,152486.12280701756,176308.1984126984,0.030165728593772475
acceptance-3,false,acceptance,zswap_memo_statement,488,16,18,9,,,,,,100,15150.0,157626.1572797577,1520.473501458026,155618.88396697663,161061.80730270903,155473.01257459505,2139.5677221879682,15269.146828298353,156347.18846066695,150339.7435897436,304244.36936936935,0.09686937175787647
acceptance-3,false,acceptance,zswap_memo_statement,489,16,18,9,,,,,,100,15150.0,151553.3134271425,306.72088381775023,150977.4304667493,152180.47737415248,151189.58410636982,2227.757028431531,3085.2295823293684,151557.17550366977,144819.45098039217,165902.66666666666,0.02035738785620518
acceptance-3,false,acceptance,zswap_memo_statement,490,16,18,9,,,,,,100,15150.0,150487.11847961863,265.535013964213,150001.97874908472,151043.5148952296,150082.01661542966,1418.895611606884,2673.6015196368057,150309.792802325,144783.95061728396,165954.19858156028,0.017766314795900007
acceptance-3,false,acceptance,zswap_memo_statement,491,16,18,9,,,,,,100,15150.0,150484.09560404543,249.03980975155395,150033.05892535154,151008.8377184039,150041.33760683762,1211.0101315405864,2508.334048935487,150804.97465050983,144922.9797979798,167347.0,0.016668432892306632
acceptance-3,false,acceptance,zswap_memo_statement,492,16,18,9,,,,,,100,15150.0,151517.51937325945,317.66281600985184,150946.28323612813,152186.45481779426,150811.23434526898,1438.5344022673512,3188.626161861045,151697.24734446578,148779.7619047619,168070.41666666666,0.021044603786087256
acceptance-3,false,acceptance,zswap_memo_statement,493,16,18,9,,,,,,100,15150.0,168943.53838776733,1569.6515635329695,166093.32518869263,172228.02353874533,163834.27777777775,3757.0631617797962,15758.291103500318,162916.63013743167,157543.89711934156,241222.33333333334,0.09327548868623274
acceptance-3,false,acceptance,zswap_memo_statement,494,16,18,9,,,,,,100,15150.0,161723.65719440923,684.5600608753061,160436.84728331983,163117.10622733584,159299.46095571097,3992.3354748794704,6865.076627393899,159100.55921284665,153462.77666666667,191950.19540229885,0.04244942729152692
acceptance-3,false,acceptance,zswap_memo_statement,495,16,18,9,,,,,,100,15150.0,154931.32952749956,255.54838362369082,154456.59647052884,155457.170392109,154374.82895457034,1540.466599301882,2573.1157588555648,154826.5027762179,151154.33333333334,168930.33333333334,0.01660810480812952
acceptance-3,false,acceptance,zswap_memo_statement,496,16,18,9,,,,,,100,15150.0,160212.9198777427,2108.393066305714,156938.02378630123,165006.32292854614,155005.16676424668,2966.475907713582,21183.063105481313,161526.0450963007,148579.91666666666,346040.97222222225,0.1322181951470952
acceptance-3,false,acceptance,zswap_memo_statement,497,17,19,10,,,,,,100,15150.0,171601.71909723055,739.8117301272176,170243.97922198114,173137.96587865392,169528.3682170543,4476.3891246029825,7442.199058724842,168607.2236057337,164537.87878787878,210889.32291666666,0.04336902391116518
acceptance-3,false,acceptance,zswap_memo_statement,498,17,19,10,,,,,,100,15150.0,163342.62591597953,300.469636238901,162774.6552615307,163950.33419006117,162589.9612627516,2441.3624737821656,3007.456433923656,163332.9917018866,159060.19444444444,173961.80555555556,0.018411951057225175
acceptance-3,false,acceptance,zswap_memo_statement,499,17,19,10,,,,,,100,15150.0,173931.10382696104,361.45914287766095,173229.09471166704,174641.65859123415,173590.5101787102,3744.3817459015368,3633.0137828463357,173161.76987439042,166944.44444444444,182124.5287356322,0.020887660130419886
acceptance-3,false,acceptance,zswap_memo_statement,500,17,19,10,,,,,,100,15150.0,166870.92457001438,456.03004736932456,166062.30615459342,167848.29333540125,166439.87738095236,2304.512493206001,4573.1482215008855,165362.079721196,161498.7373737374,198077.48245614034,0.02740530283082431
acceptance-3,false,acceptance,zswap_memo_statement,501,17,19,10,,,,,,100,15150.0,179173.21070918377,1554.2976925471953,176337.27706395017,182417.04527173698,173176.1893939394,4621.891630399232,15643.378964353742,183400.17791241812,166414.21568627452,260452.818627451,0.08730869365144395
acceptance-3,false,acceptance,zswap_memo_statement,502,17,19,10,,,,,,100,15150.0,170246.59271653465,814.8457775905076,168749.47458381846,171940.85447531912,167789.993485136,3605.236212540745,8184.605900928141,169167.5753519531,160998.92307692306,206242.4954954955,0.04807500561585828
acceptance-3,false,acceptance,zswap_memo_statement,503,17,19,10,,,,,,100,15150.0,161286.40883630532,377.0862560720359,160596.63961896062,162079.67279343496,160722.94668033838,1626.3850772909989,3810.6183630887126,160758.0164819467,150416.66666666666,185767.375,0.02362640715099702
acceptance-3,false,acceptance,zswap_memo_statement,504,17,19,10,,,,,,100,15150.0,174626.32313116654,1183.765142562427,172432.67589717725,177059.9968078697,170726.1085890878,7142.513339334269,11901.690776354188,168602.87764937687,162394.44444444444,226055.66666666666,0.06815519311721696
acceptance-3,false,acceptance,zswap_memo_statement,505,17,19,10,,,,,,100,15150.0,166850.9047685261,405.7502827859433,166098.49418448724,167687.69763650562,165762.9799046055,1878.132839658175,4071.3070234987135,166442.8764711098,162418.98484848486,182461.1794871795,0.024400868722569278
acceptance-3,false,acceptance,zswap_memo_statement,506,17,19,10,,,,,,100,15150.0,179837.6180674942,1427.8827345758825,177141.42986514422,182726.55177419476,174771.5779033688,10042.870568606428,14388.822169305313,182844.13812324515,161573.42857142858,233282.36,0.0800100797815566
acceptance-3,false,acceptance,zswap_memo_statement,507,17,19,10,,,,,,100,15150.0,162318.73395591447,543.4117629999668,161314.0888397178,163439.1997420673,160564.85267708678,1603.08680778065,5471.300529114683,163550.3674804197,155173.61111111112,183569.66666666666,0.03370714147265762
acceptance-3,false,acceptance,zswap_memo_statement,508,17,19,10,,,,,,100,15150.0,161894.63444497978,323.8932109415202,161305.5885835575,162573.65526210025,161250.29406130267,1197.7466287357333,3242.364532704086,161740.4863317078,155955.56,178295.67307692306,0.020027621939540004
acceptance-3,false,acceptance,zswap_memo_statement,509,17,19,10,,,,,,100,15150.0,168356.6457087434,576.299047789476,167293.45836144898,169555.22295515827,166842.06818181818,2937.2140008843326,5810.107588671339,167831.34106201664,156590.33333333334,195099.19047619047,0.0345107112594938
acceptance-3,false,acceptance,zswap_memo_statement,510,17,19,10,,,,,,100,15150.0,169577.46103554036,527.1480899255157,168592.54335700063,170652.7428959213,168104.2882644044,3664.7662820015166,5295.311481562698,169289.8626225309,162025.16666666666,190604.74305555556,0.031226505275090164
acceptance-3,false,acceptance,zswap_memo_statement,511,17,19,10,,,,,,100,15150.0,162585.82858682433,576.2545016884633,161537.6416199658,163789.4460780204,161171.24010564043,1499.27395628277,5807.757228037072,161302.81744347568,148772.2,195337.58974358975,0.035721177414522354
acceptance-3,false,acceptance,zswap_memo_statement,512,17,19,10,,,,,,100,10100.0,337022.70544567285,16785.726840997057,305751.90770696796,371334.9353181262,279093.8040540541,92219.6174621998,168403.04882682022,371608.94387616374,175371.26785714287,945276.1857142857,0.49967864510531124
acceptance-3,false,acceptance,zswap_memo_validation,0,,,,0,1,,,,100,900.0,2492662.5,20107.576838328237,2454953.647222223,2533911.7907777783,2411078.722222222,84363.97446890641,202357.68533744945,,2298703.6666666665,3195055.5555555555,0.08118134137190633
acceptance-3,false,acceptance,zswap_memo_validation,0,,,,0,2,,,,100,400.0,6668589.9,114670.18620423906,6453398.9876875,6902673.958249999,6240739.625,508354.24962490797,1149474.3956423115,,4904927.0,11823114.5,0.17237143277356304
acceptance-3,false,acceptance,zswap_memo_validation,1,,,,1,0,,,,100,800.0,2578629.10875,30896.31166719077,2522421.6026875,2643167.836,2470786.4375,61829.0520273149,310535.0351204423,,2367729.125,3934567.625,0.12042640566908643
acceptance-3,false,acceptance,zswap_memo_validation,512,,,,1,0,,,,100,700.0,2753035.9528571423,29803.233759519586,2699880.964321427,2815869.068607142,2659208.3571428573,90275.19469729486,299263.25055582717,,2551577.285714286,4435851.142857143,0.10870299396026675
acceptance-3,false,acceptance,zswap_memo_validation,512,,,,2,0,,,,100,400.0,6444618.24,103774.53334162798,6243572.7849375,6650257.6833125,6236052.125,1142242.833571136,1046232.2264284882,,5017614.5,9358531.25,0.16234200187915057
